Peak,Energy,FWHM,RiseTime,Centroid,label
0.43152195,0.16590926,1.0,0.4,0.5032801,0
0.59685713,0.28594634,1.0,0.32278833,0.52305734,0
0.3,0.11321134,0.9052383,0.14591785,0.5510033,0
0.3173156,0.1,0.6197519,0.05,0.5508498,0
0.4298544,0.15382838,1.0,0.27898735,0.4872426,0
0.87939733,0.5121934,0.91509765,0.3873782,0.45415238,0
0.72874165,0.2906328,0.7838471,0.3304013,0.5484148,0
0.40852576,0.1271433,0.9628082,0.21024194,0.5993545,0
0.60271746,0.20204724,0.9599163,0.4,0.53688425,0
0.49101073,0.21236663,0.8904714,0.4,0.5779747,0
0.3,0.1,0.9988112,0.3384169,0.52845484,0
0.3,0.1,1.0,0.2358978,0.49764022,0
0.3,0.1,0.86050385,0.17253232,0.5935358,0
0.43224826,0.12281729,1.0,0.27966717,0.5324693,0
0.48163867,0.25375396,1.0,0.073876716,0.49110597,0
0.3,0.1,1.0,0.4,0.5005066,0
0.66269636,0.33430052,0.9685908,0.25179747,0.59565514,0
0.457424,0.15152627,1.0,0.33268625,0.48715952,0
0.41724843,0.18116184,0.9382218,0.05,0.4861414,0
0.3843585,0.154795,0.9951326,0.38053194,0.49870682,0
0.7677953,0.33529836,0.68134004,0.4,0.5256973,0
0.4122434,0.14869824,0.9075363,0.4,0.5068243,0
0.4136554,0.14974205,1.0,0.4,0.59808826,0
0.59358007,0.2859723,0.93625206,0.35158813,0.55417097,0
0.44985855,0.27301562,1.0,0.25234994,0.46672854,0
0.6064334,0.29233447,0.93721765,0.2446338,0.45376524,0
0.46739823,0.21488315,1.0,0.36558834,0.59148204,0
0.4632511,0.1480658,0.7811724,0.19993861,0.47195545,0
0.690113,0.28813684,0.88912886,0.17001346,0.4502202,0
0.43766695,0.30308977,0.85647494,0.31295618,0.5267652,0
0.3,0.1,0.9386519,0.25658193,0.55088073,0
0.3,0.1,1.0,0.4,0.47463846,0
0.46132657,0.16073981,0.8245605,0.12638937,0.54894215,0
0.3,0.1,0.71244234,0.18251276,0.5033646,0
0.5997111,0.24981415,0.93091327,0.32394665,0.5372261,0
0.5056373,0.20027295,1.0,0.1794105,0.564078,0
0.38784876,0.10832255,1.0,0.26046947,0.5602207,0
0.319219,0.1,0.70636094,0.12803489,0.5154708,0
0.4354104,0.1,0.5882024,0.19636486,0.53736895,0
0.5683875,0.1887987,0.8279498,0.4,0.55387104,0
0.6215208,0.33122984,1.0,0.4,0.5912846,0
0.3,0.1,0.71117216,0.28612885,0.53765196,0
0.83030814,0.48561686,0.8230072,0.4,0.60477585,0
0.3209632,0.1,1.0,0.2898006,0.5014489,0
0.3,0.10833919,0.86907434,0.19969384,0.5726874,0
0.760441,0.39082122,0.9148331,0.4,0.5524572,0
0.6932643,0.35275424,0.95693886,0.4,0.621508,0
0.6372674,0.3371585,1.0,0.4,0.523453,0
0.3148899,0.1,0.8934892,0.4,0.47159022,0
0.6638641,0.28796622,0.58960915,0.06736459,0.5476539,0
0.4280516,0.17162943,0.8992178,0.4,0.5069106,0
0.3,0.1,0.9847804,0.4,0.5602165,0
0.3156999,0.1,0.4089406,0.20897174,0.4762748,0
0.3,0.1,1.0,0.4,0.52345777,0
0.6304278,0.31350642,0.8825673,0.4,0.5278303,0
0.6847228,0.24808995,0.62148005,0.06129957,0.55494106,0
0.3,0.1,0.83681047,0.21046294,0.56684154,0
0.41871443,0.22059424,1.0,0.15791027,0.5162076,0
0.5289193,0.25748017,1.0,0.4,0.51580536,0
0.3,0.1,0.94888836,0.4,0.5149523,0
0.63741255,0.2476437,0.9009179,0.4,0.55366963,0
0.3,0.1,0.52475125,0.4,0.55116194,0
0.3,0.1,0.9115237,0.3524599,0.5098665,0
0.3,0.13002048,1.0,0.3777544,0.5209248,0
0.37558347,0.1,0.76558316,0.3189519,0.5647797,0
0.3,0.1,1.0,0.293612,0.50571615,0
0.6911997,0.19869058,0.7800778,0.4,0.48917934,0
0.45037782,0.2274509,1.0,0.05,0.54738903,0
0.3,0.1,0.6811269,0.056602582,0.49880502,0
0.5186581,0.20958607,0.98699766,0.26093212,0.53431565,0
0.3,0.1,0.67563075,0.1995524,0.52462727,0
0.7561545,0.29369712,0.63807046,0.05,0.45680466,0
0.3,0.1,0.8344739,0.4,0.5347886,0
0.3608978,0.162039,0.8649721,0.4,0.56911045,0
0.48830545,0.1,0.93997157,0.4,0.47097427,0
0.3,0.1,0.745665,0.29618487,0.4834985,0
0.3,0.15298228,0.8342102,0.4,0.50080675,0
0.50055,0.18185404,0.90843123,0.3448623,0.49688947,0
0.3,0.1,1.0,0.27978364,0.49593276,0
0.6580507,0.44998968,1.0,0.09077993,0.5137957,0
0.3,0.1,0.9395858,0.26079768,0.57397586,0
0.3,0.1,1.0,0.3696966,0.5345586,0
0.42103758,0.14083007,0.90623045,0.22269145,0.48846865,0
0.3,0.1,1.0,0.39363694,0.53856945,0
0.44642225,0.15511562,1.0,0.4,0.54942155,0
0.30407313,0.12778167,0.8411467,0.24458691,0.52028114,0
0.5166411,0.20571582,0.80703896,0.27310556,0.5341251,0
0.42830753,0.14289233,0.87582636,0.07304035,0.5211712,0
0.629831,0.38782,1.0,0.38143566,0.54575586,0
0.3,0.1,0.77670336,0.23614526,0.490585,0
0.60918456,0.3896338,1.0,0.2415763,0.4699636,0
0.449532,0.1213092,0.97431576,0.4,0.52148217,0
0.34636495,0.17660108,1.0,0.19570147,0.52194494,0
0.4927704,0.14464244,0.74729544,0.4,0.48145226,0
0.3,0.1,0.85821265,0.4,0.5051443,0
0.33154917,0.1,0.77562934,0.36176628,0.5303552,0
0.3421064,0.1,1.0,0.4,0.59271735,0
0.48555952,0.31864995,1.0,0.32280836,0.5202393,0
0.42654428,0.14807278,1.0,0.31558526,0.56105393,0
0.3,0.1,1.0,0.4,0.58788556,0
0.7370874,0.33257845,0.79936665,0.35780615,0.5776747,0
0.7953819,0.5506167,1.0,0.361887,0.5249738,0
0.3217879,0.1,0.7630733,0.24793649,0.5808838,0
0.6168262,0.3044887,0.92376536,0.34211668,0.5637157,0
0.5611698,0.22127227,0.80105186,0.20754468,0.5740807,0
0.36444032,0.1,0.86531466,0.24437441,0.5302911,0
0.4088121,0.13887471,1.0,0.3564136,0.5789425,0
0.6638248,0.46308652,1.0,0.30465162,0.54672575,0
0.3,0.1,0.7174207,0.27711293,0.56656945,0
0.61320966,0.17205577,0.77997124,0.186081,0.5078938,0
0.6993654,0.40005055,0.9618392,0.3744918,0.49553216,0
0.3219883,0.12388129,0.9086247,0.32411838,0.5945202,0
0.7443285,0.33753738,0.97703177,0.2730208,0.5153042,0
0.60867053,0.20325892,0.7922679,0.3882771,0.5494422,0
0.6691745,0.2810329,0.8193901,0.327269,0.6119608,0
0.43113503,0.1,0.7364327,0.3043607,0.5507946,0
0.3,0.1,1.0,0.4,0.5707097,0
0.37471113,0.1,0.82016206,0.4,0.57275385,0
0.3,0.1,1.0,0.4,0.5369806,0
0.3,0.1,1.0,0.28562805,0.585114,0
0.5827579,0.43571553,0.9602711,0.24917608,0.5643686,0
0.3,0.14254807,1.0,0.4,0.57148045,0
0.5258778,0.23138936,1.0,0.4,0.56737864,0
0.8550674,0.6005146,1.0,0.4,0.50463957,0
0.34231117,0.1,0.7820759,0.053334147,0.56726795,0
0.51623315,0.18695864,1.0,0.4,0.47141805,0
0.3,0.1,0.97895694,0.17801303,0.5798172,0
0.63770777,0.22436439,0.9006937,0.4,0.5499371,0
0.6368231,0.34610796,1.0,0.4,0.48291886,0
0.3189053,0.1,0.78895974,0.19715896,0.5418637,0
0.3,0.1,0.9246791,0.4,0.52431285,0
0.3619575,0.13181756,0.95459944,0.3310159,0.5758145,0
0.3,0.1,0.88011986,0.34148526,0.55608726,0
0.5587564,0.13451539,1.0,0.23924637,0.51227456,0
0.6601893,0.4561315,1.0,0.28595996,0.5515417,0
0.4735929,0.22730255,1.0,0.26358858,0.5055663,0
0.3,0.1,0.7156319,0.29827824,0.587661,0
0.76881313,0.380307,0.777297,0.20391859,0.5153552,0
0.5458518,0.25228542,1.0,0.2531523,0.5777939,0
0.49628976,0.23968783,0.7533451,0.21364759,0.48605913,0
0.3,0.1,0.9031828,0.23548192,0.4378789,0
0.42734554,0.1,0.7297266,0.07793972,0.522032,0
0.4586832,0.13716201,0.5541694,0.4,0.5680951,0
0.47092023,0.10051469,0.595993,0.4,0.51445585,0
0.56551373,0.16797623,0.7955292,0.31110156,0.5214168,0
0.3,0.1,1.0,0.28621727,0.4924814,0
0.35292307,0.1,0.9468986,0.4,0.5172219,0
0.3,0.1,0.97035074,0.4,0.50564784,0
0.40401646,0.16749723,0.9957017,0.26075453,0.5293424,0
0.3,0.1,0.90666914,0.14422432,0.6022357,0
0.64129114,0.33549738,1.0,0.39180702,0.51659536,0
0.5440884,0.17809726,0.94549596,0.4,0.483393,0
0.6010819,0.28096846,0.9486213,0.4,0.4578556,0
0.4175257,0.25354236,1.0,0.15088744,0.5938193,0
0.5066795,0.17951167,0.86302423,0.34820122,0.5876538,0
0.3500544,0.1,0.9659371,0.16996159,0.5517033,0
0.76416993,0.4863541,0.9658732,0.3784411,0.5899667,0
0.3,0.1,1.0,0.3150602,0.48214024,0
0.3,0.1,1.0,0.4,0.50050974,0
0.42296714,0.14657363,0.7221082,0.4,0.5563034,0
0.4828876,0.14574182,0.76408935,0.35571235,0.5884946,0
0.9192606,0.5794756,0.93600863,0.4,0.6261105,0
0.6593616,0.35731575,0.9419695,0.4,0.52188855,0
0.55769485,0.27276665,1.0,0.35522994,0.598388,0
0.3,0.11403333,1.0,0.089288265,0.5450835,0
0.3,0.1,0.91881025,0.39336303,0.55196804,0
0.3,0.1,1.0,0.4,0.5544582,0
0.604867,0.19434531,0.67030704,0.38575402,0.5209385,0
0.63606733,0.28870788,0.9886476,0.4,0.50049615,0
0.6253336,0.19018595,1.0,0.23296504,0.5452234,0
0.3,0.1,0.54561603,0.3918179,0.580223,0
0.3,0.1,0.7556157,0.21812639,0.5008859,0
0.46552896,0.1,0.8927902,0.066602476,0.5969286,0
0.54292387,0.1,0.74727255,0.3488264,0.5806573,0
0.4905873,0.20160864,0.905163,0.4,0.55072796,0
0.60395724,0.25137684,0.91433084,0.0655265,0.5489551,0
0.61390823,0.1,0.66507846,0.4,0.5707627,0
0.7001675,0.38709965,0.9198161,0.35995176,0.5416068,0
0.60630745,0.1862443,1.0,0.05,0.5168703,0
0.3,0.1,1.0,0.20874292,0.47169456,0
0.3129702,0.1,0.6537524,0.4,0.6186343,0
0.40435418,0.116542205,0.7375293,0.4,0.47391737,0
0.8178367,0.5841243,1.0,0.30233878,0.54254645,0
0.31001112,0.16310728,1.0,0.23186344,0.6086971,0
0.38686797,0.13656838,0.8275623,0.4,0.5273326,0
0.40424237,0.10651374,0.9458916,0.4,0.56432176,0
0.59043103,0.15480626,0.8305175,0.2510072,0.5802017,0
0.38568068,0.1,0.5349928,0.263047,0.5879916,0
0.50542045,0.16805585,0.7417628,0.3209981,0.4201706,0
0.3,0.1,1.0,0.32106677,0.47545442,0
0.46816066,0.1,0.8843998,0.26243442,0.5484308,0
0.68420565,0.32650077,0.8439419,0.4,0.5657627,0
0.5633788,0.20887439,0.8914325,0.4,0.53628445,0
0.40367353,0.20390902,0.8331021,0.19989304,0.49065828,0
0.62175,0.21713753,0.63042545,0.16413943,0.53933764,0
0.6184772,0.2182847,0.6905623,0.20471969,0.5956367,0
0.53111964,0.25523147,0.8647885,0.4,0.56024635,0
0.587124,0.33427212,0.84892035,0.4,0.5806246,0
0.6599066,0.2710809,0.62910604,0.07764656,0.57834613,0
0.30400968,0.1,1.0,0.4,0.5417247,0
0.32800084,0.103473924,1.0,0.28466138,0.52000743,0
0.5797568,0.32040387,1.0,0.4,0.51537,0
0.7919435,0.43533698,0.9397623,0.4,0.5320611,0
0.42755154,0.23275912,1.0,0.23140001,0.5719117,0
0.3,0.1,0.84902483,0.3252715,0.5093983,0
0.6946712,0.23738334,0.6895274,0.4,0.5818154,0
0.3856606,0.1,0.75002295,0.08524924,0.64585966,0
0.3687529,0.1301241,1.0,0.2507546,0.53854936,0
0.3,0.1,0.8337394,0.31871453,0.51571286,0
0.42271712,0.1,0.7199093,0.4,0.52072614,0
0.56916016,0.26705477,0.9164584,0.35118568,0.5813874,0
0.3,0.1,1.0,0.32642624,0.55807245,0
0.6259739,0.33039442,1.0,0.3949016,0.6072185,0
0.3,0.1,0.9266167,0.4,0.51722664,0
0.32187605,0.10046731,1.0,0.30777502,0.5703693,0
0.3,0.1,0.93106014,0.17687853,0.5194742,0
0.3,0.1,0.71293736,0.05,0.51502126,0
0.3,0.1,0.7715238,0.2582236,0.48255578,0
0.37132886,0.12810352,1.0,0.39148605,0.5562758,0
0.3570957,0.1,0.6761703,0.1426802,0.56360334,0
0.37807605,0.1,0.83400714,0.15283343,0.5515504,0
0.47701907,0.1477433,1.0,0.4,0.6303851,0
0.3,0.1,0.8132763,0.4,0.5739412,0
0.5341503,0.17526312,1.0,0.4,0.5501216,0
0.55353266,0.13901512,0.80204487,0.07170818,0.534335,0
0.4051248,0.1,0.78210557,0.29352245,0.5464601,0
0.5524578,0.28295493,1.0,0.4,0.5751877,0
0.42264548,0.13561334,0.6712572,0.14640129,0.5729739,0
0.8000905,0.17748901,0.46258572,0.16362113,0.39397693,0
0.65323514,0.18623485,0.7690699,0.28688583,0.44666278,0
0.6018654,0.26009047,0.91011006,0.19752698,0.5594937,0
0.3,0.1,0.92771095,0.4,0.5976521,0
0.44181308,0.17950706,1.0,0.3370907,0.51978165,0
0.5808068,0.17278636,0.9141117,0.24889453,0.5498468,0
0.63164306,0.17810436,0.72037745,0.18653351,0.49406266,0
0.4311718,0.1,0.8474143,0.35341284,0.5110484,0
0.84409374,0.3862487,0.7425457,0.35648426,0.58790934,0
0.5367534,0.26080963,0.7956191,0.22232977,0.54553396,0
0.3227823,0.1,1.0,0.2933344,0.56015295,0
0.3156345,0.1,0.9113141,0.27155107,0.5135573,0
0.5540302,0.24608167,0.9362427,0.11529115,0.58213514,0
0.6110942,0.29884085,1.0,0.35510266,0.53449947,0
0.56281346,0.29200324,0.9583896,0.34326676,0.5685158,0
0.41541126,0.12293444,0.71138346,0.36747712,0.5392143,0
0.66946566,0.19118972,0.78932047,0.4,0.5217564,0
0.3,0.1,0.9302146,0.33799347,0.5740565,0
0.33186382,0.1,0.64859957,0.37599182,0.49427325,0
0.4825309,0.20549916,1.0,0.3281183,0.5927538,0
0.6209447,0.30522218,0.78062254,0.07789293,0.5953388,0
0.54356796,0.23569915,0.70431167,0.2642225,0.51523834,0
0.3,0.1,0.9441921,0.4,0.5127573,0
0.67220503,0.4143694,1.0,0.25379598,0.503665,0
0.75543714,0.5047466,1.0,0.27385643,0.53351104,0
0.80715483,0.63582313,1.0,0.27404508,0.55797094,0
0.5196172,0.28059337,0.9470015,0.4,0.5532512,0
0.8812893,0.530489,0.84729195,0.22341946,0.51187205,0
0.580518,0.19152297,0.89950085,0.08401642,0.4529661,0
0.52492654,0.13966933,0.975882,0.084824115,0.56891733,0
0.46506283,0.19891985,1.0,0.35363096,0.5538825,0
0.30951515,0.1,0.7487987,0.2124757,0.5922479,0
0.39388272,0.1,0.81270254,0.2768498,0.5779196,0
0.46596858,0.14473733,1.0,0.4,0.4999097,0
0.3761029,0.1,1.0,0.4,0.5343068,0
0.45406786,0.20708558,1.0,0.21470205,0.5369051,0
0.3,0.1,1.0,0.4,0.4815631,0
0.6517076,0.4051354,1.0,0.4,0.5437319,0
0.3,0.1,0.54271775,0.4,0.5637042,0
0.48900717,0.23193836,1.0,0.39017844,0.58410585,0
0.47422114,0.22765963,0.7547265,0.35166952,0.55156815,0
0.42841986,0.12444338,1.0,0.35180366,0.48234436,0
0.32709733,0.1,0.7351007,0.4,0.5680483,0
0.6224963,0.36695015,0.97707343,0.053509023,0.5738357,0
0.5620087,0.2385315,1.0,0.4,0.57044876,0
0.6083679,0.3242405,1.0,0.4,0.47979915,0
0.31728542,0.1,0.6761509,0.37729746,0.5336343,0
0.6654481,0.2909218,1.0,0.4,0.5554135,0
0.3,0.1,1.0,0.37974337,0.5919849,0
0.503823,0.20074353,0.76782805,0.21407299,0.50327283,0
0.3,0.1,1.0,0.38343784,0.5512666,0
0.598305,0.29850647,0.98793685,0.4,0.64862496,0
0.3,0.1,0.8147344,0.20275398,0.57810533,0
0.66397065,0.3180033,0.8656893,0.28411865,0.5560383,0
0.3,0.1,1.0,0.30276796,0.5765415,0
0.3,0.1,0.70702666,0.22150226,0.55926305,0
0.40156436,0.13566417,0.6704471,0.4,0.5484559,0
0.47045133,0.1,0.9937975,0.3777352,0.5151672,0
0.7212648,0.32349974,0.7270698,0.28221777,0.48349586,0
0.47640696,0.33738792,1.0,0.4,0.58720315,0
0.57309294,0.20579436,1.0,0.27110475,0.53984296,0
0.3,0.1,1.0,0.05,0.5172851,0
0.3771538,0.105877556,1.0,0.07194796,0.5466063,0
0.3,0.1,0.944241,0.3021423,0.54798424,0
0.40504408,0.1,0.7572106,0.4,0.5630153,0
0.4625934,0.13024427,0.7993135,0.4,0.5680227,0
0.3048598,0.1,1.0,0.22966874,0.5109165,0
0.5385554,0.2532739,0.81214046,0.3439671,0.5066862,0
0.57911086,0.1646505,0.70091397,0.24872404,0.52140576,0
0.3,0.1,1.0,0.17457037,0.50590134,0
0.3,0.1,1.0,0.4,0.57122564,0
0.3,0.1,0.70511764,0.4,0.49992397,0
0.32483563,0.1,1.0,0.19549479,0.53115636,0
0.43848142,0.19237697,0.95512384,0.3534938,0.486464,0
0.46499535,0.12871183,1.0,0.13979828,0.43350002,0
0.3,0.1,0.95727,0.3695388,0.54813254,0
0.3762119,0.1,1.0,0.4,0.60220826,0
0.3,0.1,0.975391,0.4,0.52801424,0
0.66034234,0.3876981,1.0,0.4,0.5554108,0
0.39202097,0.1556516,1.0,0.3761606,0.5637663,0
0.3,0.1,0.8543119,0.35635707,0.544864,0
0.57599497,0.114777334,0.5537733,0.4,0.46510482,0
0.31793237,0.1,0.98811185,0.28944767,0.5471423,0
0.3,0.11668112,0.8227258,0.19367158,0.55274016,0
0.36244473,0.1305296,0.75325334,0.09273238,0.5339064,0
0.3,0.1,0.8012169,0.36962894,0.5218442,0
0.3,0.1,1.0,0.05,0.5289766,0
0.48989314,0.20742612,1.0,0.38439745,0.48082376,0
0.47296694,0.23329172,1.0,0.30134925,0.5134149,0
0.4776461,0.27935383,1.0,0.29688203,0.5907136,0
0.8978127,0.67972714,0.9960929,0.4,0.5084831,0
0.3456934,0.102243714,0.8321651,0.05,0.5596684,0
0.3,0.1,0.8623578,0.07707708,0.51387125,0
0.32251802,0.1,0.8768968,0.05,0.54911155,0
0.33601525,0.1,1.0,0.2348749,0.5474271,0
0.52165824,0.2081016,0.89099514,0.29678333,0.5263908,0
0.6262337,0.2992902,0.9283938,0.4,0.5367182,0
0.48062637,0.1,0.96162343,0.057899382,0.52975667,0
0.3,0.1,0.9215764,0.05,0.53670377,0
0.35825685,0.1,0.5949845,0.37641948,0.43020022,0
0.38763347,0.20758098,1.0,0.4,0.6228497,0
0.3,0.13476402,1.0,0.30783114,0.48831728,0
0.59191847,0.25233284,1.0,0.4,0.5626585,0
0.35562682,0.1,0.93130314,0.15873213,0.46833673,0
0.3,0.1,0.5959339,0.2772003,0.47437933,0
0.41582885,0.12349162,1.0,0.26121905,0.53851706,0
0.3,0.1,0.7274247,0.4,0.5427887,0
0.45240265,0.1,0.8379487,0.18418628,0.5420916,0
0.592314,0.24853244,0.85339123,0.1228615,0.4984692,0
0.396096,0.13769172,1.0,0.2858261,0.47203174,0
0.3,0.1,0.9190258,0.21241295,0.5377947,0
0.3,0.1,0.9013428,0.23422831,0.5473345,0
0.48474127,0.11639072,0.8691645,0.09636859,0.51952535,0
0.3,0.15961751,0.87111276,0.31235516,0.500542,0
0.38042998,0.1,0.9978009,0.12540768,0.57829434,0
0.3,0.1,0.94972485,0.4,0.50414497,0
0.35348722,0.11359755,0.92570156,0.32467,0.5439783,0
0.6542521,0.40303323,1.0,0.4,0.6091682,0
0.3,0.1,0.8963483,0.10197322,0.5785234,0
0.43597588,0.22592202,1.0,0.18683864,0.5713415,0
0.3,0.1,0.7622942,0.30317083,0.49445686,0
0.34323293,0.1,0.7656375,0.141975,0.5996952,0
0.366557,0.1,1.0,0.35387066,0.49446902,0
0.36328346,0.1,0.9217434,0.09345362,0.5202487,0
0.41036636,0.16679363,1.0,0.4,0.52275103,0
0.3,0.1,0.7092291,0.29768378,0.47862282,0
0.38410938,0.1,0.9327248,0.08428044,0.4712304,0
0.73234105,0.36142576,0.8764689,0.4,0.5927084,0
0.3,0.1,0.9058231,0.10622426,0.543213,0
0.60309076,0.30665192,1.0,0.22568618,0.56157225,0
0.8721886,0.5770506,0.91767645,0.4,0.5616686,0
0.40205407,0.11922021,0.9452733,0.23196103,0.6051577,0
0.7211553,0.45523372,1.0,0.22910954,0.5834473,0
0.3,0.1,0.9501226,0.073581,0.5178156,0
0.69795394,0.4607443,1.0,0.4,0.54297113,0
0.49060836,0.2769499,1.0,0.4,0.5604417,0
0.69491345,0.26648542,0.9029591,0.4,0.44031408,0
0.3,0.1,1.0,0.214318,0.47765052,0
0.48171073,0.26401904,1.0,0.12039715,0.60122097,0
0.3,0.1,0.8946597,0.15615791,0.5431431,0
0.38365573,0.17336562,0.92549837,0.35007912,0.5111674,0
0.3,0.1,1.0,0.18032669,0.51558393,0
0.43341848,0.121894166,0.90773696,0.32818055,0.5355293,0
0.3,0.1,0.72855455,0.1306433,0.49943236,0
0.30938604,0.16087577,0.91521025,0.36742118,0.50038975,0
0.61534697,0.17965731,0.8232692,0.38991845,0.52313983,0
0.3,0.107225925,1.0,0.10041527,0.5338031,0
0.3,0.1,1.0,0.32855433,0.518394,0
0.3,0.117475584,0.9908053,0.33764923,0.57461244,0
0.5242908,0.20387931,0.65270793,0.4,0.54188347,0
0.6775228,0.272385,0.84871054,0.28325993,0.48040298,0
0.39939842,0.1900058,0.9477978,0.4,0.4771893,0
0.34923315,0.113988385,0.8719803,0.1260024,0.4655019,0
0.6748376,0.36155823,0.9419669,0.4,0.5189168,0
0.53492993,0.15704665,0.6415545,0.4,0.5096898,0
0.44670695,0.1,1.0,0.4,0.5810584,0
0.6746081,0.3998838,1.0,0.3877818,0.556156,0
0.46888143,0.1,0.8865531,0.4,0.5332109,0
0.32729685,0.1,1.0,0.22107282,0.58487326,0
0.70068735,0.27731347,0.7703342,0.09901932,0.47822505,0
0.51725096,0.10700845,1.0,0.4,0.54917943,0
0.31687385,0.1,0.8672174,0.35414037,0.603002,0
0.3,0.1,1.0,0.342735,0.5606064,0
0.4266875,0.14874627,1.0,0.05,0.49054122,0
0.5032938,0.1527004,1.0,0.4,0.610935,0
0.3905157,0.1,0.9683682,0.37564337,0.51189446,0
0.33859032,0.13310304,0.54563105,0.4,0.5247951,0
0.46081224,0.23032132,0.9143835,0.25533995,0.5303068,0
0.79455715,0.55945325,0.9610936,0.19615652,0.55598843,0
0.52188367,0.23495908,0.8331789,0.1972759,0.54066736,0
0.55828124,0.26336312,0.7593568,0.26568928,0.5297515,0
0.43145305,0.2609186,1.0,0.4,0.50610375,0
0.534964,0.15401608,1.0,0.25714734,0.47436148,0
0.45449707,0.1,0.74501175,0.05,0.5241053,0
0.5936547,0.21968922,0.657885,0.33653963,0.588381,0
0.41525474,0.18275975,1.0,0.4,0.5419864,0
0.56933665,0.22227907,0.8414344,0.29855898,0.48073742,0
0.4705638,0.113131665,0.5818797,0.19282183,0.51978135,0
0.600543,0.23077776,0.6485839,0.4,0.5832372,0
0.3,0.1,0.9249586,0.4,0.56165284,0
0.37893686,0.1,1.0,0.16769756,0.5512369,0
0.8326625,0.30971757,0.64376116,0.11516493,0.52581817,0
0.799329,0.5401392,0.94868165,0.4,0.4926223,0
0.9696637,1.007447,1.0,0.1718841,0.56148803,0
0.5474906,0.1538101,0.56620836,0.21574184,0.5385308,0
0.39591828,0.1,0.6904809,0.17024156,0.5162469,0
0.62496483,0.2696163,0.77102053,0.4,0.51319504,0
0.34878471,0.17921475,0.70260143,0.33087724,0.53173083,0
0.65960884,0.45757785,1.0,0.29188782,0.5194535,0
0.3,0.1,0.87345994,0.19062555,0.5076387,0
0.6044359,0.18271865,0.89002424,0.4,0.47581983,0
0.3,0.1,0.95113826,0.4,0.6590497,0
0.45646608,0.102686755,0.35737222,0.4,0.4625133,0
0.80818796,0.36780447,0.7363578,0.14360361,0.57811135,0
0.3,0.1,1.0,0.09251014,0.59298843,0
0.52850515,0.22853597,1.0,0.36463353,0.5520278,0
0.35146895,0.10908207,0.8624985,0.4,0.5781789,0
0.7718236,0.34349796,0.7366242,0.4,0.5226572,0
0.3,0.1,0.8301641,0.4,0.50687677,0
0.3,0.1,1.0,0.2848589,0.4798409,0
0.9234594,0.6585293,0.9562556,0.4,0.51355934,0
0.35970998,0.14234027,1.0,0.05,0.5106722,0
0.42256704,0.1,0.74560267,0.1236935,0.54742754,0
0.3679427,0.11362888,0.9081919,0.3770514,0.53333795,0
0.57104164,0.29800928,1.0,0.36687338,0.59543496,0
0.3711776,0.1,0.7598716,0.4,0.55515206,0
0.4017243,0.1,0.63624334,0.4,0.5290777,0
0.3,0.1,1.0,0.32724032,0.45897496,0
0.48822254,0.21942307,0.95092934,0.3291384,0.5405282,0
0.54316735,0.15877932,0.97555685,0.2730486,0.53845924,0
0.6764876,0.29782125,0.70453477,0.2892566,0.49306569,0
0.5648874,0.21140245,0.7609441,0.4,0.46621147,0
0.5205792,0.2832382,0.88429,0.2942324,0.49954462,0
0.43579227,0.101835646,0.72642535,0.38510448,0.58362603,0
0.72402585,0.5036374,1.0,0.2963423,0.52318716,0
0.3,0.1,1.0,0.34766224,0.527743,0
0.33971435,0.1287454,1.0,0.4,0.44531164,0
0.35409528,0.110734254,0.7864836,0.39061725,0.5329685,0
0.3,0.18033142,0.9983428,0.4,0.57575834,0
0.4963341,0.12853068,0.66091865,0.33686444,0.57939196,0
0.39670652,0.10189024,1.0,0.4,0.56769496,0
0.5732868,0.26737538,0.9838907,0.087324254,0.54397374,0
0.3,0.1,0.86090916,0.37314704,0.53508526,0
0.46992546,0.17904706,1.0,0.38992545,0.46703452,0
0.7315829,0.31463015,0.8192949,0.21633902,0.5516313,0
0.3,0.1,0.9635329,0.4,0.6032948,0
0.34211192,0.17631088,1.0,0.37823558,0.5479661,0
0.50329405,0.23273237,1.0,0.22977929,0.5462192,0
0.30848458,0.1,0.9223444,0.4,0.526419,0
0.31448495,0.103586555,0.81916094,0.4,0.5767183,0
0.33591184,0.1,0.90605664,0.16243097,0.5382629,0
0.39284018,0.1,0.7990266,0.4,0.55275685,0
0.3,0.12786582,0.8731826,0.4,0.55510926,0
1.0319278,0.54446244,0.7140692,0.13895327,0.4839129,0
0.3,0.1,0.96148264,0.3228603,0.56546104,0
0.39714187,0.14900391,0.99682474,0.17762491,0.511294,0
0.80608916,0.30670014,0.6852816,0.4,0.47387195,0
0.45677787,0.1,0.95399994,0.4,0.5168999,0
0.46551168,0.11845394,0.9265014,0.38902888,0.53887933,0
0.3,0.1,0.9530247,0.4,0.4897155,0
0.6028211,0.29161924,0.99210143,0.19558927,0.58706987,0
0.54505575,0.21870807,1.0,0.4,0.5329387,0
0.44553116,0.28331655,1.0,0.05,0.5056157,0
0.3,0.1,1.0,0.32765564,0.47969908,0
0.34268442,0.1,1.0,0.38387972,0.51632947,0
0.43116376,0.1,0.9045471,0.4,0.572124,0
0.64597815,0.2878751,0.8360659,0.26333088,0.5207618,0
0.5040166,0.22084366,0.98064476,0.3215346,0.5492417,0
0.3,0.1,1.0,0.4,0.5168485,0
0.3,0.1,0.8940533,0.117996104,0.4678598,0
0.33139387,0.114222005,1.0,0.4,0.5046928,0
0.6575998,0.32290852,0.90729207,0.3996421,0.514684,0
0.3,0.1,1.0,0.4,0.62408304,0
0.4304446,0.14356226,0.9749338,0.3210071,0.60308796,0
0.36900553,0.1,0.88936806,0.4,0.55480194,0
0.39320752,0.15429991,0.7679775,0.4,0.49282366,0
0.6367229,0.3297296,0.8287191,0.37003353,0.44062674,0
0.6691821,0.3710345,1.0,0.2218099,0.49630293,0
0.47188386,0.10558112,0.62029016,0.2751766,0.5198862,0
0.3,0.1,0.9607502,0.4,0.61609733,0
0.6353755,0.39741257,0.95134497,0.2763968,0.48760164,0
0.6781491,0.19624206,0.5719343,0.4,0.5041132,0
0.3,0.1,0.7444985,0.4,0.51829207,0
0.3,0.1,1.0,0.4,0.5139991,0
0.7332601,0.43400452,0.95279914,0.3930243,0.59684855,0
0.3,0.1,1.0,0.29127234,0.51778376,0
0.6533472,0.35035908,0.807649,0.4,0.5509159,0
0.5222461,0.16172203,1.0,0.14465491,0.587276,0
0.6057429,0.19284706,0.8827355,0.4,0.5375472,0
0.4591579,0.13717717,0.7029658,0.11981903,0.5177703,0
0.59620076,0.16501428,0.6306116,0.4,0.58702344,0
0.3,0.1,1.0,0.31245184,0.5193136,0
0.3,0.1,0.68902045,0.23263553,0.5067736,0
0.3,0.1,0.7908446,0.06061152,0.50851953,0
0.32034993,0.1,0.9453176,0.29402077,0.5439596,0
0.43170932,0.1,0.55579996,0.372188,0.588036,0
0.53939605,0.14324103,0.64331645,0.05,0.51712203,0
0.5732723,0.1,0.69313204,0.31492633,0.5330124,0
0.3,0.1,0.9055644,0.3962712,0.5749617,0
0.47359,0.21878193,1.0,0.22464679,0.5203637,0
0.32911003,0.12162914,0.9909952,0.38346052,0.5890214,0
0.3,0.1,0.97459894,0.3933041,0.56864023,0
0.7240724,0.39315346,1.0,0.3497592,0.5657099,0
0.3795038,0.101488754,1.0,0.25279218,0.5354419,0
0.47543186,0.13265371,0.68503535,0.22451252,0.5039614,0
0.3,0.1,1.0,0.2268976,0.5363097,0
0.5633117,0.16379975,0.93233055,0.30980796,0.504928,0
0.34395772,0.15815866,1.0,0.3324868,0.5345209,0
0.30280748,0.15171829,1.0,0.22155069,0.52406746,0
0.3046322,0.15997516,1.0,0.39659265,0.5900844,0
0.60490566,0.3186763,0.9471705,0.05,0.5480752,0
0.7622958,0.42241088,0.91734177,0.07179365,0.6210267,0
0.57667965,0.25497013,0.91689163,0.25004396,0.5158283,0
0.3,0.1,1.0,0.19900729,0.5485339,0
0.3755507,0.1,0.7912543,0.4,0.53045243,0
0.9383254,0.62790626,0.9646445,0.05,0.54324937,0
0.52295053,0.1,0.85608137,0.2670236,0.51751995,0
0.3765463,0.1,0.9225532,0.3169172,0.6297885,0
0.48558706,0.17033994,0.90899456,0.4,0.51449484,0
0.3,0.12169392,1.0,0.35207412,0.47407407,0
0.40823105,0.105921485,0.8608406,0.39581028,0.5680632,0
0.30682018,0.1,0.86259925,0.3536747,0.5545502,0
0.38219467,0.1,1.0,0.4,0.6059057,0
0.5591608,0.16182016,0.6617347,0.4,0.52349263,0
0.6518377,0.37694785,1.0,0.4,0.60433567,0
0.3,0.1,0.99345374,0.4,0.5982723,0
0.3,0.1,1.0,0.4,0.5034998,0
0.52814466,0.21583928,0.93875605,0.30075875,0.5274908,0
0.50716627,0.17980984,0.7814753,0.4,0.5229726,0
0.55860907,0.26072684,1.0,0.12162698,0.6464229,0
0.3,0.1,1.0,0.17867778,0.58814806,0
0.5962781,0.32061392,1.0,0.4,0.5256308,0
0.32967195,0.11225597,0.9146133,0.12004158,0.5462229,0
0.6229726,0.29536423,1.0,0.4,0.55495316,0
0.5486966,0.23274608,0.74854076,0.27606335,0.54253376,0
0.4639701,0.190568,0.8657671,0.4,0.46507576,0
0.3,0.1,0.88131917,0.05,0.50200456,0
0.3,0.1,0.83225745,0.4,0.45415652,0
0.31036824,0.1,1.0,0.33721313,0.4710232,0
0.3,0.1,0.85897446,0.27524102,0.57073075,0
0.49511352,0.1709291,0.77402276,0.4,0.5198613,0
0.39970452,0.11131386,1.0,0.08969009,0.53205377,0
0.48251808,0.13807479,0.99168444,0.12645328,0.5907351,0
0.41694033,0.1,0.77466714,0.4,0.5369692,0
0.46420607,0.20907891,0.8574953,0.3420955,0.5997749,0
0.45040792,0.16233195,1.0,0.35977882,0.5361014,0
0.4345544,0.1790384,0.9119203,0.2125879,0.5568872,0
0.4987466,0.1,0.8715617,0.05,0.49828264,0
0.3,0.1,0.89396495,0.30567878,0.5083763,0
0.3,0.1,1.0,0.05,0.5762643,0
0.3159596,0.1,1.0,0.17910498,0.54593676,0
0.3,0.15632705,0.9229028,0.4,0.5712029,0
0.75813764,0.2530049,0.88363385,0.2466068,0.5884536,0
0.30282208,0.1694839,0.840763,0.3788195,0.58602077,0
0.46416417,0.14631781,0.61654335,0.4,0.5304514,0
0.35731766,0.1,0.7250238,0.2060152,0.59082144,0
0.3,0.10504087,0.8233879,0.4,0.58289397,0
0.3,0.1,0.852306,0.12795198,0.5266799,0
0.54160494,0.2003703,0.81213254,0.29097536,0.48154086,0
0.53046423,0.113608606,0.6589594,0.16941805,0.51034224,0
0.4671578,0.15601091,1.0,0.29888856,0.5722921,0
0.6636097,0.38029575,1.0,0.15817373,0.54463696,0
0.5644753,0.12181508,0.5780962,0.4,0.49964175,0
0.3584839,0.20379424,1.0,0.2039961,0.5809943,0
0.46019754,0.11733331,0.8074625,0.3421522,0.5445992,0
0.38460073,0.15484186,1.0,0.3443536,0.5369556,0
0.81632376,0.7343155,1.0,0.3324355,0.56798923,0
0.48043278,0.15540566,0.8518078,0.07798613,0.5171036,0
0.3,0.1,1.0,0.4,0.5304189,0
0.85950035,0.7750113,1.0,0.34122306,0.5301984,0
0.3,0.1,0.9005481,0.4,0.564568,0
0.84014535,0.5301928,0.965326,0.4,0.55636966,0
0.45734352,0.123404466,0.40689158,0.26595417,0.47341093,0
0.4662811,0.17413041,0.8884523,0.33263454,0.55633444,0
0.52071613,0.17968945,0.9121027,0.27812102,0.56893283,0
0.41956946,0.1,0.9558833,0.4,0.5087829,0
0.5711335,0.2665699,0.7871318,0.24683075,0.6086536,0
0.38700524,0.10523695,0.88303393,0.4,0.5210189,0
0.3,0.1,0.9877775,0.22901128,0.5221173,0
0.5269985,0.20814593,0.9613063,0.4,0.4952277,0
0.5046536,0.23368445,1.0,0.24932356,0.5159193,0
0.45919636,0.1,0.519525,0.4,0.5682313,0
0.681504,0.23737937,0.69902766,0.386074,0.5372526,0
0.54156697,0.25422662,0.86390764,0.33207706,0.41953683,0
0.5550595,0.2769252,1.0,0.35218775,0.5270289,0
0.48631045,0.18647736,1.0,0.4,0.49280062,0
0.3,0.1,1.0,0.2551136,0.56198496,0
0.33523244,0.1,0.70505136,0.30416796,0.5785208,0
0.47665006,0.18932481,1.0,0.21807058,0.53518873,0
0.3187255,0.1,1.0,0.31676346,0.55365646,0
0.551207,0.22453749,0.96740043,0.34618843,0.46381995,0
0.57475585,0.18547305,0.90358156,0.3615471,0.54975486,0
0.5785863,0.20248762,0.6218713,0.4,0.50935346,0
0.72243655,0.32108235,0.7541092,0.35811692,0.58412063,0
0.3,0.1,1.0,0.05,0.5672938,0
0.3,0.1,1.0,0.38016894,0.5368391,0
0.4627762,0.1,0.62698334,0.4,0.5591613,0
0.6508237,0.2976217,0.90316033,0.4,0.5517789,0
0.3189533,0.14839128,0.75676185,0.4,0.5188837,0
0.41009444,0.15035318,0.8454302,0.115569815,0.50714433,0
0.4639717,0.12414749,0.74957067,0.17695883,0.5991708,0
0.4118463,0.14463961,1.0,0.4,0.4885942,0
0.55116,0.18002352,0.9588852,0.27940226,0.58558035,0
0.47036198,0.1718571,1.0,0.21931216,0.52941364,0
0.3,0.13365977,0.9942086,0.17160748,0.54161596,0
0.80535036,0.41119638,0.83066607,0.4,0.52252877,0
0.58880204,0.2331734,0.84572065,0.26120156,0.5074917,0
0.46538353,0.1120272,0.81626785,0.18822382,0.56724906,0
0.47895586,0.10484067,0.8151278,0.4,0.5759197,0
0.3,0.11643144,0.81677955,0.38057274,0.5396857,0
0.3,0.1,1.0,0.37360615,0.52770114,0
0.3,0.16373087,0.7949044,0.05052497,0.4854138,0
0.5992927,0.17989826,0.8909081,0.19809118,0.46841368,0
0.7994819,0.51814,1.0,0.4,0.52025914,0
0.63746774,0.32249922,0.95230603,0.4,0.58596516,0
0.40258053,0.10954896,0.5497332,0.05,0.6506693,0
0.5811791,0.17363063,0.7244581,0.156335,0.5307055,0
0.7349272,0.4288687,0.9879019,0.3580291,0.518254,0
0.3151369,0.1,0.91847193,0.3307027,0.43999538,0
0.6816543,0.33163953,0.85875475,0.4,0.5290815,0
0.6053953,0.25057667,0.9543087,0.3040127,0.58707404,0
0.3,0.11587046,1.0,0.23632419,0.49855307,0
0.5718954,0.27266964,1.0,0.17857428,0.46640852,0
0.8894741,0.36460254,0.6881745,0.24271378,0.5745795,0
0.40521917,0.1,0.717657,0.4,0.49076635,0
0.65703326,0.4212495,1.0,0.4,0.53048897,0
0.40115157,0.1,0.99356633,0.37637866,0.548122,0
0.63880455,0.29231694,1.0,0.05,0.50292253,0
0.31112647,0.1259026,0.81836516,0.3352294,0.53342974,0
0.37711412,0.18451418,0.93496084,0.271173,0.47585866,0
0.52265716,0.28696254,1.0,0.24699342,0.47099066,0
0.70816106,0.32261452,0.81708336,0.28428206,0.59977996,0
0.72555584,0.2653289,0.61434215,0.3469544,0.5804846,0
0.3814309,0.16796975,1.0,0.18245628,0.54865843,0
0.64956653,0.2615273,0.8290382,0.28981233,0.5339475,0
0.6166497,0.14521612,0.79739434,0.4,0.5087264,0
0.7841009,0.6593107,1.0,0.26729655,0.54854137,0
0.37982446,0.1,0.82008183,0.24770145,0.5348236,0
0.33452696,0.1,0.9237223,0.25460663,0.53688043,0
0.71986216,0.51146233,1.0,0.4,0.5219687,0
0.3,0.1,0.72261643,0.19552502,0.5017855,0
0.3497895,0.1,1.0,0.39938852,0.5373582,0
0.30478513,0.1457286,0.9254738,0.27434045,0.5217672,0
0.53006935,0.15284072,0.8614856,0.28582224,0.497475,0
0.30781844,0.1,0.8653728,0.4,0.54444927,0
0.3,0.1,0.5870437,0.4,0.5355784,0
0.5594213,0.18534626,0.87895626,0.3182248,0.45486587,0
0.7820119,0.27512088,0.47318146,0.34952763,0.53063697,0
0.5863476,0.13850598,0.9420022,0.12352081,0.62702674,0
0.58197933,0.31982324,0.90950793,0.27508396,0.46497676,0
0.43854627,0.18339498,1.0,0.4,0.5083541,0
0.5229723,0.13073076,0.8901076,0.4,0.47912762,0
0.39618677,0.16359687,0.9445249,0.29491916,0.5661618,0
0.3657211,0.12484403,1.0,0.39080384,0.5219855,0
0.3,0.1,0.85367215,0.4,0.5366396,0
0.3970591,0.1783,0.72296816,0.3788161,0.5076038,0
0.43805414,0.1,0.7850937,0.4,0.49348179,0
0.6400828,0.28264335,0.9868089,0.2813357,0.5024006,0
0.48578405,0.1,0.7712044,0.4,0.5214151,0
0.4162697,0.1,0.7874043,0.38108638,0.57805604,0
0.3,0.1,1.0,0.31136465,0.4632407,0
0.3,0.1,0.7393818,0.33867493,0.5522137,0
0.44846392,0.16807956,1.0,0.4,0.5989813,0
0.37609857,0.1,0.93924075,0.23341797,0.5965904,0
0.47011602,0.18874593,0.84172744,0.4,0.54672486,0
0.32026845,0.1,1.0,0.4,0.5023857,0
0.5173453,0.1752804,1.0,0.27833232,0.5741155,0
0.3,0.10478856,0.9389239,0.4,0.6116805,0
0.6601844,0.3558352,0.92805225,0.4,0.5773022,0
0.67395425,0.42564118,1.0,0.20182897,0.48307577,0
0.3,0.1,1.0,0.23990989,0.509353,0
0.4105282,0.14081019,0.9149473,0.31127846,0.5099709,0
0.3,0.1,0.679576,0.27798855,0.5844963,0
0.43075514,0.1,0.79646033,0.38888457,0.48240435,0
0.3,0.1,0.9652036,0.3925772,0.61835456,0
0.3,0.1,1.0,0.32579842,0.5981545,0
0.44808728,0.26049966,1.0,0.4,0.5085873,0
0.51449794,0.11253487,0.7504158,0.37196827,0.51111156,0
0.46517172,0.18020533,1.0,0.4,0.5351773,0
0.8222929,0.37568307,0.68543637,0.3032996,0.4992244,0
0.5916851,0.16268103,0.7931266,0.4,0.5690904,0
0.36615193,0.1,1.0,0.4,0.55222785,0
0.3,0.1,0.78957564,0.22323696,0.5560843,0
0.33844164,0.1,1.0,0.3883808,0.62726223,0
0.3482298,0.1,0.93392104,0.4,0.57247543,0
0.53763014,0.20629534,0.7099804,0.15885253,0.47944406,0
0.3649519,0.1,0.77848965,0.3577836,0.55017513,0
0.49808937,0.10977979,0.897128,0.4,0.6098708,0
0.5302829,0.15111457,0.7478244,0.20451747,0.51270646,0
0.47555044,0.28821528,1.0,0.31243873,0.5182972,0
0.36064306,0.13983493,0.98869026,0.4,0.51836985,0
0.53051466,0.19108939,0.9866024,0.29431325,0.5149169,0
0.6646275,0.40070653,1.0,0.15292045,0.5717836,0
0.3,0.1,1.0,0.29224932,0.533226,0
0.8093489,0.54715085,0.9850393,0.18383569,0.49051335,0
0.3,0.1,0.8178472,0.05,0.51016396,0
0.3,0.1,1.0,0.24882995,0.52043134,0
0.6038725,0.23991069,0.87758714,0.22439392,0.49327555,0
0.49831697,0.2310387,0.9974695,0.107197054,0.56510043,0
0.47585365,0.11487493,0.9355359,0.4,0.49515048,0
0.5641288,0.26364148,0.93323606,0.34366038,0.57582,0
0.5740793,0.24822648,0.9438051,0.4,0.58315825,0
0.5500738,0.23827311,0.8436978,0.4,0.5060727,0
0.46023917,0.1,0.7484898,0.4,0.5004622,0
0.3,0.1,1.0,0.3633083,0.5764793,0
0.5799687,0.24050389,0.8389124,0.28694156,0.6175448,0
0.55644727,0.24876313,1.0,0.1763238,0.5859907,0
0.3180686,0.1,0.85553986,0.2960747,0.5367733,0
0.3281257,0.1,0.83203876,0.30846527,0.5614794,0
0.54313064,0.2436191,1.0,0.4,0.6187818,0
0.3410131,0.15440544,0.81669754,0.39225918,0.5054539,0
0.3,0.1,0.8224678,0.4,0.50222164,0
0.3,0.1,1.0,0.3596735,0.5911179,0
0.5057045,0.10995245,0.6831386,0.4,0.56385,0
0.49233133,0.11422474,0.8794108,0.3055379,0.52560526,0
0.7076174,0.4037333,0.86199474,0.302177,0.56035507,0
0.3,0.1,0.6765303,0.23339835,0.5109508,0
0.6308467,0.30906686,1.0,0.31425706,0.47624516,0
0.43616965,0.17173444,1.0,0.4,0.507614,0
0.3,0.1,0.80974627,0.12872683,0.54148585,0
0.5009201,0.247742,0.9661283,0.4,0.5637475,0
0.5530183,0.2426385,0.91962576,0.25452656,0.544315,0
0.77034307,0.43162653,0.9238328,0.18929876,0.5667923,0
0.3,0.1,1.0,0.17973612,0.5374931,0
0.3,0.1,1.0,0.28503433,0.5581988,0
0.62766033,0.22477084,0.71376723,0.4,0.53171563,0
0.33726558,0.13400777,0.9481778,0.4,0.53874683,0
0.47522208,0.2621807,0.8963266,0.16216521,0.5140605,0
0.38027683,0.1,1.0,0.1942251,0.53040844,0
0.4698877,0.13849169,0.89483297,0.29315767,0.4783879,0
0.3,0.1,0.9127659,0.3502595,0.5979607,0
1.0330518,0.6942629,0.8495476,0.4,0.5870546,0
0.37749282,0.10269529,0.85961956,0.4,0.5503963,0
0.39110982,0.1,0.4335454,0.25819013,0.48463657,0
0.3,0.1,0.92731583,0.4,0.5593064,0
0.4599866,0.18241645,0.7562696,0.35532135,0.55995464,0
0.5340703,0.19927874,0.8342647,0.4,0.6471054,0
0.5052191,0.26575655,1.0,0.4,0.57034856,0
0.4009854,0.1,0.83616364,0.24291241,0.53155106,0
0.3,0.1,1.0,0.10786118,0.510297,0
0.52907884,0.17845835,0.8310662,0.4,0.53595424,0
0.38724163,0.1,0.577066,0.15950568,0.5162136,0
0.3,0.1,0.81230146,0.31531885,0.5964185,0
0.3,0.1,1.0,0.4,0.5765914,0
0.34906802,0.1,0.8615843,0.17257738,0.50029063,0
0.3393043,0.14564276,0.9525674,0.30783185,0.50669616,0
0.3,0.1,0.9871208,0.26476184,0.5507863,0
0.5371638,0.3576603,0.96436983,0.4,0.6045701,0
0.47050706,0.20745155,1.0,0.3317519,0.53267896,0
0.33591294,0.1624624,0.9441647,0.14461732,0.53992796,0
0.4941044,0.2892247,1.0,0.30082026,0.46002293,0
0.4570079,0.18279797,1.0,0.22585836,0.52429295,0
0.3793561,0.1,1.0,0.4,0.49938142,0
0.38603133,0.1,0.63211256,0.106945574,0.43240863,0
0.3531158,0.12266634,0.87350523,0.13878036,0.5135118,0
0.5105073,0.22781707,0.92899024,0.4,0.45986265,0
0.41323936,0.1,0.72481453,0.34839386,0.5112725,0
0.5906152,0.24558291,0.9960025,0.3763496,0.52512985,0
0.41334134,0.1,0.67097056,0.4,0.53777856,0
0.35286397,0.17254198,1.0,0.4,0.44328,0
0.5456421,0.1,0.61160815,0.4,0.5630506,0
0.41942003,0.15510078,0.9312233,0.17185727,0.5690814,0
0.33866107,0.1,0.39665964,0.26887897,0.48317477,0
0.3,0.1,1.0,0.4,0.51056343,0
0.6610507,0.19819961,0.7474199,0.4,0.5498836,0
0.59567165,0.23376103,0.96542585,0.17875095,0.5538703,0
0.47390723,0.1,0.58989376,0.18675181,0.47889286,0
0.3,0.1,0.7911189,0.4,0.570536,0
0.9015977,0.8008997,1.0,0.2135574,0.51874214,0
0.7550978,0.36046487,0.93447405,0.17239872,0.5463375,0
0.67861265,0.33689982,0.79558027,0.36056784,0.45474252,0
0.5345909,0.28020203,1.0,0.32351664,0.5842139,0
0.3968898,0.17995639,0.8549528,0.28460616,0.48064575,0
0.59414715,0.31976253,1.0,0.11228639,0.52540284,0
0.5077079,0.23476781,1.0,0.11392312,0.60345167,0
0.5115872,0.33258784,1.0,0.3139973,0.5308645,0
0.36395782,0.1,0.8003383,0.4,0.52353173,0
0.4486212,0.22223537,1.0,0.22842047,0.54154927,0
0.3167894,0.1,0.712663,0.4,0.5433948,0
0.6158758,0.19528182,0.5665257,0.4,0.5695315,0
0.40675756,0.19245413,1.0,0.4,0.4579381,0
0.892195,0.65818083,0.95492357,0.11350792,0.473201,0
0.34291637,0.1,0.739142,0.3139944,0.5754581,0
0.48363936,0.24692819,1.0,0.4,0.5457677,0
0.80213207,0.5018696,0.7995779,0.16296613,0.52268517,0
0.3,0.1,0.9168529,0.39698285,0.49902594,0
0.6854225,0.3141469,1.0,0.14533667,0.5913919,0
0.3,0.1,0.73550445,0.38334897,0.5323311,0
0.46812394,0.23127812,1.0,0.4,0.6175496,0
0.4341105,0.13097689,0.76574796,0.22560264,0.5336265,0
0.4158641,0.17421123,0.75221974,0.19505942,0.50903434,0
0.75044596,0.51327837,1.0,0.27292982,0.4993632,0
1.2,1.072703,0.6672853,0.39324933,0.4976293,1
1.2,1.3263236,0.7700871,0.35113734,0.57826287,1
1.2,1.42249,0.9708366,0.4,0.47674295,1
1.2,1.6514152,0.9678185,0.33360872,0.50001574,1
1.2,0.97932464,0.585909,0.32466394,0.46150318,1
1.2,0.9283785,0.5800891,0.32687452,0.59241766,1
1.2,0.94856423,0.64302427,0.06323377,0.508931,1
1.2,0.6079487,0.38192162,0.13147694,0.5458941,1
1.2,1.6352459,1.0,0.33410752,0.58552665,1
1.2,1.6579387,1.0,0.26085258,0.48648125,1
1.2,1.1666238,0.83964026,0.22185916,0.49626926,1
1.2,1.1624944,0.78939027,0.31972143,0.4985388,1
1.2,0.9589588,0.64826035,0.4,0.5815749,1
1.2,0.963206,0.58876556,0.4,0.49755776,1
1.2,1.1282821,0.6808029,0.05,0.5182368,1
1.2,1.1006786,0.69596475,0.38269994,0.5309869,1
1.2,1.2912405,0.78536606,0.21536292,0.48642606,1
1.2,1.0149333,0.6978716,0.38368273,0.53506184,1
1.2,1.4026241,0.8723424,0.11694896,0.57273847,1
1.2,1.1044046,0.7329232,0.29163632,0.56100506,1
1.2,0.918659,0.5477389,0.34927818,0.568415,1
1.2,1.225737,0.7483062,0.4,0.5794132,1
1.2,0.9482909,0.56251127,0.32595414,0.5383464,1
1.2,1.1405519,0.6946693,0.22265962,0.5065446,1
1.2,1.1539578,0.82084227,0.34211847,0.5282255,1
1.2,1.2672596,0.78122413,0.05,0.5947793,1
1.2,0.9733706,0.71101344,0.22353643,0.542828,1
1.2,1.0806471,0.74749917,0.4,0.45017144,1
1.2,1.4067539,0.9202387,0.4,0.5154679,1
1.2,1.1075712,0.6390404,0.4,0.5183596,1
1.2,1.291263,0.76182723,0.4,0.45351037,1
1.2,1.3207835,0.75922,0.4,0.5117933,1
1.2,1.2820196,0.7795349,0.4,0.5542131,1
1.2,0.91313076,0.61481476,0.17445253,0.55919516,1
1.2,0.7434293,0.39927107,0.26556346,0.5270329,1
1.2,1.0058261,0.5767011,0.28497535,0.510859,1
1.2,0.830072,0.5536317,0.3780987,0.53729427,1
1.2,0.9589986,0.60439473,0.32267332,0.555264,1
1.2,1.6335969,1.0,0.16587847,0.48749885,1
1.2,1.1099036,0.65864336,0.37776077,0.4863225,1
1.2,1.3390548,0.79892355,0.27400595,0.49358502,1
1.2,0.94570714,0.71403456,0.29483753,0.5382388,1
1.2,1.3389297,0.7947927,0.3881424,0.5293901,1
1.2,1.5325452,0.97776514,0.2213103,0.5591967,1
1.2,1.198475,0.7775976,0.4,0.4960266,1
1.2,1.0106037,0.6972845,0.18147852,0.55471987,1
1.2,1.0206026,0.61459255,0.34014472,0.56515425,1
1.2,1.1383271,0.7036398,0.35647413,0.48695886,1
1.2,1.5125147,1.0,0.25703523,0.5484533,1
1.2,0.99501866,0.765161,0.2276361,0.4689885,1
1.2,1.1297553,0.7556243,0.4,0.5163902,1
1.2,0.79027873,0.4926572,0.4,0.49112052,1
1.2,1.053571,0.5925586,0.3902698,0.4986165,1
1.2,1.4602381,0.915545,0.3263658,0.55308366,1
1.2,1.0637014,0.6092824,0.4,0.46677756,1
1.2,1.1149598,0.7318407,0.29357168,0.49151912,1
1.2,1.5198412,0.94267017,0.4,0.5324506,1
1.2,1.1482961,0.77561337,0.4,0.5656325,1
1.2,1.1462461,0.718167,0.4,0.4804763,1
1.2,1.488387,0.8058124,0.35184136,0.51404643,1
1.2,1.0756029,0.80861515,0.081971824,0.5645243,1
1.2,1.2311103,0.75386953,0.23342949,0.5451683,1
1.2,1.4159287,0.80051225,0.15794937,0.5181439,1
1.2,1.2920209,0.89746773,0.36936605,0.5058582,1
1.2,1.0539451,0.5885049,0.3673506,0.47918653,1
1.2,1.1254704,0.78948975,0.21814154,0.525827,1
1.2,1.285915,0.81076896,0.33709985,0.48268574,1
1.2,1.2168598,0.66052425,0.4,0.52828366,1
1.2,1.0582145,0.6254975,0.4,0.5172017,1
1.2,1.0127128,0.65515554,0.2581797,0.5349754,1
1.2,1.0651315,0.6568228,0.27580038,0.53020465,1
1.2,1.0622206,0.77253383,0.38113102,0.50028783,1
1.2,1.2095882,0.8064407,0.4,0.53676385,1
1.2,1.2429531,0.7796396,0.38402665,0.55075926,1
1.2,1.5200952,0.9512196,0.05,0.5001785,1
1.2,1.2366886,0.79950917,0.33206314,0.559249,1
1.2,1.5248212,0.9420356,0.3641058,0.53819674,1
1.2,0.9724327,0.62547094,0.23264693,0.582245,1
1.2,1.2100464,0.72760415,0.09366327,0.5737622,1
1.2,1.4071633,0.79633725,0.29872417,0.46874595,1
1.2,1.5248212,0.96241003,0.4,0.56351495,1
1.2,1.3677156,0.8222818,0.19658189,0.50812817,1
1.2,0.64374274,0.39716738,0.21220526,0.4875115,1
1.2,1.2669686,0.7861659,0.21086155,0.54031533,1
1.2,0.9750889,0.6352232,0.1838472,0.50869924,1
1.2,0.5987256,0.3289578,0.2586579,0.5376822,1
1.2,1.0458609,0.6789746,0.31887135,0.46562284,1
1.2,1.0597287,0.64338565,0.35466442,0.47154593,1
1.2,1.0662622,0.67387813,0.23380545,0.55661076,1
1.2,1.3288516,0.8404355,0.21175084,0.51804256,1
1.2,1.4480636,0.925217,0.15091167,0.51775855,1
1.2,1.1116735,0.6440512,0.38057017,0.5782745,1
1.2,1.2128259,0.701065,0.26056966,0.4887904,1
1.2,0.9544346,0.7094529,0.17875443,0.53497714,1
1.2,1.1886079,0.8101384,0.4,0.46581838,1
1.2,1.2593861,0.77008086,0.18829596,0.5238125,1
1.2,1.0094968,0.62718487,0.27015153,0.51841307,1
1.2,1.3566564,0.8037451,0.1277809,0.5386626,1
1.2,1.3743063,0.9011029,0.18404448,0.4925609,1
1.2,0.8679093,0.5554846,0.33741498,0.55964375,1
1.2,1.2596323,0.7884809,0.26394436,0.46185133,1
1.2,0.95906645,0.5570387,0.28496557,0.48539674,1
1.2,1.249999,0.85339123,0.4,0.516504,1
1.2,1.3078293,0.9516057,0.15292615,0.56035537,1
1.2,1.4590404,0.9185744,0.2379029,0.55350214,1
1.2,1.1242692,0.63444793,0.11764703,0.5479149,1
1.2,1.42254,0.77949685,0.084989235,0.5636827,1
1.2,0.82641447,0.5488526,0.13273787,0.561599,1
1.2,1.5685089,0.9543458,0.17358027,0.4595259,1
1.2,1.6042923,0.98475146,0.34695727,0.51844805,1
1.2,0.9590454,0.60850465,0.30056146,0.5277776,1
1.2,1.2020775,0.7340955,0.27195415,0.6386614,1
1.2,1.3899924,0.72999454,0.39136338,0.52057314,1
1.2,1.3179873,0.88716745,0.08804774,0.5224802,1
1.2,0.87726855,0.5505289,0.4,0.52033895,1
1.2,1.4678367,0.9429245,0.17627087,0.5785968,1
1.2,1.2124792,0.7777446,0.14064507,0.5125805,1
1.2,1.4889442,0.93933916,0.27201885,0.5229197,1
1.2,0.91749,0.5755136,0.2265081,0.5017404,1
1.2,0.97333646,0.67992175,0.4,0.4973305,1
1.2,1.0306435,0.6691966,0.4,0.49245346,1
1.2,1.037139,0.58298016,0.2996397,0.5236116,1
1.2,1.1377536,0.75394446,0.23783296,0.5245863,1
1.2,1.4605546,0.89328307,0.4,0.5989832,1
1.2,1.0147198,0.7184288,0.25610468,0.48096538,1
1.2,0.894103,0.5138499,0.14693783,0.45398006,1
1.2,1.3922228,0.8549032,0.31422743,0.4611745,1
1.2,1.5654658,0.98869944,0.24408893,0.5197809,1
1.2,1.2232809,0.78766346,0.3453866,0.5796792,1
1.2,1.1325003,0.7698805,0.37887338,0.55971944,1
1.2,1.1037728,0.7156181,0.4,0.5752998,1
1.2,0.4533266,0.28200054,0.14396301,0.4429243,1
1.2,1.0689626,0.7695707,0.3743133,0.5764526,1
1.2,0.8501225,0.5949797,0.21079405,0.4430466,1
1.2,1.1920137,0.7466967,0.4,0.5372003,1
1.2,0.777571,0.54877764,0.3531748,0.5158585,1
1.2,0.9476013,0.7610309,0.19334286,0.4959992,1
1.2,1.0351733,0.62382346,0.19940126,0.5020929,1
1.2,1.7782257,0.9397887,0.21116695,0.49380195,1
1.2,1.4362772,0.82907057,0.20683458,0.49535686,1
1.2,1.102312,0.6850207,0.4,0.506915,1
1.2,0.7973152,0.5177798,0.09789352,0.5606022,1
1.2,1.07747,0.746442,0.38177872,0.51718676,1
1.2,1.4416186,0.92628163,0.26925713,0.45277077,1
1.2,1.5207546,0.8745529,0.27156764,0.6095065,1
1.2,0.8601338,0.4770331,0.20582148,0.45214704,1
1.2,1.0354718,0.62985885,0.05,0.52192926,1
1.2,1.1830466,0.7287893,0.4,0.5058681,1
1.2,1.244163,0.79421383,0.12690894,0.5363118,1
1.2,1.4636545,0.78922546,0.18785354,0.5516761,1
1.2,1.4359832,0.96751344,0.33212236,0.5632337,1
1.2,1.3268298,0.82091826,0.3095124,0.55425984,1
1.2,1.0817035,0.7370577,0.4,0.5026839,1
1.2,1.044351,0.6088062,0.27627534,0.4520981,1
1.2,1.3215399,0.7284,0.19293448,0.47478288,1
1.2,1.4166586,0.8195125,0.24192671,0.5575378,1
1.2,1.029,0.78540003,0.18319474,0.56774414,1
1.2,0.6130768,0.38927072,0.07404872,0.48911345,1
1.2,1.0735399,0.6346568,0.37383193,0.59567976,1
1.2,0.70575994,0.4293283,0.4,0.6165372,1
1.2,1.2632153,0.7426005,0.33117622,0.55197406,1
1.2,1.43192,0.8293791,0.4,0.5060289,1
1.2,0.49206176,0.31592554,0.05,0.5457083,1
1.2,1.2457699,0.8726346,0.31751463,0.5722432,1
1.2,1.7096045,1.0,0.4,0.51329064,1
1.2,1.2149409,0.8056631,0.11477448,0.5538044,1
1.2,1.4036343,0.83085746,0.3924289,0.52262646,1
1.2,1.1661807,0.7625111,0.1948826,0.5487458,1
1.2,1.0589954,0.70996803,0.27612767,0.54432803,1
1.2,1.5168022,0.78663164,0.15901472,0.4931263,1
1.2,1.1767068,0.75566137,0.2744585,0.5656925,1
1.2,0.96915925,0.5946064,0.110518,0.5174187,1
1.2,1.462954,0.8909547,0.33003017,0.5636136,1
1.2,0.80061775,0.5773567,0.05,0.53937167,1
1.2,0.9973151,0.6423981,0.21850131,0.5116726,1
1.2,1.5224297,0.9601364,0.4,0.5819712,1
1.2,1.2422231,0.8195943,0.33360642,0.5301848,1
1.2,0.6072702,0.47011817,0.29668584,0.532946,1
1.2,1.2057106,0.77838266,0.2014654,0.54276484,1
1.2,1.4737549,0.8771227,0.3334796,0.5570504,1
1.2,1.1181763,0.7932139,0.22578488,0.4813915,1
1.2,1.450781,0.96522295,0.4,0.5129379,1
1.2,1.3567818,0.7691092,0.4,0.5503684,1
1.2,0.8847427,0.6510065,0.4,0.52058196,1
1.2,1.6931236,0.90439785,0.2881017,0.5056811,1
1.2,1.2541747,0.7904545,0.25504994,0.4997997,1
1.2,1.3991691,0.80081505,0.37898514,0.5234117,1
1.2,1.0455071,0.6638348,0.15121023,0.58971936,1
1.2,1.3887575,0.97157484,0.12893492,0.53045374,1
1.2,1.7000772,1.0,0.2860772,0.5227213,1
1.2,0.75522494,0.4588308,0.28696486,0.52006674,1
1.2,1.0428462,0.6553042,0.21485507,0.49242568,1
1.2,0.8857128,0.58598757,0.4,0.57158786,1
1.2,0.96309894,0.61574346,0.2003793,0.53500205,1
1.2,1.0308446,0.7220257,0.29124248,0.5346008,1
1.2,0.9651871,0.6673126,0.28359544,0.5247812,1
1.2,1.4963819,0.9826075,0.31722382,0.51373214,1
1.2,1.0948331,0.73438907,0.26722974,0.54729116,1
1.2,0.8462748,0.553871,0.3002196,0.5022445,1
1.2,0.98793,0.7017517,0.26333153,0.5264597,1
1.2,1.0872418,0.6768857,0.4,0.55853534,1
1.2,0.98808175,0.6502617,0.32158813,0.5033322,1
1.2,1.5634952,0.8453744,0.36887652,0.5502236,1
1.2,1.4563476,0.9560267,0.37187308,0.541112,1
1.2,0.78758097,0.54507023,0.19850364,0.53917843,1
1.2,1.2822272,0.7617045,0.28245956,0.5525423,1
1.2,1.6152171,1.0,0.4,0.53284925,1
1.2,1.3465016,0.8606697,0.25760272,0.5197936,1
1.2,1.19386,0.7867289,0.37641728,0.55213815,1
1.2,1.2292576,0.90182424,0.4,0.48560414,1
1.2,1.2448028,0.7720555,0.26586407,0.5282078,1
1.2,1.2768757,0.6658417,0.1896558,0.5051429,1
1.2,0.751817,0.5825814,0.23625956,0.48037964,1
1.2,1.033495,0.75307965,0.32234764,0.54787,1
1.2,0.6924947,0.4517545,0.13809127,0.537594,1
1.2,1.0895753,0.81893474,0.4,0.5251244,1
1.2,0.6870824,0.41888878,0.2690681,0.49623147,1
1.2,1.0603591,0.6397758,0.29249758,0.42715567,1
1.2,1.1313913,0.7876472,0.3114556,0.6141792,1
1.2,1.1691426,0.7134733,0.17320119,0.49885014,1
1.2,0.9601383,0.6985935,0.17134383,0.5357577,1
1.2,1.4042948,0.91462857,0.31742713,0.56996584,1
1.2,1.3228452,0.8871239,0.24569698,0.48364756,1
1.2,0.93424076,0.6078143,0.4,0.549186,1
1.2,1.259633,0.79299396,0.21318704,0.50668406,1
1.2,0.82765794,0.57536864,0.39709038,0.5282094,1
1.2,1.0915447,0.594119,0.28087234,0.52161545,1
1.2,1.0460331,0.65393525,0.4,0.5169036,1
1.2,1.2588108,0.69706804,0.17959648,0.51736873,1
1.2,1.3328694,0.8321695,0.30520165,0.56168854,1
1.2,1.4314922,0.802537,0.31420094,0.543166,1
1.2,0.89571905,0.5616376,0.124942094,0.5365721,1
1.2,1.250423,0.8664572,0.37817857,0.6136045,1
1.2,1.5528189,1.0,0.291733,0.5560238,1
1.2,1.1023113,0.8296353,0.24607307,0.5344543,1
1.2,1.6866097,1.0,0.2448505,0.5418127,1
1.2,1.0947155,0.6332753,0.4,0.61906415,1
1.2,1.103132,0.70814323,0.21592811,0.47372362,1
1.2,1.052994,0.6281948,0.35256198,0.546021,1
1.2,0.9009623,0.5753824,0.30207112,0.51841384,1
1.2,1.656527,0.9997344,0.34167993,0.5677148,1
1.2,0.80311584,0.49794978,0.3612605,0.52815485,1
1.2,1.2568737,0.7299721,0.075625464,0.48875818,1
1.2,1.2831429,0.7243076,0.33215266,0.51623535,1
1.2,1.1721402,0.6897043,0.4,0.4809509,1
1.2,1.1107471,0.7177127,0.20351143,0.5317289,1
1.2,1.1418176,0.7208736,0.05,0.4366157,1
1.2,0.9398116,0.6525576,0.4,0.5369434,1
1.2,0.9087439,0.6038229,0.14702697,0.479241,1
1.2,1.1396815,0.61550266,0.4,0.5793029,1
1.2,0.918725,0.5066794,0.30196318,0.6006506,1
1.2,0.87086284,0.613167,0.05,0.46162403,1
1.2,1.4601912,0.93142384,0.4,0.435589,1
1.2,1.1259793,0.74344325,0.15384209,0.50360715,1
1.2,1.1615211,0.6403107,0.15719716,0.544702,1
1.2,1.0049721,0.6603227,0.05,0.6029437,1
1.2,1.510591,0.83307743,0.2604147,0.53749627,1
1.2,0.7552408,0.5331473,0.31235763,0.48393795,1
1.2,1.3398205,0.76763815,0.31596485,0.52596736,1
1.2,0.9397309,0.65385365,0.094220005,0.50210834,1
1.2,1.3083544,0.82704335,0.21739486,0.49938816,1
1.2,1.2307425,0.7965755,0.16194274,0.50592583,1
1.2,1.612061,0.99709654,0.05,0.52275825,1
1.2,1.3142146,0.8764759,0.16895427,0.5402865,1
1.2,1.0250001,0.6568028,0.3661622,0.5410262,1
1.2,1.4560037,0.909182,0.18011619,0.5238268,1
1.2,1.034322,0.6886729,0.29854873,0.56024146,1
1.2,1.8315307,1.0,0.36203435,0.5148818,1
1.2,0.9789721,0.72128034,0.07887416,0.5707621,1
1.2,0.32521504,0.25512558,0.2615494,0.5561456,1
1.2,1.379311,0.8776832,0.355751,0.50893515,1
1.2,1.3391068,0.87707424,0.4,0.5103256,1
1.2,1.40338,0.9491843,0.31355417,0.4952061,1
1.2,1.2241838,0.8131215,0.16065583,0.5664293,1
1.2,0.97098476,0.6907691,0.36634743,0.54763365,1
1.2,1.0258802,0.71335226,0.3114493,0.5082541,1
1.2,1.5364484,0.965277,0.09837531,0.500569,1
1.2,0.7021628,0.48571068,0.4,0.5820875,1
1.2,1.2251153,0.74488807,0.31548935,0.53679216,1
1.2,1.3690795,0.85796964,0.31141528,0.5168908,1
1.2,1.3419678,0.8080985,0.296122,0.4454486,1
1.2,1.0014853,0.66169316,0.32651976,0.51054513,1
1.2,1.6328222,0.9469603,0.24480239,0.5397392,1
1.2,0.6922682,0.48492697,0.2992551,0.52103746,1
1.2,1.1630979,0.7378502,0.17140839,0.4745455,1
1.2,1.2144302,0.7306878,0.30618316,0.4919917,1
1.2,1.263316,0.7569687,0.19700629,0.48028487,1
1.2,1.2408252,0.9025877,0.25740573,0.53895384,1
1.2,0.8006218,0.5249706,0.19817811,0.46551362,1
1.2,1.1775041,0.76980686,0.34438768,0.5347914,1
1.2,1.2068344,0.8391386,0.18135239,0.5013887,1
1.2,1.0305179,0.7111892,0.24111389,0.49372774,1
1.2,1.2285705,0.8685751,0.38911468,0.5123079,1
1.2,0.84702027,0.53457546,0.3022153,0.4921381,1
1.2,1.1275582,0.67540276,0.26764742,0.4940328,1
1.2,1.8564758,1.0,0.05,0.5431432,1
1.2,0.76798207,0.52795106,0.13148035,0.5244181,1
1.2,1.5916173,0.9681168,0.20192164,0.4752339,1
1.2,1.0955572,0.61803347,0.1100504,0.5030485,1
1.2,0.88683546,0.57133067,0.12091256,0.54170763,1
1.2,0.81132215,0.66070974,0.30814418,0.5340766,1
1.2,0.83053225,0.4979112,0.26212737,0.47488222,1
1.2,0.69600743,0.5515822,0.23095787,0.59776175,1
1.2,1.1188563,0.6349322,0.37570366,0.5099754,1
1.2,1.5320551,0.93516463,0.17558509,0.5181799,1
1.2,1.1361233,0.6985242,0.4,0.51238525,1
1.2,1.7717156,1.0,0.4,0.5191336,1
1.2,1.3966348,0.91276133,0.28697076,0.5239094,1
1.2,0.80052954,0.49395883,0.13489544,0.56234413,1
1.2,1.0999359,0.6319928,0.24341534,0.5207926,1
1.2,1.2040682,0.7635253,0.2806978,0.5526189,1
1.2,1.137062,0.72043765,0.3919771,0.48894453,1
1.2,0.9881319,0.7340188,0.27252293,0.5113509,1
1.2,1.014823,0.66345245,0.27333853,0.47655046,1
1.2,1.4111093,0.94689286,0.25308323,0.58018744,1
1.2,1.0540874,0.6242421,0.30206296,0.5770757,1
1.2,0.92827606,0.58275527,0.17105414,0.5319792,1
1.2,1.4125961,0.87042874,0.35281104,0.4586973,1
1.2,1.3485389,0.7748626,0.13708031,0.57619333,1
1.2,0.95606107,0.61295205,0.27911213,0.49116966,1
1.2,1.3786997,0.80415463,0.2739049,0.4992495,1
1.2,1.2004681,0.7628503,0.4,0.5142164,1
1.2,1.2044432,0.73276424,0.31422734,0.47740522,1
1.2,1.2858055,0.72652763,0.4,0.46712682,1
1.2,1.504255,1.0,0.4,0.49035344,1
1.2,1.3468736,0.95356697,0.18492116,0.5141432,1
1.2,1.2170215,0.85112596,0.23052791,0.5341954,1
1.2,1.2891123,0.94326997,0.1165842,0.57382554,1
1.2,0.9646442,0.64893866,0.2571958,0.56655675,1
1.2,0.8806807,0.6157085,0.14106263,0.6268449,1
1.2,1.4448911,0.93426347,0.2629279,0.51264906,1
1.2,0.41131082,0.34338605,0.24218619,0.5453169,1
1.2,1.0230223,0.6555881,0.4,0.4843424,1
1.2,0.9182937,0.67529684,0.15551503,0.60033214,1
1.2,1.1026217,0.73208594,0.17699417,0.52779126,1
1.2,1.0209945,0.64902365,0.4,0.5097226,1
1.2,1.6125823,1.0,0.20272154,0.57594305,1
1.2,1.2156266,0.6804393,0.09828876,0.46935737,1
1.2,1.5722259,0.98418295,0.3539779,0.52111346,1
1.2,0.5409521,0.33895367,0.37816694,0.5488463,1
1.2,1.2690388,0.815953,0.2492575,0.5654193,1
1.2,0.9406727,0.5840717,0.1651756,0.4648394,1
1.2,1.0809852,0.63422036,0.383313,0.5276294,1
1.2,1.032941,0.6122798,0.26842263,0.48357883,1
1.2,0.71438324,0.42060852,0.20347655,0.52338487,1
1.2,1.6179049,0.9475994,0.1360791,0.5208527,1
1.2,1.5725247,0.98968375,0.14197582,0.50911605,1
1.2,0.70190233,0.49432042,0.20689003,0.54192424,1
1.2,1.4145094,0.97078747,0.298646,0.57082635,1
1.2,1.5016861,0.90179366,0.21497567,0.49901807,1
1.2,1.4490619,0.8046599,0.05,0.55567694,1
1.2,0.97061867,0.5764771,0.4,0.5719527,1
1.2,1.156317,0.7570537,0.27125326,0.52565664,1
1.2,1.5749474,1.0,0.08527467,0.4442897,1
1.2,1.2567627,0.7901058,0.13145305,0.49060124,1
1.2,1.1288179,0.6870181,0.05,0.5477604,1
1.2,1.1703653,0.7289104,0.33544558,0.50245184,1
1.2,1.1029071,0.7635429,0.17776108,0.51650923,1
1.2,1.192987,0.66707915,0.3700662,0.5675594,1
1.2,1.1362956,0.6632834,0.34481725,0.5652507,1
1.2,1.2559564,0.7819586,0.108911954,0.5211539,1
1.2,1.735546,1.0,0.30736122,0.50953877,1
1.2,1.190202,0.7596658,0.32830223,0.5308608,1
1.2,0.92149806,0.5998821,0.37321752,0.5861126,1
1.2,1.012828,0.6993377,0.29943246,0.5043421,1
1.2,1.617662,1.0,0.39718363,0.5534541,1
1.2,1.152635,0.60397196,0.3324536,0.55306816,1
1.2,1.1174984,0.73088247,0.35085398,0.56110156,1
1.2,1.0559163,0.7151142,0.05,0.55129504,1
1.2,1.0333886,0.7814051,0.2645259,0.5538326,1
1.2,1.0385957,0.6175897,0.2590138,0.5774966,1
1.2,0.8033593,0.5951965,0.36672735,0.48986578,1
1.2,1.0979656,0.73449624,0.21141769,0.49715713,1
1.2,1.0916414,0.7277481,0.2070827,0.5569543,1
1.2,1.5129863,0.93942606,0.4,0.59093416,1
1.2,1.2562585,0.8391932,0.21960305,0.51694286,1
1.2,1.4287753,1.0,0.21245708,0.47179618,1
1.2,0.9666225,0.64705193,0.117385484,0.47835857,1
1.2,1.0490061,0.81783944,0.05,0.5261986,1
1.2,1.1992247,0.81894314,0.24098325,0.49913016,1
1.2,1.5465865,0.9659092,0.09922486,0.5108003,1
1.2,0.89839095,0.5972708,0.39899415,0.5590248,1
1.2,0.8901685,0.536925,0.30908015,0.5527233,1
1.2,0.73223484,0.42281502,0.26723617,0.5180746,1
1.2,1.4871793,0.9366973,0.17315091,0.5391079,1
1.2,0.9200357,0.65491897,0.26765403,0.5223281,1
1.2,1.143795,0.7673999,0.3235837,0.5081511,1
1.2,1.3158762,0.8785377,0.17904289,0.5971692,1
1.2,0.8792194,0.55134267,0.34640974,0.46871525,1
1.2,0.560713,0.3871915,0.34524578,0.46635097,1
1.2,1.0924886,0.6521405,0.27130678,0.49941528,1
1.2,0.82278425,0.51486796,0.30834958,0.4698925,1
1.2,0.94038254,0.6342602,0.4,0.51329947,1
1.2,1.8645872,1.0,0.05,0.60416615,1
1.2,1.1778946,0.7085382,0.32763085,0.55797,1
1.2,1.380851,0.8438936,0.1798044,0.5578241,1
1.2,1.2201523,0.741146,0.17232063,0.53179485,1
1.2,1.4811199,0.89714646,0.35834044,0.46033916,1
1.2,1.2842861,0.83548707,0.4,0.44408947,1
1.2,1.1411219,0.6807774,0.3355213,0.56192756,1
1.2,1.4472234,0.8802241,0.24769473,0.50263,1
1.2,0.94358,0.60540587,0.15428051,0.5050436,1
1.2,1.0738884,0.7060277,0.32983845,0.5207249,1
1.2,1.3162854,0.8386475,0.05,0.4684577,1
1.2,0.9676913,0.6168657,0.3008758,0.5055739,1
1.2,0.78301084,0.50018126,0.14195608,0.48442346,1
1.2,1.5482316,0.9911824,0.14924163,0.5536697,1
1.2,0.7142075,0.42000723,0.08540752,0.5731563,1
1.2,0.9953183,0.62831384,0.32142323,0.5870627,1
1.2,1.3978024,0.9924607,0.29488108,0.51636267,1
1.2,0.9273337,0.54227954,0.3499875,0.5037382,1
1.2,1.1707537,0.8388678,0.18324047,0.59654117,1
1.2,1.0212537,0.6788337,0.33195832,0.55774957,1
1.2,0.9496504,0.6142731,0.4,0.5378952,1
1.2,1.0108898,0.63366693,0.31159607,0.5528293,1
1.2,1.3433528,0.8029435,0.36271122,0.5133196,1
1.2,1.2443999,0.72884095,0.22804411,0.54032063,1
1.2,1.3104047,0.8294856,0.1874563,0.6288619,1
1.2,1.2184019,0.83763534,0.2322222,0.59333277,1
1.2,1.1463256,0.8161533,0.28467086,0.5248321,1
1.2,1.885064,1.0,0.21383438,0.54143685,1
1.2,1.1161025,0.67992127,0.19931321,0.5129409,1
1.2,1.1865203,0.70780605,0.36714885,0.52094156,1
1.2,1.1503783,0.7000513,0.10538001,0.5335475,1
1.2,1.0264717,0.6431217,0.15836808,0.5131312,1
1.2,1.1959056,0.7818376,0.2661244,0.5745317,1
1.2,1.3169767,0.8011147,0.13952288,0.5178808,1
1.2,0.8666127,0.61150455,0.29842535,0.5146062,1
1.2,1.2368933,0.8233836,0.4,0.48905385,1
1.2,1.3354282,0.74943614,0.25335816,0.52166915,1
1.2,1.6411115,1.0,0.3729798,0.46496844,1
1.2,0.8952378,0.57281625,0.24603805,0.4869929,1
1.2,1.2625114,0.7209599,0.31663615,0.5974069,1
1.2,1.4596397,1.0,0.2571788,0.52164775,1
1.2,1.2776031,0.85685515,0.4,0.5414154,1
1.2,1.2598956,0.86411035,0.27728662,0.531385,1
1.2,1.1827065,0.6618495,0.29222336,0.4773892,1
1.2,0.9851974,0.7104046,0.08169083,0.49838364,1
1.2,1.0418898,0.68511134,0.18250088,0.50808287,1
1.2,0.7359009,0.6023354,0.4,0.4762111,1
1.2,0.950981,0.6563914,0.17981072,0.5274532,1
1.2,1.3827053,0.8736278,0.4,0.49226245,1
1.2,1.2192012,0.81313664,0.05,0.52712476,1
1.2,1.1406898,0.7710009,0.4,0.55610126,1
1.2,1.2887888,0.6560864,0.2143289,0.55339897,1
1.2,1.504113,0.9278858,0.077029325,0.54211193,1
1.2,1.3900056,0.7667389,0.06739933,0.481942,1
1.2,1.2105565,0.8830823,0.32508332,0.46561596,1
1.2,0.85837376,0.55592895,0.4,0.52086383,1
1.2,1.0105913,0.5844851,0.2570154,0.52969426,1
1.2,1.054882,0.5986055,0.3180144,0.5373353,1
1.2,1.1346864,0.7431577,0.103909135,0.46568125,1
1.2,1.4287322,0.8353492,0.3934855,0.5734014,1
1.2,1.1586202,0.76187426,0.4,0.56469804,1
1.2,1.304715,0.7549734,0.37147376,0.48358345,1
1.2,1.0498381,0.6600708,0.22441433,0.52473325,1
1.2,0.60335326,0.43369034,0.31600848,0.5068432,1
1.2,1.1312288,0.7842705,0.29305047,0.4856699,1
1.2,1.2868152,0.8808928,0.2608548,0.5246692,1
1.2,1.2846801,0.74869657,0.19892456,0.5116989,1
1.2,1.1888496,0.74801487,0.37402672,0.5383352,1
1.2,0.85028666,0.5749869,0.34391695,0.5578743,1
1.2,0.63248307,0.43973306,0.30111635,0.5905822,1
1.2,1.3890544,0.81126034,0.4,0.520564,1
1.2,2.0,1.0,0.18880452,0.5426994,1
1.2,1.6268688,0.92013294,0.3297508,0.50596315,1
1.2,1.5847137,1.0,0.2901915,0.640305,1
1.2,1.0288526,0.75486994,0.4,0.51645,1
1.2,1.5768164,1.0,0.21636164,0.5474214,1
1.2,1.1039855,0.66339314,0.16005206,0.57151556,1
1.2,1.5795615,1.0,0.24571273,0.5416352,1
1.2,1.8745415,1.0,0.2528195,0.52839494,1
1.2,1.1503503,0.7605814,0.4,0.44020578,1
1.2,1.8894753,1.0,0.3561525,0.5476062,1
1.2,1.2982078,0.9134191,0.3487501,0.5131769,1
1.2,1.1419395,0.6732722,0.1566816,0.4677703,1
1.2,1.0876867,0.6647354,0.10193039,0.5619417,1
1.2,0.8323239,0.6463468,0.18122514,0.51460826,1
1.2,1.1993382,0.7420488,0.3167813,0.57486945,1
1.2,0.85590374,0.56871086,0.30723438,0.46784148,1
1.2,1.1985153,0.82520264,0.22384372,0.54849756,1
1.2,0.780114,0.5845804,0.30446425,0.5137042,1
1.2,1.2480559,0.74511003,0.14519063,0.5292913,1
1.2,1.3286237,0.8309463,0.16030349,0.4728578,1
1.2,1.2251164,0.77869016,0.27704284,0.5288699,1
1.2,1.0843084,0.744293,0.15722658,0.5331058,1
1.2,0.9476104,0.6168491,0.23429199,0.48826066,1
1.2,1.8111403,1.0,0.4,0.5097688,1
1.2,1.0181068,0.69256985,0.26639315,0.55895,1
1.2,1.0346385,0.6200999,0.32659292,0.5577881,1
1.2,1.2136288,0.790751,0.1272662,0.49519408,1
1.2,1.1749008,0.6760367,0.25336438,0.5203684,1
1.2,1.4130876,0.872471,0.27523342,0.54116017,1
1.2,1.3258653,0.89756554,0.059719704,0.5103938,1
1.2,1.4065589,0.9124626,0.3137856,0.53497803,1
1.2,1.7865529,1.0,0.34942526,0.4662304,1
1.2,1.2126889,0.7925401,0.4,0.507601,1
1.2,0.8315144,0.60421777,0.12849143,0.5914476,1
1.2,1.104143,0.7539694,0.15386337,0.5455737,1
1.2,1.2474891,0.7974128,0.22415622,0.4823002,1
1.2,1.0721928,0.6436811,0.21487506,0.49212337,1
1.2,1.2593838,0.7616448,0.4,0.5178204,1
1.2,0.63074136,0.39574033,0.4,0.5519617,1
1.2,0.9946996,0.6487919,0.17942527,0.55613923,1
1.2,1.1219627,0.7635871,0.16923735,0.5576781,1
1.2,0.74505216,0.5124173,0.33879477,0.50284386,1
1.2,0.95694697,0.5359868,0.29421517,0.5127664,1
1.2,0.9948073,0.6658752,0.05350632,0.5515731,1
1.2,1.1489915,0.6752116,0.25701755,0.56091243,1
1.2,1.6079628,0.9468717,0.11344733,0.48030648,1
1.2,1.2415357,0.85253125,0.22828445,0.53380907,1
1.2,0.8331694,0.54439455,0.4,0.5765461,1
1.2,1.1521702,0.6878177,0.39860126,0.493178,1
1.2,1.25522,0.73748165,0.315717,0.5205724,1
1.2,1.5725026,0.9547935,0.15760688,0.51543456,1
1.2,1.1847552,0.77933484,0.4,0.49367866,1
1.2,1.0098118,0.6525796,0.39068875,0.52395684,1
1.2,1.5371317,1.0,0.21666478,0.48832503,1
1.2,1.1211791,0.7271095,0.07590793,0.46732977,1
1.2,1.1637602,0.6343629,0.35399866,0.5111285,1
1.2,1.3637925,0.8397465,0.4,0.5765467,1
1.2,1.2571493,0.7588339,0.29548392,0.5724073,1
1.2,1.2872441,0.84475845,0.23753396,0.53493994,1
1.2,1.322626,0.8270007,0.3826333,0.53316045,1
1.2,1.2815795,0.85399777,0.4,0.51106113,1
1.2,1.4970458,0.93405825,0.18044552,0.5104394,1
1.2,0.8511495,0.5250599,0.15001932,0.52517915,1
1.2,1.3931844,0.85798943,0.24811034,0.4768103,1
1.2,1.009197,0.57631665,0.12096745,0.5127409,1
1.2,0.9907643,0.66966605,0.30423406,0.52968997,1
1.2,1.2643497,0.79315096,0.17767736,0.5401062,1
1.2,1.2138269,0.84413004,0.32451278,0.52023757,1
1.2,1.4619079,0.9425595,0.4,0.537009,1
1.2,1.3325447,0.8151016,0.39111096,0.47517154,1
1.2,1.5024397,0.7803932,0.35030773,0.50100636,1
1.2,1.395439,0.808868,0.2597022,0.5581836,1
1.2,1.6037092,1.0,0.24063452,0.44792405,1
1.2,1.076183,0.67575526,0.12046927,0.5152689,1
1.2,1.4852245,0.8787671,0.05,0.5188018,1
1.2,1.008443,0.6394264,0.4,0.49217206,1
1.2,1.445651,0.92315185,0.22273618,0.4838064,1
1.2,1.1730379,0.7050927,0.36854237,0.56761974,1
1.2,0.9903492,0.6435189,0.4,0.5171562,1
1.2,0.89976764,0.535271,0.4,0.5564741,1
1.2,1.1943743,0.7812787,0.3003537,0.5799669,1
1.2,1.5474321,1.0,0.24530151,0.4738191,1
1.2,1.3098912,0.86854017,0.20569415,0.4627571,1
1.2,1.527415,0.94076526,0.31492573,0.49199536,1
1.2,1.2577157,0.8713664,0.4,0.5664766,1
1.2,1.2704077,0.7851414,0.17108601,0.5201847,1
1.2,1.3777055,0.8383705,0.18112063,0.48201874,1
1.2,1.0236539,0.58778137,0.4,0.5646583,1
1.2,1.1944894,0.79916334,0.2973693,0.5221164,1
1.2,1.5961266,0.9535071,0.20595615,0.532565,1
1.2,0.97017217,0.69491637,0.26925588,0.5343291,1
1.2,1.4961581,0.9005818,0.3717588,0.5346699,1
1.2,1.3811556,0.9266406,0.10346193,0.5586817,1
1.2,1.4918641,0.9102317,0.20885527,0.51889586,1
1.2,1.447539,1.0,0.3809816,0.5323705,1
1.2,1.2893507,0.8719886,0.14091337,0.52766246,1
1.2,1.3456845,0.87762773,0.38991708,0.57594514,1
1.2,0.996909,0.7846856,0.20008744,0.5435431,1
1.2,0.83748525,0.56639147,0.3082025,0.5337998,1
1.2,0.8474888,0.595934,0.32956338,0.59816456,1
1.2,1.0626543,0.7356596,0.3303626,0.5065501,1
1.2,1.1049217,0.7476252,0.05,0.5634803,1
1.2,1.2029821,0.7951845,0.16511428,0.5069638,1
1.2,1.278082,0.8419381,0.4,0.5048755,1
1.2,0.9700997,0.6862933,0.20014988,0.5584586,1
1.2,1.035805,0.6026228,0.13095354,0.51986474,1
1.2,1.1101011,0.7700713,0.100368634,0.6225427,1
1.2,1.358852,0.98413396,0.0891615,0.52793837,1
1.2,1.2418007,0.836783,0.4,0.50883305,1
1.2,1.3640219,0.9160669,0.4,0.52412707,1
1.2,1.2957476,0.7635551,0.058218047,0.53056765,1
1.2,0.8760554,0.46780834,0.36923426,0.41990638,1
1.2,1.3610499,0.8329716,0.16152036,0.54154485,1
1.2,1.0113213,0.7174835,0.31495896,0.48324704,1
1.2,1.690265,0.9274613,0.34031907,0.52213156,1
1.2,1.6720387,1.0,0.24065134,0.5305174,1
1.2,1.095932,0.6553071,0.066479154,0.52008545,1
1.2,1.2414129,0.74733245,0.4,0.556291,1
1.2,1.1985277,0.76008046,0.4,0.5397089,1
1.2,1.298315,0.7125842,0.22505493,0.5651498,1
1.2,1.0786474,0.68416226,0.11071028,0.5278484,1
1.2,1.4690108,0.8936184,0.4,0.5056179,1
1.2,1.1868573,0.8155441,0.12020766,0.5635243,1
1.2,0.6252429,0.44202277,0.4,0.5547734,1
1.2,0.99073,0.69586295,0.38261256,0.56551355,1
1.2,1.3140123,0.7674179,0.123724416,0.5385263,1
1.2,0.9373216,0.5474504,0.21053341,0.45586848,1
1.2,1.0639087,0.69949234,0.33903065,0.5184021,1
1.2,1.0775228,0.67785484,0.21743505,0.5388417,1
1.2,1.4145962,0.7957139,0.08572917,0.48837656,1
1.2,1.0219383,0.6915213,0.05,0.5840719,1
1.2,0.9651962,0.57720035,0.07983882,0.53100926,1
1.2,1.2320486,0.6832406,0.35239106,0.5096343,1
1.2,1.4904561,0.98285204,0.20401086,0.52908033,1
1.2,0.85494804,0.6300331,0.2228191,0.4996989,1
1.2,1.617774,1.0,0.4,0.49761084,1
1.2,0.7949574,0.56914884,0.37189382,0.52212656,1
1.2,0.8134161,0.4768486,0.3060569,0.48504618,1
1.2,1.3408184,0.82010204,0.10717263,0.5051219,1
1.2,1.5925068,0.879411,0.19894376,0.46984813,1
1.2,1.5045027,0.9251108,0.14926949,0.5509861,1
1.2,1.2633098,0.71493894,0.073004596,0.5255428,1
1.2,1.1944462,0.8932736,0.2892503,0.5356569,1
1.2,0.8926073,0.61719406,0.31518486,0.4758662,1
1.2,1.3475728,0.86442965,0.2573808,0.50477856,1
1.2,1.2500582,0.7238093,0.29611075,0.42222533,1
1.2,1.3473331,0.80577654,0.36408356,0.4810336,1
1.2,1.3696862,0.92833954,0.3889805,0.5224969,1
1.2,1.6621678,1.0,0.29707432,0.5301599,1
1.2,0.9512457,0.71395797,0.36410674,0.48633263,1
1.2,1.1235826,0.71372664,0.14361735,0.5245881,1
1.2,1.1932269,0.73724174,0.28989536,0.5575525,1
1.2,0.9428987,0.5527028,0.25222057,0.5677016,1
1.2,1.6492397,0.9958588,0.2400309,0.50215244,1
1.2,1.1242553,0.7482104,0.28627822,0.53662384,1
1.2,1.1845012,0.79639715,0.32655567,0.49355325,1
1.2,1.1103976,0.6811654,0.3376446,0.47095793,1
1.2,0.80794126,0.48012555,0.39242467,0.5825992,1
1.2,1.4466733,0.808722,0.22690804,0.47400936,1
1.2,1.2147179,0.8626782,0.4,0.45127115,1
1.2,0.665012,0.56296617,0.13441898,0.48568478,1
1.2,1.7558059,1.0,0.27458936,0.5079202,1
1.2,1.2982787,0.88802814,0.11223243,0.50579804,1
1.2,0.8350917,0.5330989,0.4,0.4776732,1
1.2,0.9825902,0.68430656,0.4,0.54869246,1
1.2,1.1089053,0.68941087,0.263527,0.42404068,1
1.2,1.0727869,0.65134597,0.19446473,0.52386504,1
1.2,0.9910222,0.6596969,0.12567809,0.57771385,1
1.2,1.231284,0.80892867,0.28377166,0.52512735,1
1.2,0.71544534,0.4657837,0.24491131,0.50603586,1
1.2,1.2244855,0.7741239,0.39970103,0.5132223,1
1.2,0.9273518,0.6225539,0.4,0.5229501,1
1.2,1.3404671,0.8309753,0.34025174,0.55236036,1
1.2,1.5481997,0.9264918,0.31128472,0.47300184,1
1.2,1.4732107,1.0,0.35952264,0.48063272,1
1.2,1.2527978,0.7236821,0.36279595,0.4863691,1
1.2,1.244788,0.70850563,0.3921577,0.4800769,1
1.2,0.9811222,0.6271617,0.4,0.5730119,1
1.2,1.6131854,0.962408,0.24012582,0.53107315,1
1.2,1.0747638,0.6824469,0.2054734,0.6078202,1
1.2,1.3616792,0.80393225,0.18866324,0.51690185,1
1.2,1.0322059,0.7220384,0.4,0.51498646,1
1.2,1.0024221,0.63517916,0.36300164,0.48385957,1
1.2,0.90153843,0.63535213,0.4,0.49557537,1
1.2,1.259024,0.7725193,0.25223103,0.5529214,1
1.2,1.2224017,0.87076247,0.22873656,0.61941254,1
1.2,1.4009136,0.9794185,0.35662773,0.50961643,1
1.2,1.2489299,0.82907873,0.37828812,0.48596552,1
1.2,1.5465757,0.9865518,0.36566174,0.53866184,1
1.2,1.1312656,0.6785338,0.3734477,0.4981828,1
1.2,1.0790972,0.7096919,0.19360082,0.5481119,1
1.2,1.5615242,0.99379814,0.34950244,0.48239452,1
1.2,1.4827595,0.95178574,0.29720026,0.5828914,1
1.2,1.4974706,0.9432967,0.4,0.5370034,1
1.2,1.2649843,0.73807645,0.11979178,0.53705144,1
1.2,1.0487342,0.7271713,0.18874666,0.50418955,1
1.2,1.3858962,0.9343851,0.4,0.49497396,1
1.2,1.1660486,0.69407916,0.33676413,0.43933973,1
1.2,0.84767914,0.5235309,0.4,0.5036929,1
1.2,1.3297403,0.7644314,0.2510719,0.49538237,1
1.2,1.0072016,0.70790005,0.380559,0.5587544,1
1.2,1.6650605,1.0,0.13198802,0.5440597,1
1.2,0.79006964,0.6271788,0.25914004,0.48716134,1
1.2,0.89135885,0.5826064,0.4,0.44751927,1
1.2,1.3147614,0.7823076,0.4,0.51999265,1
1.2,1.4089737,0.77415574,0.26444632,0.5709344,1
1.2,1.3443576,0.7916117,0.15468821,0.54396784,1
1.2,0.79931086,0.5836215,0.30510175,0.5115133,1
1.2,1.0592111,0.650549,0.3383868,0.53822297,1
1.2,1.5366147,0.9041093,0.4,0.50785196,1
1.2,1.3977145,0.88614565,0.4,0.56540954,1
1.2,1.534307,0.9626226,0.05,0.5975293,1
1.2,1.1306282,0.73398745,0.26413646,0.5488788,1
1.2,1.4797548,0.9301709,0.4,0.48070598,1
1.2,0.8441826,0.66579217,0.22935514,0.45763758,1
1.2,1.2664183,0.86384845,0.29349953,0.53175837,1
1.2,1.1566885,0.7707278,0.34580693,0.5283592,1
1.2,1.5356243,1.0,0.4,0.5315676,1
1.2,1.1467783,0.7026244,0.27237964,0.41771585,1
1.2,0.97858644,0.7162252,0.4,0.5208353,1
1.2,0.75290585,0.54635054,0.23416992,0.5106864,1
1.2,0.8388711,0.62150526,0.4,0.53597933,1
1.2,1.123018,0.7290496,0.2674323,0.54608905,1
1.2,1.3079182,0.7257643,0.2424785,0.5092082,1
1.2,0.8994911,0.5280784,0.32672557,0.45626348,1
1.2,0.93826526,0.643335,0.3231133,0.4959283,1
1.2,0.89718646,0.6635031,0.27793652,0.56940764,1
1.2,0.5942274,0.37626487,0.2556157,0.513676,1
1.2,0.8158632,0.5160663,0.22352295,0.528434,1
1.2,0.86064136,0.587426,0.35644662,0.5730694,1
1.2,0.9963101,0.646824,0.24822351,0.55434495,1
1.2,0.77900404,0.54467994,0.2953972,0.5708899,1
1.2,1.52787,0.9607521,0.28181487,0.5606796,1
1.2,1.1274422,0.74740124,0.4,0.47712624,1
1.2,1.3633763,0.9447387,0.3698463,0.49076247,1
1.2,1.184344,0.7223131,0.27781934,0.55238324,1
1.2,0.6956216,0.47773728,0.16908923,0.5278663,1
1.2,1.2626731,0.81150895,0.31343758,0.52713144,1
1.2,1.4481779,0.9653953,0.21204203,0.5317818,1
1.2,1.5969242,0.9720458,0.2486771,0.5694706,1
1.2,1.6788664,1.0,0.31494573,0.44548497,1
1.2,1.0557265,0.6919835,0.31752965,0.5157781,1
1.2,1.4297069,0.75045574,0.21554944,0.5205395,1
1.2,1.3302635,0.86409813,0.4,0.56747437,1
1.2,0.9472688,0.65299916,0.101153225,0.5578589,1
1.2,0.6705029,0.48544258,0.39148688,0.52744114,1
1.2,1.2792959,0.8263503,0.38856992,0.49488583,1
1.2,1.2122693,0.7683375,0.4,0.5217355,1
1.2,0.9753976,0.62746376,0.3526786,0.62939143,1
1.2,1.4483681,0.8597967,0.25216803,0.5605642,1
1.2,1.336816,0.883464,0.33299553,0.5517884,1
1.2,1.5843842,0.94183207,0.28994447,0.5589673,1
1.2,1.5358944,0.90801316,0.30078986,0.5056589,1
1.2,1.1395836,0.78560704,0.30377448,0.5452503,1
1.2,1.2811267,0.7700162,0.14879684,0.61202735,1
1.2,1.1380152,0.70640033,0.38529283,0.55121607,1
1.2,1.2991215,0.8322352,0.12470491,0.48234028,1
1.2,1.1072792,0.8006326,0.094939925,0.5403122,1
1.2,1.4189336,0.8365116,0.05,0.54899526,1
1.2,0.9362165,0.7129784,0.12244917,0.5580146,1
1.2,1.0215676,0.69375736,0.16629249,0.5399491,1
1.2,0.85465086,0.5604414,0.21135125,0.5563933,1
1.2,1.2961079,0.860358,0.21205296,0.5875568,1
1.2,0.855382,0.566014,0.38692734,0.58765477,1
1.2,1.1555406,0.719678,0.38984773,0.5257146,1
1.2,1.4821362,0.79609364,0.14679603,0.5539682,1
1.2,1.0774764,0.6891776,0.36071214,0.4590944,1
1.2,1.3381443,0.8308434,0.19747746,0.49509984,1
1.2,0.9789667,0.671574,0.4,0.49975786,1
1.2,1.1639544,0.8213525,0.20097348,0.52016866,1
1.2,0.9497205,0.70018303,0.23399256,0.47122848,1
1.2,0.741992,0.4454432,0.17164305,0.52773845,1
1.2,1.1334959,0.79360086,0.2967745,0.48865148,1
1.2,0.7552832,0.52206486,0.1483598,0.47087488,1
1.2,1.3277802,0.89111936,0.28081954,0.44218272,1
1.2,1.3435472,0.83903027,0.4,0.5003907,1
1.2,1.4247909,0.768506,0.4,0.53571963,1
1.2,1.7599072,1.0,0.33162352,0.54149246,1
1.2,1.1892877,0.7484732,0.29229566,0.54641783,1
1.2,1.4268605,0.8298657,0.15717308,0.51850647,1
1.2,1.0254844,0.61289054,0.26984137,0.53577316,1
1.2,0.9730859,0.6114762,0.4,0.51532346,1
1.2,1.4150417,0.9776764,0.2794406,0.50277394,1
1.2,0.9658012,0.66897315,0.22090271,0.47264317,1
1.2,1.6162976,0.9335669,0.22169887,0.4935922,1
1.2,1.1275445,0.72454023,0.30640364,0.48713273,1
1.2,1.5538496,0.8725219,0.32469597,0.5559962,1
1.2,1.6507467,1.0,0.38870627,0.49367106,1
1.2,0.8008111,0.4676121,0.08836852,0.5500994,1
1.2,1.3409956,0.9360939,0.30491924,0.5107277,1
1.2,1.6076325,1.0,0.2788207,0.5777239,1
1.2,1.6606244,0.9713076,0.39807853,0.4796684,1
1.2,1.5660232,0.959599,0.16729613,0.4690828,1
1.2,1.3589398,0.90115523,0.33197054,0.5539796,1
1.2,0.93123025,0.6853271,0.22557206,0.5446135,1
1.2,1.1792231,0.766665,0.24712105,0.5206156,1
1.2,1.1673754,0.74738276,0.22786441,0.5403047,1
1.2,1.3369869,0.7638758,0.2232639,0.5083098,1
1.2,1.4748912,0.91374534,0.32335094,0.5209284,1
1.2,1.0756376,0.71715134,0.17917949,0.44384408,1
1.2,0.65419304,0.42063048,0.07052021,0.53192484,1
1.2,1.3661622,0.82278186,0.2743322,0.48333296,1
1.2,1.0650365,0.68995965,0.35189542,0.60972583,1
1.2,1.299738,0.8950401,0.13831002,0.5897764,1
1.2,1.2514906,0.77981186,0.11708481,0.44391808,1
1.2,0.9553793,0.6063293,0.27705145,0.4931479,1
1.2,1.1349657,0.6769474,0.29775032,0.5031642,1
1.2,1.1124964,0.7583632,0.33108836,0.48237422,1
1.2,0.7724555,0.5966507,0.4,0.5276064,1
1.2,1.2345325,0.77255917,0.2923883,0.51861525,1
1.2,0.8634139,0.5996491,0.4,0.5651095,1
1.2,1.0803392,0.7069972,0.2908963,0.6036454,1
1.2,1.120972,0.6068529,0.34003597,0.46562704,1
1.2,0.9331496,0.6633448,0.33900398,0.57340056,1
1.2,0.9949063,0.57886374,0.4,0.5063961,1
1.2,1.1920933,0.7813341,0.12643519,0.54674673,1
1.2,1.0911082,0.73642766,0.16523781,0.5845942,1
1.2,1.3075143,0.90002275,0.1822698,0.5452884,1
1.2,1.3166904,0.79160523,0.17109326,0.53918886,1
1.2,1.1388226,0.6689524,0.22831133,0.5169567,1
1.2,1.4297342,0.8158677,0.38980204,0.56790364,1
1.2,1.3397939,0.983854,0.24090968,0.50732565,1
1.2,1.1341063,0.95587206,0.23867759,0.55288154,1
1.2,1.0847508,0.6226417,0.39250085,0.5566144,1
1.2,1.1296604,0.6731988,0.14545245,0.5041151,1
1.2,1.6184196,1.0,0.0650416,0.58529747,1
1.2,0.900888,0.6232063,0.25198168,0.547576,1
1.2,1.4228017,0.79033124,0.05,0.52954906,1
1.2,1.2423326,0.75909424,0.089820616,0.52117926,1
1.2,1.0999458,0.6670114,0.39130482,0.53671986,1
1.2,1.2385855,1.0,0.2782293,0.509098,1
1.2,1.2817996,0.76319504,0.2291458,0.47440138,1
1.2,0.8465632,0.5678074,0.3643937,0.50659245,1
1.2,1.2617177,0.7569646,0.28903854,0.6404634,1
1.2,1.1407516,0.76685244,0.35157737,0.53440124,1
1.2,1.4805773,0.95456356,0.26381856,0.48121133,1
0.9498813,0.57269,0.6446606,0.13542181,0.48392996,2
0.9945369,0.47482407,0.6321142,0.31004894,0.41067016,2
1.1439915,0.5870554,0.60429907,0.21734528,0.51988775,2
0.97901005,0.38075468,0.4510722,0.25098255,0.42445573,2
0.9255532,0.30281213,0.5246302,0.32196546,0.45957878,2
0.8302202,0.28983942,0.5142943,0.21430036,0.49653137,2
1.0385051,0.3732522,0.4793878,0.12873748,0.49660572,2
0.89681137,0.4000404,0.6970062,0.06685609,0.49978265,2
0.81175226,0.47395882,0.8546821,0.05,0.4888896,2
1.0584618,0.2864112,0.23978454,0.06531499,0.48796898,2
0.95254326,0.35403648,0.44362068,0.10848952,0.4842918,2
1.0876757,0.4064052,0.51685506,0.05,0.4950023,2
1.061903,0.7089834,0.82106197,0.30167657,0.5444342,2
0.9507886,0.20399861,0.3086804,0.05,0.5035114,2
1.0544466,0.41146126,0.3809458,0.26523834,0.51513875,2
1.2,0.74547,0.6627425,0.2691765,0.44962534,2
0.8389238,0.545817,0.8816457,0.32431155,0.5611169,2
0.88885415,0.2827125,0.43604794,0.4,0.49621975,2
1.0194188,0.56990635,0.7643559,0.4,0.47319534,2
1.0524843,0.839319,0.9705926,0.090312585,0.50264436,2
1.0980909,0.630942,0.7214317,0.15163426,0.51079863,2
0.87234294,0.44267097,0.787633,0.05094502,0.4798988,2
1.1448009,0.9163845,0.86863244,0.05,0.46943742,2
1.0412273,0.73652864,0.8685733,0.31031665,0.4769046,2
0.98841256,0.42216054,0.5123008,0.05347681,0.4941711,2
0.7696836,0.1,0.36778283,0.05,0.58009887,2
1.1543313,0.24818026,0.26679018,0.20911807,0.48175302,2
0.87485325,0.37133813,0.64588404,0.10094659,0.51293194,2
0.8624908,0.40138593,0.69697756,0.21649602,0.47501433,2
1.0865076,0.49047494,0.55163276,0.22953235,0.5391763,2
1.0367686,0.49580333,0.5835024,0.18922523,0.47382346,2
1.0420414,0.5858917,0.6501213,0.33064514,0.58203334,2
1.2,0.97245467,0.7160218,0.18677032,0.51972705,2
0.8879404,0.48932877,0.67081106,0.18138671,0.47928017,2
1.1812328,0.48298988,0.4268203,0.30662552,0.49520844,2
1.0542849,0.6592751,0.883164,0.18781358,0.5004206,2
1.2,1.0058001,0.6041871,0.31864712,0.49131712,2
1.0676128,0.50706387,0.648068,0.4,0.5447811,2
0.98858196,0.48837012,0.5060649,0.0845818,0.46452206,2
0.9792379,0.41991112,0.5132058,0.06624879,0.49082983,2
0.96325576,0.38748437,0.4698078,0.074687496,0.48067093,2
0.8688683,0.41608092,0.58048826,0.3560093,0.5074839,2
1.2,0.69533765,0.5496745,0.2172275,0.42978245,2
0.92892164,0.5033735,0.7149828,0.10506243,0.48542678,2
0.9794016,0.33856592,0.42730594,0.16036856,0.46043542,2
1.0194136,0.5372161,0.6033319,0.05,0.4707636,2
1.0692381,0.38795805,0.37770846,0.05,0.53258294,2
1.1090666,0.5579905,0.51499265,0.1917228,0.475224,2
1.2,0.60131806,0.54204935,0.29007462,0.5340696,2
0.9437726,0.5640132,0.7586628,0.05,0.5338338,2
1.0590901,0.27605128,0.44726363,0.20538804,0.48908666,2
0.7661584,0.30203775,0.57325274,0.1277318,0.45631543,2
0.9035754,0.4768543,0.7210291,0.3009975,0.5232856,2
1.0048559,0.44545716,0.46297005,0.21304369,0.4798106,2
0.9668246,0.28542674,0.41289496,0.080164,0.54174846,2
1.1732222,0.526552,0.4957653,0.22261076,0.59839416,2
1.0866835,0.43113837,0.5582497,0.20844704,0.50126374,2
1.051255,0.5178703,0.5712565,0.12287962,0.5010625,2
0.93169874,0.32550168,0.5162473,0.13878822,0.5131922,2
0.9882891,0.6860416,0.7422537,0.4,0.5193182,2
1.0638487,0.71860677,0.73494285,0.1456265,0.59801567,2
1.2,1.0378118,0.7119066,0.39649582,0.4828442,2
1.0643017,0.30299827,0.33232185,0.13589312,0.47432083,2
0.92967343,0.28017494,0.36867335,0.38991523,0.5246851,2
1.1524216,0.15171812,0.2,0.324545,0.46205258,2
1.0300627,0.7677703,0.8241403,0.21782827,0.48522037,2
0.6989303,0.24086426,0.7238988,0.21426661,0.5290511,2
0.8929359,0.4677117,0.74473,0.0873768,0.5592747,2
1.0075046,0.41503447,0.48701206,0.26634485,0.6144388,2
0.94762623,0.41494697,0.5996303,0.24668537,0.4107022,2
1.0415998,0.26853967,0.3826513,0.05,0.4922944,2
1.0660821,0.42918935,0.49188468,0.29184645,0.5080527,2
0.9224346,0.4841276,0.7640527,0.33046204,0.46338835,2
1.1284169,0.6051585,0.6321326,0.20659742,0.53172535,2
1.2,1.0325962,0.78175426,0.13844454,0.53930074,2
1.2,0.59176,0.48102683,0.17189251,0.5082808,2
1.0727669,0.7090946,0.7575837,0.25699583,0.5602822,2
1.1364967,0.6113995,0.6271192,0.1831952,0.56013006,2
1.1108924,0.41332418,0.39938483,0.15813687,0.4445939,2
0.86124533,0.28885064,0.49093556,0.24070935,0.54657143,2
0.96277875,0.21342652,0.2994353,0.20461468,0.5154582,2
0.9138229,0.18876076,0.3694622,0.16606687,0.48307166,2
1.0238702,0.38194793,0.44337815,0.4,0.47802913,2
1.1825647,0.794034,0.67805475,0.09948413,0.518978,2
0.9257108,0.3578932,0.5553825,0.05,0.47066715,2
0.8011391,0.24947806,0.5594797,0.05,0.43383807,2
0.9862202,0.6456144,0.8525502,0.18156752,0.4785657,2
1.2,0.8183164,0.6584039,0.1135396,0.49342096,2
0.8644368,0.44395918,0.66185015,0.05914614,0.48520213,2
1.0247777,0.4249001,0.4802484,0.29727107,0.47473392,2
0.7898118,0.33970606,0.6536209,0.15070991,0.44849813,2
0.90289265,0.5723122,0.8863996,0.05278354,0.4902824,2
0.9201242,0.4764303,0.63746786,0.26513812,0.5188723,2
1.1893725,0.65257466,0.64294404,0.07522838,0.52836895,2
0.8882731,0.37415946,0.69187856,0.09257126,0.5679026,2
1.2,0.8061759,0.6580173,0.14326826,0.52247685,2
1.1944807,0.60228884,0.4257973,0.3179508,0.47590664,2
0.8811764,0.4738252,0.7036808,0.16922037,0.5340037,2
1.0936203,0.2566471,0.41822812,0.14690715,0.47835544,2
0.8373931,0.2118544,0.47243217,0.120790094,0.46722808,2
1.0988162,0.8556222,0.79509044,0.06615052,0.54328895,2
1.2,0.6938024,0.5914978,0.26345658,0.48868284,2
0.9525575,0.36448875,0.44447303,0.1251539,0.46325243,2
1.0169008,0.5012896,0.59251684,0.24045376,0.52989846,2
0.681561,0.24323294,0.6601038,0.15641846,0.39787403,2
1.2,0.61160785,0.48558196,0.23879717,0.49037665,2
0.82732517,0.41476727,0.7644523,0.14758545,0.50362146,2
0.997777,0.67166954,0.9597896,0.05894495,0.4868491,2
1.0489476,0.26534495,0.3452649,0.22683406,0.5009711,2
1.1557996,0.69459623,0.62590486,0.23615868,0.54998595,2
0.9631401,0.25125512,0.35179853,0.30297527,0.46787474,2
1.1152711,0.6760851,0.60532594,0.05,0.49411783,2
0.9453595,0.30812797,0.38509262,0.05,0.51221853,2
0.7874712,0.33129555,0.6350578,0.20175447,0.5158019,2
1.1881644,0.966168,0.84801376,0.12978946,0.5068562,2
0.94770217,0.6646033,0.9047108,0.2982152,0.5381952,2
0.9053505,0.4379455,0.56814104,0.24659328,0.5056899,2
0.91931456,0.44531295,0.78435916,0.097128645,0.48535106,2
0.7458678,0.55147576,0.96002215,0.069254816,0.52156544,2
1.0409847,0.61572033,0.6623451,0.19214128,0.5730148,2
0.8320632,0.26811308,0.4775615,0.22616917,0.4796271,2
1.2,0.7654693,0.64040154,0.4,0.4943495,2
0.9799602,0.6297267,0.8491997,0.14287294,0.5059699,2
1.1664042,0.7927869,0.75165594,0.05,0.4546051,2
0.8345059,0.3585686,0.5711293,0.16838624,0.5010328,2
0.932536,0.22600554,0.34013987,0.4,0.3917704,2
1.1411564,0.44387352,0.41208616,0.2321603,0.4984835,2
1.1793855,0.9799482,0.88578236,0.22879463,0.52335757,2
1.1762195,0.52841854,0.5662097,0.32194492,0.46595085,2
1.0696632,0.62782204,0.7830539,0.12656544,0.54002213,2
0.8255966,0.45513102,0.681577,0.05,0.5001432,2
1.1396241,0.5595628,0.51218575,0.34781292,0.521758,2
0.83565944,0.2891193,0.560867,0.38689324,0.5161477,2
0.9055992,0.42886066,0.5011474,0.08077665,0.44502425,2
1.1001742,0.80844194,0.79270136,0.05,0.53366935,2
0.9057105,0.3893526,0.50555617,0.05,0.48536128,2
0.93293786,0.6412594,0.94085735,0.22579336,0.4630534,2
0.9599142,0.50867707,0.6802596,0.13126428,0.52936095,2
1.140091,0.38353398,0.42238247,0.18664336,0.44701394,2
1.1271306,0.7937299,0.80826384,0.23475651,0.47904631,2
1.2,0.7035494,0.44901422,0.23309992,0.504148,2
1.0849501,0.25666764,0.30888587,0.289819,0.45465428,2
1.1560372,0.8526049,0.77055675,0.05,0.5331221,2
0.87733537,0.37043208,0.637659,0.11075932,0.51046264,2
1.1401156,0.67649096,0.64561737,0.05,0.54081285,2
1.18497,0.30665463,0.31898573,0.14502026,0.4627078,2
1.1090713,0.63241,0.6333796,0.4,0.4198881,2
0.7343582,0.3433246,0.7771295,0.2235214,0.48069984,2
0.7644905,0.24819008,0.6335279,0.2765981,0.5527475,2
0.9167573,0.33412382,0.45879352,0.35247868,0.475787,2
1.0314522,0.41471726,0.4480318,0.05,0.46142522,2
0.8580361,0.38777414,0.6315036,0.10484281,0.5138023,2
1.0690821,0.8433848,0.85593456,0.30940372,0.48470387,2
0.970294,0.39486933,0.5044553,0.14822014,0.48731792,2
1.0697937,0.7132391,0.7806888,0.27582282,0.5261244,2
1.0490161,0.59048384,0.64051414,0.17549445,0.4908595,2
0.87837714,0.23869789,0.44809726,0.11046966,0.5184235,2
1.0749998,0.73037773,0.74560934,0.4,0.556328,2
1.0934217,0.72432435,0.69299924,0.21993925,0.4832766,2
0.9170928,0.60007334,0.71071965,0.25084794,0.46663892,2
0.9817602,0.6499802,0.8457486,0.31592157,0.42066792,2
0.9144364,0.29910323,0.5405888,0.05,0.4571305,2
0.92574334,0.30818206,0.46820587,0.13717122,0.537198,2
0.94806063,0.3017207,0.24716815,0.05,0.4243007,2
1.1143053,0.44930688,0.53172344,0.2404847,0.48009506,2
0.73726815,0.2869427,0.73144925,0.0649093,0.47074008,2
1.1419387,1.0679191,0.922752,0.32042894,0.5030393,2
1.1708044,0.3810716,0.35543597,0.05,0.5215821,2
1.0524199,0.55593395,0.5701201,0.17389643,0.45637286,2
1.1193347,0.5264528,0.4561391,0.05,0.57566625,2
1.1821743,0.54325575,0.52959526,0.1051908,0.45609024,2
0.7922019,0.2740877,0.6323189,0.1217418,0.475526,2
0.84395385,0.46135908,0.72563493,0.25463444,0.48864236,2
1.1758316,0.57062393,0.51615965,0.14148906,0.50091153,2
1.1307137,0.43168187,0.39110574,0.098752216,0.4732898,2
1.151331,0.60378164,0.5490886,0.29104662,0.55944943,2
0.7726844,0.35491225,0.4314643,0.079756774,0.47944304,2
1.1790719,0.44310907,0.38404158,0.18897676,0.48338684,2
0.65157545,0.21103096,0.46475857,0.2685545,0.44366887,2
1.1984861,0.37479332,0.31708118,0.4,0.5044682,2
1.1426154,0.7958456,0.69032794,0.05,0.48998603,2
1.0091243,0.39867964,0.4841078,0.05,0.51677614,2
0.8239695,0.43439874,0.6673536,0.05,0.56842744,2
1.1997753,0.7455094,0.64743286,0.05,0.45986214,2
1.0473115,0.41669142,0.4440852,0.078655235,0.4983187,2
0.89245486,0.59988916,0.83087915,0.10802432,0.48854634,2
1.0275922,0.5128943,0.63398576,0.05,0.488861,2
0.91697764,0.38689563,0.58347994,0.14761232,0.5175749,2
0.91249925,0.63213193,0.8655228,0.15808012,0.48039675,2
0.6832915,0.17631285,0.3112129,0.2779936,0.5118551,2
1.1576604,0.76476806,0.64740247,0.1982409,0.49679506,2
0.70601785,0.29876715,0.67057973,0.116993636,0.5562654,2
1.124812,0.6247128,0.6296135,0.30249062,0.48160273,2
1.2,0.20538217,0.21158653,0.05,0.54761106,2
0.73065746,0.12516487,0.3412088,0.16328545,0.47121814,2
1.1050986,0.54779303,0.54784733,0.09073755,0.5283489,2
0.9985715,0.4094349,0.50604296,0.13917658,0.4921173,2
0.78117836,0.3172242,0.6407585,0.31762186,0.4521108,2
1.098231,0.37547177,0.39786187,0.2181184,0.48991257,2
1.0022799,0.49835706,0.61353374,0.12947702,0.4803504,2
1.0991801,0.38923436,0.27339882,0.14670302,0.47075638,2
1.0092244,0.43711343,0.55932033,0.18089908,0.5118319,2
1.0813184,0.4791637,0.37654808,0.112831354,0.4848181,2
1.2,0.65015686,0.6714335,0.05,0.48833266,2
0.91076684,0.26011515,0.38084275,0.05,0.48330802,2
0.95476264,0.47759598,0.5976324,0.18405557,0.45567393,2
0.94452125,0.35827813,0.52243465,0.06634151,0.43943033,2
0.93755496,0.3567056,0.44885483,0.05,0.4859291,2
1.113849,0.66857016,0.6491134,0.065951966,0.4612067,2
1.0371612,0.479329,0.6554012,0.16052969,0.52532583,2
0.9297002,0.45242214,0.7221305,0.16818021,0.5017528,2
0.8384839,0.38159743,0.53061277,0.17887083,0.48802128,2
1.0330849,0.43091804,0.47449192,0.05,0.50475407,2
1.0988702,0.48042366,0.56593454,0.11384342,0.41922605,2
1.2,0.51734865,0.37718806,0.18763447,0.48304465,2
1.0211002,0.45005545,0.51422876,0.2820253,0.4801596,2
0.9401056,0.37656528,0.46944818,0.12664434,0.5041841,2
0.64337504,0.13944659,0.5974667,0.05,0.51094395,2
0.8573276,0.3669809,0.7221133,0.050136086,0.48482218,2
0.87590504,0.60138655,0.9306518,0.22619918,0.45242256,2
1.1196513,0.7886525,0.8085014,0.3917754,0.53541064,2
0.98323923,0.38504517,0.5156788,0.37440488,0.45086503,2
1.2,0.48563227,0.4147278,0.2909251,0.50610137,2
0.9762365,0.43116358,0.59577304,0.09876652,0.49872547,2
0.9989461,0.49816057,0.61943984,0.19364698,0.45466936,2
0.80531967,0.32459402,0.65138817,0.21550329,0.52345103,2
0.8462119,0.18734774,0.389669,0.34698695,0.52172244,2
0.95211196,0.3495903,0.49145973,0.36299106,0.5143335,2
1.0201404,0.59463054,0.5851552,0.22533788,0.5575796,2
0.9968745,0.64795834,0.8134528,0.4,0.56638604,2
0.98895836,0.6720709,0.83791065,0.13368686,0.5293726,2
1.0858569,0.54276055,0.47857636,0.10429398,0.4960883,2
0.9287215,0.27461293,0.39551115,0.17205648,0.5201875,2
0.72212124,0.35224444,0.7798026,0.05,0.55721,2
0.9015398,0.3973325,0.6532168,0.05,0.4660787,2
0.8225243,0.19858989,0.6217401,0.14096451,0.49876896,2
0.8333782,0.43215635,0.77470106,0.182211,0.4295594,2
1.0956956,0.8015495,0.739181,0.057937324,0.45212469,2
0.9917714,0.6240342,0.72861993,0.13002701,0.4709251,2
1.0920441,0.50649184,0.5228462,0.08763923,0.53850806,2
1.156455,0.62335473,0.56991875,0.38870102,0.49102467,2
0.9073917,0.3599074,0.45381665,0.21012595,0.45516568,2
0.93478674,0.5306287,0.6721867,0.05,0.4939303,2
0.9309584,0.457746,0.6279515,0.05,0.5250964,2
0.87788796,0.41624779,0.6302613,0.18625051,0.51006764,2
0.9506643,0.66237634,0.86816865,0.26321504,0.5764506,2
1.0469538,0.54129493,0.55350375,0.07988606,0.46585834,2
1.2,0.5833291,0.44697618,0.08876178,0.53317726,2
1.0414581,0.47429278,0.6269973,0.07345859,0.52435726,2
1.0550733,0.5704723,0.68106455,0.2038529,0.4951588,2
1.0213778,0.6183533,0.7007247,0.05,0.49857986,2
1.1781713,0.29238802,0.3200209,0.05,0.5173193,2
1.1080915,0.36058158,0.34425178,0.26354918,0.5193986,2
1.0043234,0.36019924,0.47918138,0.23047669,0.49662957,2
1.0565082,0.4131805,0.49715483,0.13473374,0.5219144,2
0.8441409,0.367868,0.60216784,0.37052354,0.4838723,2
0.8429294,0.22106002,0.5364209,0.32117063,0.47184786,2
1.1041838,0.77221006,0.68399733,0.05,0.48955578,2
0.70222455,0.22996931,0.47685385,0.05,0.43928427,2
1.2,0.6911947,0.5585935,0.13497978,0.48635668,2
0.74129206,0.3213659,0.6245392,0.20472792,0.5494479,2
1.0087632,0.43218786,0.5908664,0.33653653,0.55615044,2
0.89259005,0.19543251,0.35769796,0.23180832,0.40319744,2
0.69362926,0.36966962,0.7624135,0.13988462,0.4610493,2
0.7975233,0.25767294,0.57957673,0.18856782,0.5230184,2
0.8892382,0.31374663,0.5521446,0.12401839,0.4956966,2
1.1587273,0.32153994,0.300057,0.12873098,0.5337388,2
0.93320155,0.42879668,0.6128555,0.3387067,0.46226266,2
1.2,0.97894603,0.8110998,0.16177201,0.5151085,2
1.013248,0.60213566,0.8020691,0.059631612,0.46884257,2
0.8488841,0.34060284,0.65356326,0.32228974,0.4895423,2
1.0769019,0.43400282,0.4425752,0.09246356,0.4790037,2
1.2,0.9535679,0.7071607,0.4,0.4984219,2
1.0658646,0.65074575,0.7137333,0.4,0.4579183,2
0.8156315,0.46356058,0.6703986,0.14838651,0.46723747,2
0.7872665,0.25608772,0.58094347,0.05,0.49737522,2
0.5676598,0.1845483,0.6634323,0.3953659,0.48545587,2
1.2,0.6718123,0.50126207,0.31218454,0.4990973,2
0.9536465,0.50282097,0.6158926,0.23747559,0.45958915,2
0.9880597,0.5892939,0.78156805,0.2044703,0.45588833,2
0.9773589,0.68541306,0.84073657,0.05,0.5045371,2
1.0469671,0.6282615,0.7517986,0.111811586,0.49748257,2
1.0011774,0.81959903,0.95993865,0.17725368,0.52159387,2
1.0087411,0.3933985,0.5206459,0.25250718,0.3960997,2
0.8661155,0.2505802,0.4226052,0.21972439,0.44648594,2
0.88779736,0.36610442,0.5314546,0.09527903,0.50262785,2
1.1019882,0.5619999,0.6477426,0.35837942,0.45545167,2
0.89135784,0.21808971,0.4202051,0.4,0.53964037,2
1.1505816,0.55297524,0.53473824,0.18411142,0.43724588,2
1.12512,0.24593914,0.27852547,0.16514288,0.44804376,2
0.84102815,0.4678526,0.719108,0.4,0.4923687,2
0.88926274,0.30434912,0.44463423,0.13209936,0.47652787,2
1.1605777,0.63993037,0.596033,0.14352189,0.513222,2
0.9346488,0.6030784,0.7973807,0.28736404,0.60142726,2
1.0717382,0.4977638,0.4883878,0.32677686,0.48066306,2
0.92993957,0.3202987,0.5578222,0.2746412,0.5384526,2
1.0763443,0.52831316,0.5796343,0.2425219,0.5155303,2
0.8503529,0.15596572,0.28860787,0.13541462,0.4118233,2
0.7682781,0.1,0.54653347,0.13399848,0.43198767,2
0.86751586,0.5342635,0.97444504,0.118977666,0.50471944,2
1.0153213,0.43791923,0.5601559,0.05,0.4732875,2
0.97752047,0.4644078,0.65222496,0.15652865,0.4792664,2
0.9526415,0.47998893,0.6351123,0.2563725,0.5052716,2
0.7804131,0.25762907,0.62993634,0.100549884,0.5368812,2
0.9732422,0.49253044,0.6270957,0.21216322,0.4903607,2
0.93822813,0.31261897,0.4643994,0.28293067,0.49534628,2
0.90238225,0.40283853,0.60295403,0.13011447,0.5077546,2
1.0670464,0.46344674,0.57248586,0.18682441,0.5657363,2
1.0616689,0.947287,0.9780875,0.10820292,0.4503917,2
0.94770765,0.3838343,0.5600673,0.31092706,0.4981696,2
0.8443611,0.36026007,0.6452165,0.05,0.5472574,2
0.85343033,0.5057979,0.79360354,0.05,0.551644,2
1.0501235,0.7364772,0.8552153,0.15543996,0.47297722,2
0.9533865,0.6405626,0.77716684,0.06819215,0.45473617,2
1.0310415,0.5515061,0.7005638,0.3362307,0.47222215,2
0.9781803,0.5242034,0.7278921,0.22229543,0.52130723,2
1.1440289,0.4334923,0.46149075,0.30739996,0.5923885,2
0.8740109,0.44450042,0.67250115,0.19882268,0.42861217,2
1.0212913,0.6618804,0.72285753,0.18509564,0.48346806,2
1.0937494,0.36074615,0.32164854,0.10529254,0.48488212,2
1.0005729,0.34821928,0.52114433,0.17510143,0.4658264,2
0.79944044,0.2809265,0.55923855,0.2781734,0.5094887,2
0.9884402,0.34326243,0.4505459,0.17940538,0.43751594,2
1.0025142,0.15575998,0.26314473,0.08038987,0.4562309,2
1.0003501,0.49234867,0.7152755,0.3560987,0.59568024,2
1.042752,0.4136742,0.47940403,0.19943266,0.5443508,2
1.0296184,0.7464287,0.912638,0.3706004,0.57822126,2
1.0214015,0.28949258,0.32174224,0.05,0.5634365,2
1.1776425,0.60875815,0.5749756,0.4,0.47400835,2
1.0021778,0.42623684,0.56410164,0.27053207,0.43210962,2
1.1207907,0.45572558,0.45135757,0.3226526,0.49786478,2
0.9481218,0.20377928,0.3920913,0.31721774,0.51884747,2
1.1663054,0.8637537,0.80962074,0.30384952,0.43188953,2
1.0922762,0.57455474,0.53417933,0.05,0.52416897,2
1.0381391,0.33780536,0.4172332,0.20819159,0.4741098,2
1.0217754,0.39385384,0.5123911,0.112752,0.47356403,2
0.9253763,0.63495696,0.87365615,0.19914438,0.5129834,2
0.92477053,0.6006513,0.81576073,0.18184511,0.44179943,2
1.2,0.60544187,0.45185474,0.2977917,0.4983209,2
0.9075251,0.26025268,0.34430146,0.107861705,0.51750994,2
0.75971,0.29468024,0.58189285,0.066948615,0.4686528,2
0.8127654,0.3677038,0.72907573,0.29655695,0.5087326,2
0.9246781,0.41765139,0.587879,0.22303471,0.47409835,2
1.1517947,0.5209451,0.52582103,0.33538842,0.5304142,2
0.785689,0.34824347,0.72868663,0.1038778,0.53443253,2
1.2,1.0451416,0.83833635,0.17214087,0.51259595,2
1.0129274,0.44672427,0.5989468,0.100401565,0.51833224,2
0.89323115,0.33358634,0.452928,0.17806238,0.5384567,2
0.6686036,0.17281264,0.57699305,0.05,0.5240346,2
0.74284065,0.27632833,0.6112043,0.05,0.5173514,2
0.9069937,0.3700252,0.5707527,0.24311095,0.54390764,2
1.0030652,0.5352412,0.62871575,0.17597705,0.5771347,2
0.680962,0.3207725,0.5332524,0.13711937,0.5443076,2
1.024741,0.51333743,0.5566306,0.19673936,0.48986158,2
0.891452,0.35497826,0.44906023,0.08419091,0.53629786,2
1.0153831,0.46475574,0.53526163,0.17415611,0.4847141,2
1.1848146,0.76608837,0.71866894,0.2824426,0.46420527,2
1.2,0.42487457,0.39691246,0.377864,0.5653532,2
1.0373927,0.6061363,0.6095761,0.124202706,0.42418444,2
0.807099,0.30638647,0.6584308,0.15614851,0.44998953,2
0.7053697,0.23757187,0.6412153,0.4,0.5384568,2
0.97106826,0.35864037,0.3923647,0.18487523,0.49060184,2
1.0781475,0.64151794,0.739377,0.05,0.47193795,2
0.76187766,0.21629883,0.36890703,0.30381143,0.45781106,2
0.6366898,0.18637301,0.41955045,0.17919023,0.417238,2
0.8790084,0.28213152,0.5982822,0.33820078,0.50050384,2
0.918996,0.42035446,0.6883733,0.21377175,0.48976803,2
1.0566322,0.42766988,0.44548434,0.26534,0.46191722,2
0.9836661,0.4653924,0.64774084,0.25793052,0.5360453,2
0.84523475,0.32459342,0.6188798,0.3552734,0.4944878,2
1.075775,0.4066894,0.47011828,0.27123156,0.4993923,2
0.7815769,0.34834507,0.52605355,0.05,0.52973694,2
0.85503995,0.22387919,0.39820197,0.05,0.49971932,2
0.8510801,0.4191206,0.73842883,0.33501494,0.46131146,2
0.9719507,0.5147033,0.71338445,0.13383141,0.50073034,2
1.2,0.61842316,0.4392203,0.31968802,0.5078657,2
0.921656,0.42512727,0.68029225,0.05,0.49398682,2
1.0519098,0.32980302,0.43797228,0.05,0.46141374,2
1.2,0.98605347,0.803484,0.16245705,0.49014091,2
1.2,0.92179275,0.6515275,0.305965,0.46241733,2
0.774685,0.35529438,0.804731,0.05,0.41588983,2
0.9468531,0.39422905,0.48584136,0.27605852,0.4700168,2
0.9651603,0.6493273,0.79896504,0.25681135,0.45198664,2
0.82813424,0.31332967,0.5969418,0.05,0.5068109,2
0.99386215,0.43428722,0.68620056,0.25425613,0.5137009,2
1.1918495,0.70864975,0.5803372,0.05,0.4137092,2
0.9412834,0.36668742,0.45735064,0.09071392,0.5026205,2
1.2,0.7279025,0.61927253,0.103398584,0.5104843,2
1.0284287,0.35922256,0.43816146,0.2161736,0.4743032,2
1.1088902,0.51598275,0.5404454,0.05,0.48047566,2
1.1536952,0.6018396,0.45748872,0.22938114,0.5982047,2
1.2,0.55174524,0.4185532,0.26261914,0.48825124,2
0.77878016,0.18310288,0.37351575,0.11449962,0.47295454,2
1.0912743,0.8297228,0.78269154,0.06685444,0.5164326,2
0.9631182,0.34695548,0.48486602,0.4,0.46722087,2
1.0005093,0.49742404,0.605948,0.05,0.49474645,2
0.9726389,0.74535555,0.8731157,0.05855707,0.5747424,2
0.6772032,0.24106069,0.59420794,0.102460116,0.42799848,2
0.79951954,0.24213222,0.558458,0.1612497,0.4576127,2
0.8944421,0.22394407,0.40133628,0.11772774,0.47725785,2
1.1103348,0.79593605,0.70574355,0.3624703,0.47817183,2
0.96468264,0.50645566,0.6276927,0.05,0.55719745,2
1.0615724,0.5382828,0.6202356,0.33710963,0.47568893,2
0.9969059,0.5289563,0.6186753,0.39138174,0.43900275,2
0.99815005,0.3014437,0.33194318,0.12513576,0.49325922,2
0.7699688,0.21032515,0.47189295,0.38692784,0.5440286,2
1.1725943,0.5983023,0.5941289,0.21811353,0.45417628,2
1.0053641,0.69521034,0.8021333,0.28927362,0.4188343,2
1.0655171,0.64831984,0.66784465,0.23945801,0.5074348,2
0.83440834,0.2878222,0.5595725,0.05,0.5105501,2
0.9654445,0.34257436,0.45563307,0.14369676,0.50007087,2
0.9498356,0.249448,0.39834252,0.24325761,0.5202475,2
0.9875872,0.7797953,0.9112831,0.1882113,0.48087034,2
1.1461318,0.52695435,0.5017466,0.05,0.45539835,2
0.92520857,0.42524627,0.5846109,0.05,0.43594852,2
1.0691687,0.47801948,0.5357592,0.16223897,0.50236917,2
1.0894121,0.5436143,0.5835912,0.2541573,0.53331435,2
1.102581,0.39048854,0.43017662,0.36682612,0.48475263,2
0.793725,0.2088507,0.48296377,0.31203136,0.47002828,2
1.2,0.8091463,0.6769179,0.26297244,0.4668331,2
0.9873163,0.5007448,0.56636345,0.28638318,0.551045,2
0.75807625,0.31968522,0.5753901,0.05,0.4986966,2
0.80561066,0.17924826,0.4685319,0.05,0.49578455,2
0.79779273,0.29120842,0.54738164,0.1428946,0.527892,2
0.86020494,0.40576667,0.6866416,0.05,0.57573485,2
1.0184721,0.45620722,0.5999865,0.25022408,0.53742695,2
0.84484524,0.43146905,0.7013177,0.18866043,0.50653183,2
1.1050527,0.5790056,0.5645486,0.16094515,0.5382591,2
0.78944457,0.24358074,0.51098144,0.22838731,0.50536937,2
0.9475102,0.41924524,0.50789404,0.2992135,0.492109,2
1.1735501,0.5986766,0.52482486,0.18573086,0.535324,2
1.1168138,0.4379841,0.4033668,0.14678666,0.49884763,2
0.9555649,0.4352828,0.57480913,0.13291134,0.544689,2
0.97870666,0.11386897,0.2,0.3879158,0.5266413,2
0.9624639,0.43373945,0.65341425,0.08439508,0.5294688,2
0.8339559,0.39571032,0.6993915,0.22890767,0.51625437,2
1.2,0.67061603,0.55327266,0.4,0.49866605,2
0.82753813,0.27193537,0.50474167,0.05,0.5214231,2
1.0871485,0.49701604,0.48758247,0.114520155,0.52959377,2
0.6354848,0.2764158,0.74860966,0.29539895,0.4685153,2
1.2,0.69869375,0.57018745,0.14777842,0.53693527,2
0.83130246,0.2773413,0.5732956,0.32393485,0.43197143,2
0.7329242,0.11959677,0.5809506,0.18861066,0.503884,2
0.8851938,0.34245268,0.5023656,0.10005196,0.49260348,2
0.9525776,0.29549053,0.3724902,0.22051299,0.46525222,2
1.0193979,0.70840424,0.83517885,0.24570896,0.5041995,2
0.95908606,0.37661645,0.6109312,0.27148297,0.4938395,2
1.0142444,0.5292777,0.590054,0.28702265,0.50814736,2
1.1709197,0.52428436,0.49101233,0.056268275,0.48141217,2
1.2,0.6295692,0.4158684,0.2833573,0.5292665,2
0.6743502,0.1171776,0.4011867,0.21705179,0.5414868,2
0.87237805,0.46203518,0.73712784,0.12057282,0.5165082,2
1.0655259,0.7463768,0.77853197,0.32608944,0.48069185,2
0.8754087,0.10867605,0.4622908,0.4,0.4987719,2
1.2,1.1591703,0.8444243,0.15712045,0.47378296,2
1.125244,0.73333657,0.7731645,0.06299327,0.48373267,2
1.0920484,0.36232978,0.46818087,0.16849361,0.43951982,2
0.98120135,0.32897204,0.47730902,0.31988758,0.45187008,2
1.136724,0.45437703,0.52178717,0.05,0.48178977,2
1.1159602,0.53770703,0.5245886,0.38648173,0.48646787,2
1.0590117,0.58084524,0.6697943,0.14622723,0.51251316,2
1.1966908,0.5335918,0.45938852,0.2782393,0.49279618,2
1.0902214,0.5517606,0.7154448,0.16114073,0.42097366,2
0.8218528,0.4626127,0.8582387,0.12263448,0.43793848,2
0.8433961,0.51587063,0.78763247,0.2279527,0.5612626,2
1.127361,0.613054,0.5871207,0.05,0.4784822,2
0.98140866,0.73494077,0.8869606,0.05,0.5505435,2
1.0001917,0.3287128,0.4245979,0.05,0.45072457,2
0.9086882,0.4096329,0.70104945,0.4,0.49843505,2
1.1750132,0.48595116,0.44680375,0.4,0.52297145,2
0.9713489,0.5929058,0.7583677,0.13844909,0.41079494,2
1.080278,0.7031405,0.7728641,0.12285555,0.4614087,2
0.99806356,0.60843414,0.8404866,0.33559558,0.5052487,2
0.8943647,0.4307459,0.65202796,0.21787395,0.4273205,2
1.0039761,0.45023295,0.4478229,0.062164836,0.48260137,2
0.98700184,0.63547355,0.77676994,0.27611053,0.45674795,2
0.98891836,0.4034377,0.3876167,0.2995413,0.5043449,2
1.0667374,0.5292661,0.69106156,0.32576624,0.48399723,2
0.8220963,0.22193211,0.5116803,0.2538621,0.4955079,2
0.8591426,0.48836893,0.74158657,0.05,0.5138724,2
1.0238204,0.40797013,0.47312433,0.3770216,0.5049863,2
1.003713,0.64373624,0.7757055,0.0676459,0.5377789,2
0.93491465,0.35093617,0.45249388,0.09931237,0.5508686,2
0.90237063,0.34118673,0.49712294,0.06982909,0.5593877,2
1.1176261,0.7158329,0.8052591,0.05,0.48224106,2
0.8094628,0.32068682,0.56158996,0.35356492,0.44776937,2
0.80358624,0.36330837,0.66809416,0.2878342,0.51807666,2
1.1340374,0.34548235,0.3489673,0.05,0.52713084,2
0.7991246,0.3384632,0.7063124,0.084321134,0.47190154,2
1.157581,0.67987067,0.7058235,0.2599509,0.54382575,2
1.0949775,0.51452905,0.60430217,0.111358844,0.42271554,2
1.0649295,0.6979017,0.690413,0.05,0.5305392,2
1.0303425,0.3969142,0.5087645,0.21683739,0.47388414,2
1.0079442,0.3539252,0.4180733,0.20824103,0.43311748,2
1.1231451,0.5895796,0.6676317,0.2273818,0.41638184,2
1.1795588,1.1308575,1.0,0.09763053,0.43967962,2
0.70048994,0.32632774,0.78731096,0.05,0.58106005,2
1.0018358,0.5413204,0.72148657,0.39546213,0.48224077,2
0.8822157,0.5392991,0.85713106,0.21389571,0.5837024,2
1.1446232,0.48476884,0.50515336,0.1925761,0.5207688,2
0.9884098,0.43861935,0.5301581,0.26192522,0.5112976,2
0.98128575,0.5541612,0.65571725,0.16608156,0.5257332,2
0.78885096,0.1,0.24075225,0.16631037,0.44485083,2
0.95471936,0.37877172,0.49522802,0.20525031,0.5203965,2
1.2,0.93070656,0.7931876,0.17081584,0.53170806,2
1.1079465,1.0380598,0.96024954,0.25759596,0.49213216,2
0.8693174,0.3934394,0.4591185,0.095429555,0.5324302,2
1.1207461,0.48707625,0.5330619,0.35672188,0.45979592,2
0.9770395,0.41006845,0.4329331,0.13535206,0.47052056,2
1.1030983,0.5558852,0.6119564,0.1241074,0.5951289,2
1.1107901,0.6368664,0.6952164,0.4,0.4921635,2
1.2,1.0257449,0.73913956,0.22653168,0.39887235,2
0.9717496,0.3966244,0.47238427,0.39493573,0.5558894,2
0.98679477,0.6273132,0.8581751,0.05,0.5078931,2
0.9112476,0.3141706,0.5164024,0.289545,0.50031805,2
0.9385283,0.4305743,0.5974279,0.05,0.53833055,2
1.0609076,0.570652,0.58033055,0.061627645,0.49475068,2
0.9079023,0.24066903,0.37548962,0.05,0.4960824,2
0.86514884,0.30134407,0.5393282,0.19438826,0.49122036,2
1.1458883,0.6924861,0.64995056,0.12418505,0.48723888,2
1.2,0.82375777,0.6907007,0.13538696,0.47957906,2
1.1583031,0.87720037,0.86928254,0.2506559,0.48475114,2
1.2,0.74226725,0.5336271,0.2701801,0.42512903,2
1.0316613,0.46543005,0.61726433,0.23109825,0.4552941,2
1.2,0.8583728,0.69142395,0.13362898,0.4989109,2
1.0088217,0.6228213,0.69319504,0.3393808,0.46904287,2
0.6998391,0.17111324,0.5241149,0.39536425,0.45774418,2
1.0582788,0.43114835,0.54410875,0.05,0.52240354,2
0.93258554,0.47537488,0.6150764,0.05,0.5076552,2
1.0688599,0.8145805,0.8508187,0.16736571,0.5273542,2
0.9553656,0.2959016,0.4014943,0.05,0.43665874,2
0.87005734,0.30767864,0.43945286,0.10825027,0.5066655,2
0.988141,0.16496925,0.2092741,0.17808647,0.48391107,2
1.0849937,0.62901664,0.6366018,0.32433665,0.5235504,2
1.1722357,0.54619396,0.4418321,0.10566603,0.45738545,2
0.9197486,0.4175623,0.6031019,0.20143425,0.46413288,2
1.0352236,0.21438228,0.33399498,0.08492496,0.47363743,2
0.8898565,0.38112414,0.7061736,0.3032935,0.5132642,2
0.9056788,0.4145409,0.6703759,0.3770706,0.49278936,2
1.0019118,0.416981,0.49874288,0.4,0.5135084,2
1.027745,0.40587622,0.5064496,0.34260437,0.49626824,2
0.8894332,0.26174107,0.3552017,0.1390195,0.52265364,2
1.2,0.8973597,0.7374183,0.12310881,0.45352316,2
0.90532845,0.31518123,0.4942432,0.244531,0.53703624,2
0.955671,0.38061026,0.4731342,0.17332715,0.4461004,2
1.2,0.8578816,0.7246133,0.34281203,0.47539002,2
0.69821477,0.1371597,0.27050206,0.18220398,0.41940695,2
1.0471892,0.46906894,0.54776114,0.1459712,0.44267276,2
0.9364622,0.3718373,0.48968735,0.05,0.46516803,2
0.9126992,0.62198126,0.8612297,0.17933007,0.5819293,2
0.9574486,0.32117,0.5211813,0.25601032,0.53160626,2
0.6717487,0.28852603,0.8679378,0.24419187,0.54017746,2
0.78143,0.46527484,0.76689094,0.13675065,0.519376,2
0.917514,0.4880456,0.6814669,0.195576,0.46263903,2
1.0135767,0.52982235,0.59280694,0.32380614,0.46952936,2
0.9215608,0.3198491,0.5138004,0.17096645,0.5010096,2
0.9868106,0.39445308,0.5885198,0.05,0.56359965,2
0.8193085,0.21513912,0.46621102,0.34551567,0.4872955,2
0.84469324,0.38818035,0.562008,0.13409665,0.45586964,2
0.7437542,0.1366934,0.4029027,0.25293973,0.5426867,2
0.8247976,0.30779904,0.5356921,0.4,0.4302708,2
0.9700751,0.18748769,0.26053527,0.05,0.45947564,2
1.2,0.48586425,0.35678834,0.21208245,0.54537714,2
0.9996365,0.60601914,0.62496436,0.14794476,0.5094278,2
0.88468444,0.20449266,0.30495957,0.27340063,0.45401236,2
1.2,0.43398917,0.38829556,0.25848585,0.4597536,2
1.1444904,0.83692306,0.7829716,0.20965432,0.48195767,2
1.1489917,0.6483895,0.5666395,0.05,0.5310148,2
0.8316851,0.40249673,0.8710997,0.13615113,0.51468533,2
1.0924883,0.37769067,0.3633312,0.27305028,0.52696747,2
1.0248168,0.25563037,0.27955508,0.16626996,0.4897257,2
1.2,0.9971039,0.77698255,0.15770459,0.5099018,2
0.8076651,0.39197943,0.7744068,0.05,0.45024535,2
0.9588272,0.6210857,0.8263966,0.16155304,0.46881354,2
1.0238231,0.371156,0.46222886,0.05,0.53437537,2
1.2,0.410239,0.40580374,0.24025327,0.50976956,2
1.0952132,0.7882747,0.8028896,0.098828815,0.4969499,2
1.1686262,0.22403166,0.2,0.1865523,0.50330925,2
0.8761753,0.3043465,0.586548,0.3892142,0.543727,2
0.9464345,0.24019983,0.43842623,0.067537196,0.5367732,2
1.167544,0.46291226,0.434981,0.1743483,0.45891654,2
1.0109235,0.49756408,0.6212069,0.22561641,0.5302251,2
0.8930387,0.23102592,0.539957,0.09054243,0.50821036,2
0.9977807,0.4578093,0.6310578,0.07583357,0.44210634,2
0.8691819,0.27145073,0.29058662,0.14418888,0.5311107,2
0.7511684,0.388493,0.7903987,0.06779832,0.55879945,2
1.0284748,0.6494391,0.7894972,0.082383536,0.52290887,2
0.9307743,0.37473077,0.4583598,0.05113307,0.50989366,2
0.9310959,0.6221542,0.9301285,0.29322022,0.5239719,2
1.1200601,0.3611659,0.33983937,0.07564897,0.43824753,2
0.94707066,0.5832348,0.8182846,0.14294322,0.5625291,2
0.9170085,0.38922378,0.4704271,0.056962155,0.46414617,2
1.1421219,0.46412635,0.35674325,0.05059517,0.5024759,2
1.0778744,0.422152,0.43586978,0.24864131,0.5040073,2
1.0282367,0.43348584,0.5391767,0.2828855,0.5430563,2
0.93694866,0.40519407,0.5989667,0.19526218,0.48434758,2
1.0233278,0.46343562,0.5946949,0.22943132,0.4180596,2
1.0762724,0.36737338,0.29293752,0.076602824,0.45275697,2
0.89472574,0.49705207,0.75441164,0.4,0.6038937,2
1.1803242,0.67335755,0.5587789,0.34356767,0.46475092,2
0.7799585,0.21502478,0.440895,0.17341866,0.43947175,2
0.8516447,0.37793452,0.5260768,0.14128157,0.42708683,2
1.1059464,0.6729111,0.70225257,0.4,0.50382555,2
0.8095215,0.4057647,0.865394,0.17470706,0.53153247,2
0.93147135,0.38773406,0.5279383,0.05,0.4362775,2
1.0719366,0.75799304,0.82311326,0.09903308,0.47074115,2
1.1956495,0.80897146,0.75943726,0.31048772,0.43561304,2
1.1700903,0.78717333,0.57742846,0.26556057,0.49735716,2
0.97260535,0.4925024,0.7082424,0.2732095,0.45567453,2
0.91040885,0.28950107,0.41747695,0.29057387,0.47539923,2
0.8987515,0.42024812,0.6085459,0.21550342,0.55244374,2
0.66971767,0.18303037,0.54670393,0.3616771,0.5206732,2
0.8051417,0.18011102,0.39622197,0.077162154,0.5330626,2
1.0992339,0.41415846,0.3746158,0.07672479,0.431272,2
1.0057967,0.35710052,0.46790257,0.05,0.48878735,2
0.608713,0.29345363,0.8778324,0.28796256,0.5543776,2
0.9741618,0.42433697,0.46079397,0.24877654,0.4915904,2
0.81470335,0.36379266,0.6478236,0.072986685,0.5121656,2
0.912479,0.52012324,0.7658087,0.1882473,0.55764186,2
1.0017705,0.66015184,0.84509104,0.21890621,0.5214808,2
0.97325087,0.47371563,0.5877945,0.16854343,0.44164595,2
1.2,0.7216596,0.42559344,0.27693263,0.47161177,2
0.83584094,0.1804041,0.5207988,0.35422435,0.48840013,2
0.8538934,0.41988814,0.75786287,0.23412375,0.45915982,2
1.1131793,0.43519124,0.5072385,0.22273816,0.5073111,2
1.0762894,0.69410014,0.75861394,0.17155221,0.5004871,2
0.89939827,0.3482016,0.4670536,0.24677129,0.45433894,2
0.8299367,0.25112683,0.5944656,0.21286123,0.53526837,2
1.1840135,0.9244625,0.82112896,0.05,0.5215914,2
1.1995652,0.6406244,0.5194172,0.17644517,0.5000046,2
1.1645448,0.58317745,0.5235186,0.2825503,0.5794285,2
1.0682734,0.5438997,0.5897259,0.05,0.45933202,2
1.2,1.0035529,0.7831225,0.12907013,0.48426574,2
0.66962487,0.28026205,0.5752993,0.07819373,0.49743927,2
0.8249949,0.3360799,0.5768881,0.34565535,0.5476454,2
0.8084098,0.4462882,0.8146899,0.05,0.50490767,2
1.2,0.9755084,0.734298,0.26694813,0.5270713,2
0.8983974,0.6207593,0.95479095,0.05,0.5082905,2
0.64807045,0.252979,0.5323936,0.18608779,0.45852476,2
0.99664617,0.4972919,0.61425847,0.32982352,0.51270837,2
1.0857775,0.54631305,0.5415689,0.1806056,0.52528536,2
0.9523258,0.3406126,0.4812685,0.29953483,0.5362791,2
0.8985023,0.37253967,0.61927795,0.20844495,0.50447893,2
1.1907094,0.8698284,0.78875875,0.4,0.45348057,2
1.0572048,0.642114,0.7566975,0.28859398,0.4677065,2
1.1144627,0.4336646,0.4705827,0.2218953,0.46923795,2
0.8664144,0.36635238,0.5972966,0.08289439,0.46776068,2
0.83503324,0.15640341,0.22689533,0.2595189,0.48544538,2
0.9174487,0.558609,0.64180595,0.19873247,0.5105822,2
1.2,0.6044725,0.4495692,0.14287604,0.4466028,2
1.0205649,0.5340545,0.6761157,0.31974313,0.47302517,2
1.014894,0.5696755,0.68056947,0.16925813,0.4892381,2
1.1698895,0.53481144,0.50064856,0.24431084,0.57503456,2
0.93479645,0.4057582,0.49717224,0.35571274,0.464707,2
0.9508105,0.28563544,0.42862317,0.20679112,0.50849015,2
1.2,0.7199176,0.568395,0.32609028,0.49063087,2
1.0269691,0.43398255,0.5409027,0.4,0.49790788,2
0.9686273,0.58268714,0.5983044,0.29905134,0.48288262,2
1.0115806,0.60607105,0.69176555,0.05,0.5189117,2
1.0511215,0.7206943,0.877676,0.22823924,0.5650928,2
1.1579852,0.881145,0.8423014,0.08183151,0.5036387,2
1.0660744,0.39281088,0.38809818,0.05,0.48741788,2
0.9934452,0.44325903,0.507009,0.13730368,0.56770253,2
1.0025266,0.35631126,0.40232882,0.23158595,0.56433034,2
1.0947106,0.55201584,0.5602856,0.4,0.46071097,2
1.0479866,0.5212109,0.62348413,0.13531174,0.44073254,2
0.6783287,0.24070054,0.51427823,0.24162394,0.48531243,2
1.2,0.42570257,0.36455116,0.39125565,0.49201313,2
0.88019574,0.35177827,0.5293873,0.12859547,0.50794464,2
0.89180547,0.3372642,0.5404119,0.11859598,0.48326436,2
0.9618822,0.5324337,0.727622,0.18404007,0.52252746,2
0.9955267,0.6081465,0.7953196,0.097896926,0.5973912,2
1.151985,0.8452534,0.73536205,0.05,0.38107625,2
0.9194612,0.34390324,0.50029004,0.33178085,0.48273858,2
0.8740571,0.29139408,0.64825535,0.4,0.4340539,2
0.8822518,0.36849347,0.6357871,0.18590206,0.46505705,2
0.89264935,0.48789582,0.6679158,0.2861188,0.5315617,2
0.89739895,0.33991504,0.45082498,0.05,0.5021142,2
1.1016849,0.6530083,0.6412208,0.4,0.47661865,2
0.79515177,0.4249378,0.68875545,0.28619158,0.49150115,2
1.2,0.5969663,0.59899014,0.06181236,0.510877,2
0.97240984,0.44158584,0.5111135,0.070768856,0.5278476,2
0.89339894,0.39518797,0.6246471,0.22196138,0.3968447,2
1.167198,0.6735039,0.60915667,0.25314507,0.4736281,2
0.8611231,0.2934247,0.57262534,0.13540897,0.47840086,2
1.0496264,0.53114796,0.54833704,0.4,0.5159197,2
1.1212661,0.7061441,0.7978246,0.32031053,0.45979518,2
1.0089977,0.31699365,0.38751602,0.33207637,0.5658818,2
1.0298799,0.67203134,0.7669806,0.2522026,0.4824653,2
1.1078104,0.7504345,0.75648373,0.37846297,0.53751016,2
0.9208118,0.40065026,0.5644109,0.15258749,0.5042086,2
0.93319947,0.4048604,0.60305566,0.3350122,0.54778486,2
0.868147,0.3532235,0.52849364,0.3974211,0.562939,2
1.2,0.82100236,0.68383676,0.31998158,0.44060552,2
1.2,1.1073972,0.8452308,0.23278473,0.49529555,2
1.068578,0.56559336,0.6263741,0.11529089,0.48212826,2
1.2,0.8339461,0.68909866,0.20416044,0.5287876,2
1.031535,0.4859069,0.6509897,0.05762372,0.52978724,2
1.2,0.5891926,0.49838474,0.05,0.5283178,2
1.1129961,0.33995157,0.40446422,0.26918134,0.5620276,2
0.89952916,0.40546343,0.6581325,0.22057486,0.43370897,2
1.0803769,0.2619534,0.35030636,0.05,0.50691974,2
0.89286166,0.26507524,0.3806088,0.23264895,0.49403584,2
0.81394297,0.34322503,0.61416876,0.38015947,0.57657266,2
1.0939085,0.33506635,0.38701928,0.2011758,0.49182534,2
0.8060485,0.3097343,0.62516415,0.34838876,0.53566694,2
1.0536084,0.91059184,1.0,0.05,0.5036608,2
1.1466146,0.44938856,0.37710294,0.17804559,0.52533287,2
0.850567,0.3410721,0.6044861,0.3035403,0.43420652,2
0.83361626,0.30923843,0.55603236,0.33034852,0.523578,2
1.1753594,0.83246887,0.71603453,0.223447,0.5409693,2
0.73899394,0.3546511,0.80349267,0.11663433,0.44063342,2
1.1245916,0.44392407,0.40429652,0.30645385,0.5216959,2
0.8485065,0.23411553,0.5645898,0.27457264,0.48411852,2
0.8604859,0.31581953,0.5867659,0.23481146,0.5188625,2
0.9012656,0.39734066,0.67095876,0.05,0.5104641,2
1.035537,0.7800554,0.95796055,0.05,0.4582617,2
1.0716163,0.42008436,0.5271172,0.32380757,0.5293882,2
0.82523054,0.1,0.3680102,0.12837355,0.5237165,2
1.0316088,0.67655385,0.8004993,0.4,0.47108877,2
0.88078564,0.48116866,0.69416016,0.05,0.54567003,2
0.8224376,0.37429884,0.7665468,0.17359976,0.5276273,2
0.6530967,0.18855171,0.49790576,0.15134221,0.5855625,2
1.2,0.5922942,0.54244184,0.12151122,0.5522143,2
0.97779715,0.60896444,0.83695126,0.31852436,0.466545,2
0.91327345,0.47949126,0.73737687,0.20656762,0.48636433,2
1.0801615,0.46014628,0.41196463,0.05,0.49511814,2
0.82351375,0.1,0.24327973,0.4,0.4656074,2
0.76670593,0.24748188,0.7300079,0.25702164,0.56402713,2
0.9101256,0.35981992,0.64275193,0.25555712,0.5240091,2
1.0210816,0.43264526,0.5575631,0.05,0.5118389,2
0.9082046,0.51814276,0.70729667,0.05260219,0.56211513,2
1.0923213,0.548381,0.5658979,0.4,0.5279182,2
0.71161956,0.23590325,0.6165179,0.3714586,0.5083756,2
0.953045,0.64120674,0.88101125,0.05,0.5093666,2
1.2,0.9727202,0.68125415,0.2382361,0.5015644,2
1.0372611,0.5755154,0.54662985,0.2359214,0.51387984,2
0.8156201,0.31278986,0.5580396,0.23364002,0.4242668,2
0.8601361,0.16181307,0.3431824,0.05,0.46668968,2
0.8666055,0.1722182,0.2,0.33818504,0.4748985,2
0.9982386,0.49733767,0.65007246,0.34114033,0.47226745,2
0.8537615,0.449855,0.76846015,0.05,0.4890449,2
0.8658656,0.24611937,0.57374513,0.05,0.49072096,2
0.9816164,0.49466178,0.60218763,0.05,0.44070193,2
1.2,0.55889684,0.3727356,0.094809026,0.51750636,2
1.0056813,0.36176503,0.4091452,0.3143551,0.4767962,2
0.9028251,0.49549958,0.7800914,0.05,0.49044928,2
1.2,0.6955765,0.5594219,0.05,0.46161026,2
0.9603902,0.3520988,0.41924682,0.29237324,0.51787776,2
0.9745968,0.5168866,0.65815747,0.05,0.4541077,2
0.8473054,0.38672906,0.6544144,0.31049338,0.4288366,2
0.9846694,0.7318936,0.86068535,0.32793182,0.54517037,2
0.7534548,0.40033713,0.90831417,0.20268731,0.5140212,2
1.0440859,0.22038467,0.2730807,0.12995434,0.5524598,2
0.9781885,0.24526614,0.40837947,0.22573619,0.5171574,2
1.0990353,0.6542967,0.68666655,0.33138758,0.4872469,2
1.0471038,0.3845621,0.36876753,0.19796765,0.49326503,2
0.93361217,0.32368,0.47845882,0.33068666,0.5338645,2
0.8525291,0.1,0.30676666,0.4,0.48206112,2
0.97785354,0.7230132,0.8911439,0.2734904,0.5184159,2
0.9245587,0.58204275,0.73331916,0.22480907,0.46698803,2
1.1315515,0.609418,0.549927,0.31959945,0.4763216,2
1.057771,0.61372054,0.73589253,0.21659625,0.5068384,2
0.90611416,0.34842864,0.58552337,0.4,0.50176644,2
0.9426152,0.3725559,0.5645933,0.21473536,0.50425404,2
1.1108841,0.35884365,0.39778116,0.37569726,0.43463844,2
0.8254173,0.26417398,0.45395708,0.117064856,0.51825196,2
1.1569719,0.7039845,0.6257405,0.10119187,0.49134755,2
0.64572394,0.2881158,0.69175184,0.07504198,0.4809204,2
0.9732411,0.48424566,0.69534963,0.35799086,0.51365674,2
1.0972592,0.5902951,0.6108881,0.14910024,0.45033434,2
1.1798301,0.31438112,0.27615464,0.054569047,0.508025,2
1.2,0.75372565,0.68287516,0.34732655,0.46309748,2
0.6833869,0.23462111,0.55306274,0.39673364,0.5164944,2
0.9709424,0.56109524,0.72816336,0.31240836,0.49984664,2
1.0932844,0.42147672,0.38864982,0.4,0.5203288,2
1.086638,0.6299133,0.62042654,0.23637736,0.45783862,2
1.1471276,0.91691643,0.86883986,0.21983846,0.46234524,2
0.5419819,0.15169317,0.6201267,0.06183067,0.52004606,2
0.94488347,0.41034904,0.6526671,0.05,0.5090026,2
1.0534168,0.7769657,0.81628436,0.18975937,0.5450283,2
0.9924045,0.67612827,0.83599615,0.19853275,0.49145398,2
0.82377607,0.37732983,0.7129582,0.10894485,0.5090086,2
0.98177505,0.44240707,0.46239135,0.07023578,0.45977348,2
0.9222339,0.45269406,0.72824305,0.05,0.4692733,2
0.8359135,0.42099628,0.6149833,0.14379677,0.45491844,2
1.0416948,0.41114426,0.52904814,0.13921642,0.5056236,2
1.0757184,0.1628924,0.2,0.05,0.5011398,2
1.0095913,0.49461335,0.56928515,0.05,0.48065263,2
1.0862409,0.55584437,0.6513073,0.21799663,0.57646513,2
1.0716718,0.32060248,0.37228858,0.067423284,0.4475178,2
0.86554796,0.41469327,0.6791033,0.24387565,0.42502168,2
1.0843886,0.48839933,0.6259376,0.16743259,0.48355374,2
0.9804317,0.3911387,0.5327675,0.2402343,0.4511726,2
1.0986009,0.49723712,0.6402525,0.078635156,0.4342629,2
1.0991917,0.7503004,0.757198,0.05,0.5005117,2
1.0316954,0.4786433,0.5494663,0.16640238,0.4692571,2
1.0187963,0.6015574,0.66200453,0.37295222,0.4839455,2
0.7592666,0.1,0.43632492,0.17362365,0.42019203,2
0.9817781,0.42548165,0.5856014,0.4,0.40192187,2
1.1930981,0.910413,0.91115427,0.06412946,0.45295453,3
1.1717068,1.2658834,1.0,0.26174483,0.54700434,3
1.1209093,0.79468346,0.8413865,0.3723989,0.47826594,3
1.1314173,1.0314624,1.0,0.4,0.56837225,3
1.1761287,0.94055676,0.9243602,0.4,0.49514854,3
1.1283815,0.8909304,0.862711,0.26473737,0.55909204,3
1.0951434,1.1318007,1.0,0.3415221,0.49645707,3
1.1793263,0.97413677,0.87989223,0.24825208,0.50830233,3
1.1387421,0.86775005,0.8411423,0.4,0.53296465,3
1.133547,0.81542706,0.8414275,0.123674564,0.48017582,3
1.1455544,1.053136,1.0,0.09740645,0.47659418,3
1.1074038,0.98223865,0.95764476,0.30894914,0.54839915,3
1.0623347,0.87726873,1.0,0.22388381,0.54736704,3
1.1829859,0.9113836,0.79080087,0.3998542,0.50632036,3
1.0911821,0.7477214,0.7706497,0.36062035,0.5694543,3
1.1313578,1.1181108,1.0,0.36228228,0.59474367,3
1.1753086,0.9485162,0.8429985,0.35526752,0.55883354,3
1.1498336,0.7595183,0.8013681,0.4,0.45893362,3
1.1755303,1.123326,1.0,0.05,0.6111035,3
1.2,1.1298709,0.97819877,0.23966166,0.5988947,3
1.1459353,0.9195486,0.8459937,0.30322793,0.53265876,3
1.1793021,0.8122168,0.71111864,0.28899577,0.5279182,3
1.1342627,0.79678875,0.7978176,0.33946082,0.5354705,3
1.1578878,0.84137106,0.8034889,0.25697783,0.45723698,3
1.1217154,1.018873,1.0,0.21711437,0.5799681,3
1.1223023,1.0280578,0.9725465,0.20229691,0.5574927,3
1.0725914,0.7311621,0.8132026,0.23742244,0.46765757,3
1.1597517,0.9367818,0.8829381,0.21828796,0.46194446,3
1.1366024,0.9050196,0.8903093,0.4,0.5056675,3
1.1759002,1.1190684,0.9816038,0.2813455,0.47141027,3
1.0905468,0.6321459,0.6703185,0.3633863,0.41551885,3
1.1876948,1.1927222,1.0,0.34248278,0.5303533,3
1.1694279,1.125876,0.9820808,0.3843443,0.5034845,3
1.1831496,1.0437397,0.99050456,0.3877466,0.40828696,3
1.1677717,1.0094862,0.9698689,0.1491809,0.5437859,3
1.1728847,1.207735,1.0,0.4,0.5647464,3
1.1967417,0.9340032,0.80686593,0.38617682,0.5778466,3
1.1807283,1.2428696,1.0,0.24522987,0.631653,3
1.1946709,1.2164732,1.0,0.22923416,0.5142615,3
1.1015091,1.0328171,1.0,0.30839604,0.58260685,3
1.1539989,1.0255644,0.950363,0.38071284,0.5611652,3
1.1963569,1.054496,0.9222376,0.37738028,0.558817,3
1.1043092,0.8517959,0.8274885,0.3438362,0.55575824,3
1.1882653,1.0050187,0.89638853,0.3726088,0.46411294,3
1.0980914,0.7796813,0.78504884,0.27573916,0.5802951,3
1.1443297,0.8723314,0.7750016,0.4,0.59211075,3
1.1896536,1.1503003,1.0,0.33934882,0.58133763,3
1.1312792,0.89895535,0.8827799,0.2186425,0.5333852,3
1.1087207,0.8815374,0.9440122,0.15717061,0.5871011,3
1.1584878,1.0028822,0.90958583,0.32723966,0.5109146,3
1.1255955,1.0263925,0.96462536,0.2015155,0.5240148,3
1.2,1.074625,0.90564364,0.4,0.5618571,3
1.1266005,0.82706654,0.8494257,0.25697225,0.5398055,3
1.1852632,1.0622892,0.99639326,0.35886928,0.5607876,3
1.1484873,1.0123526,0.9348956,0.19894557,0.54705757,3
1.0970343,0.9821296,0.9418989,0.19578938,0.5328762,3
1.164391,0.93351895,0.78180987,0.4,0.55080754,3
1.1343437,0.9488349,0.97866774,0.36154434,0.5404136,3
1.1833235,0.94531596,0.8032884,0.2883151,0.5349921,3
1.1349478,1.0246521,1.0,0.4,0.5319163,3
1.0968122,0.8385477,0.86388046,0.24377953,0.5308223,3
1.1023427,0.71628475,0.7784834,0.3129099,0.5175228,3
1.1016617,1.0160102,1.0,0.4,0.53515667,3
1.2,1.2528079,1.0,0.35553876,0.57075477,3
1.1577064,0.802508,0.81775725,0.10978671,0.47559673,3
1.171236,1.1525841,1.0,0.38614836,0.56729317,3
1.1916195,1.075823,0.98274213,0.37303197,0.5421282,3
1.1449251,0.8257131,0.7348487,0.3994213,0.49910268,3
1.182353,0.80719066,0.79672545,0.13732243,0.54356766,3
1.1864237,1.255083,1.0,0.30963698,0.5110861,3
1.1510895,0.91754335,0.8576877,0.29464537,0.50384027,3
1.15505,0.8176748,0.79580027,0.19875044,0.4376691,3
1.1168323,0.781166,0.76186043,0.33734316,0.5453702,3
1.1425084,0.87408507,0.78272074,0.38621575,0.47342476,3
1.1036408,1.0022681,0.9678445,0.21424894,0.6124286,3
1.193259,0.97643584,0.84862924,0.25626662,0.55933255,3
1.1017748,0.81209826,0.89137316,0.35975748,0.5041677,3
1.1046125,0.8028665,0.77325004,0.37675175,0.6317899,3
1.144797,0.92512214,0.947651,0.33200178,0.46773088,3
1.1775599,1.042762,0.8758103,0.36522594,0.5384217,3
1.1074308,0.7057864,0.8188078,0.38559106,0.5570058,3
1.127123,0.84375846,0.8261347,0.4,0.5366397,3
1.1693146,1.0576675,0.91712755,0.4,0.49609014,3
1.1718414,1.0289577,0.9274198,0.20058382,0.46458203,3
1.1230807,1.1143694,1.0,0.37478596,0.50313425,3
1.0876392,0.96561295,0.9940943,0.4,0.5551707,3
1.1562521,0.65238005,0.68920034,0.36411616,0.51250833,3
1.1885328,1.0171733,0.790488,0.4,0.5079409,3
1.1625775,0.95626533,0.845284,0.31911224,0.5371384,3
1.1328515,0.9848377,0.9264627,0.4,0.4775169,3
1.0833483,0.80629396,0.86380553,0.33029354,0.5015238,3
1.1175593,1.0414987,0.9555005,0.32359716,0.5538001,3
1.1235567,0.79678315,0.8101621,0.107804045,0.51203525,3
1.0965894,0.98264337,0.99594516,0.08556928,0.5206467,3
1.1550653,0.95741093,0.8427232,0.31016815,0.51687795,3
1.1298987,0.8743589,0.8900393,0.09367187,0.51472676,3
1.1350349,1.0194505,1.0,0.32177073,0.5716281,3
1.1371753,0.68937546,0.70470953,0.4,0.5481875,3
1.2,1.0624369,0.9523323,0.29839575,0.5693026,3
1.2,1.1413332,0.967052,0.2607756,0.48001984,3
1.1546221,0.830769,0.71499527,0.32328627,0.5330892,3
1.0946306,0.7775206,0.84787685,0.39985147,0.54480577,3
1.1905516,0.8629291,0.7449011,0.30320904,0.522795,3
1.1427146,0.87283397,0.82212853,0.1790684,0.5497325,3
1.1122214,0.8136809,0.8233166,0.4,0.5417035,3
1.0910833,0.72790784,0.7483356,0.28968814,0.45673525,3
1.1265953,0.56349844,0.6238161,0.17289066,0.5208165,3
1.1163381,0.85925883,0.8723586,0.3561254,0.5330296,3
1.1443644,0.86416334,0.8595368,0.3847089,0.5659303,3
1.1393566,0.94887,0.93775904,0.25001538,0.5407954,3
1.1111741,0.7516601,0.79935503,0.20668414,0.49670848,3
1.2,0.9608431,0.9007555,0.3438326,0.5793082,3
1.1345229,0.7696697,0.7294733,0.2959571,0.5043368,3
1.1961111,1.2701424,1.0,0.14967045,0.5375565,3
1.1323673,0.89780134,0.860612,0.4,0.5024089,3
1.1887133,1.1246396,0.9103926,0.30051255,0.56118876,3
1.0746092,0.89771736,0.9948482,0.21506828,0.58412564,3
1.1255233,0.9296423,0.9228424,0.33287263,0.54112333,3
1.083737,0.9636095,1.0,0.27055177,0.5001822,3
1.1133262,0.7817768,0.8880229,0.24286522,0.5215816,3
1.1927278,1.1669506,1.0,0.26134324,0.56497407,3
1.117465,0.8789105,0.90260404,0.3624743,0.49080402,3
1.171568,1.0185916,0.9126368,0.22302678,0.5304651,3
1.1683375,0.80517656,0.78524745,0.39253348,0.5389874,3
1.1441175,0.9277428,0.8142032,0.39180627,0.5717694,3
1.1646746,0.75334936,0.70106715,0.23525514,0.5352893,3
1.1474167,0.918098,0.86902314,0.23565121,0.57343245,3
1.1377968,0.7360802,0.77092534,0.32151,0.5309019,3
1.1227074,0.6794335,0.71827835,0.2780525,0.5769581,3
1.2,0.9312749,0.830632,0.4,0.61972606,3
1.0786781,0.91179067,0.9560156,0.29728723,0.61744153,3
1.0957124,0.96696085,0.96335524,0.14519422,0.52713263,3
1.1283324,0.81915563,0.8518889,0.11216573,0.56699926,3
1.1726193,0.81864136,0.76133186,0.1781583,0.51565725,3
1.1495308,1.0294784,1.0,0.18586473,0.57772255,3
1.1522626,1.0934662,1.0,0.3976104,0.53222346,3
1.1696286,0.924287,0.9087018,0.2087405,0.47454393,3
1.1982712,0.86631644,0.79305255,0.4,0.46028814,3
1.1273241,0.9309419,0.88301307,0.32881552,0.5566826,3
1.2,1.129365,0.9459097,0.24939167,0.5598672,3
1.1427121,0.84384733,0.7177951,0.14780302,0.5339388,3
1.1379907,0.8393654,0.7907606,0.31143105,0.55189455,3
1.1419489,1.1790134,1.0,0.29977334,0.5703368,3
1.1854382,1.178379,1.0,0.1491353,0.5023694,3
1.1305188,0.99598104,0.97591084,0.23984896,0.5195387,3
1.1745157,0.94655234,0.869864,0.20432274,0.55359995,3
1.1294384,1.0121689,0.92222553,0.35677263,0.6294923,3
1.1132151,0.78141725,0.9047152,0.26927355,0.48111957,3
1.1122526,0.951271,0.9258526,0.29636577,0.5820874,3
1.1349605,1.0275329,0.92541176,0.27870533,0.5363682,3
1.1839658,1.1166364,0.9305914,0.30252984,0.52469105,3
1.1987414,0.9272192,0.82774985,0.31975132,0.6040214,3
1.1718013,1.0870004,0.9698961,0.21951829,0.5390246,3
1.1046895,0.95704865,0.9161652,0.4,0.47547385,3
1.1320375,0.68580586,0.70745313,0.32086685,0.5055946,3
1.2,1.0483782,0.8367897,0.4,0.41183618,3
1.1922145,0.8427843,0.7424233,0.24399933,0.5418769,3
1.1654962,0.8491818,0.78159493,0.4,0.46471214,3
1.1309972,0.8330212,0.73899853,0.18378529,0.5355287,3
1.2,1.2143288,0.99897695,0.25565317,0.5578942,3
1.1428301,0.8423359,0.7777488,0.16010183,0.5391401,3
1.1160215,0.7932456,0.7616398,0.27219233,0.49289575,3
1.129553,0.84518754,0.8770619,0.31909022,0.5249147,3
1.139052,1.0475637,0.9702414,0.28797346,0.49269557,3
1.2,0.89669216,0.75233006,0.11133064,0.51579666,3
1.1518764,1.1048423,1.0,0.38157344,0.57906234,3
1.1784405,0.9938172,0.8882755,0.4,0.4857654,3
1.1321214,0.939916,0.8891489,0.072756,0.5125806,3
1.1308134,0.91601384,0.93484896,0.39846748,0.5522947,3
1.1461473,0.9288794,0.8701152,0.20798185,0.57862306,3
1.1017476,1.0723763,1.0,0.4,0.58300626,3
1.2,1.0323875,0.88429147,0.31678927,0.513545,3
1.1995046,1.1240472,0.93304414,0.2996562,0.6250405,3
1.1895448,0.8503407,0.7764878,0.17022523,0.5629489,3
1.1964607,1.1266996,1.0,0.4,0.5057422,3
1.1285405,0.8295283,0.7800008,0.13579024,0.53600633,3
1.2,0.7636012,0.67830026,0.23917688,0.4631614,3
1.0990357,0.84371346,0.8978315,0.25873324,0.5382577,3
1.1497338,0.93877,0.9239735,0.35238788,0.56490487,3
1.1425089,0.8922324,0.873279,0.31229758,0.47677192,3
1.1870047,0.9551841,0.87388253,0.12919039,0.5381386,3
1.1474746,0.97446966,0.91567236,0.31087065,0.5349095,3
1.1210669,1.1970688,1.0,0.36058313,0.5371591,3
1.1666939,0.9800053,0.8266946,0.4,0.55335206,3
1.2,1.0692819,0.850849,0.17071247,0.59248227,3
1.1843181,0.9124154,0.8155032,0.4,0.49813166,3
1.1826783,0.8299882,0.7482241,0.3472864,0.51590043,3
1.1018907,0.8101775,0.8948312,0.36448154,0.4833192,3
1.1081424,0.7299018,0.76405007,0.30818102,0.503104,3
1.1949168,1.140682,1.0,0.34099782,0.52034193,3
1.1850102,1.2008494,1.0,0.4,0.51016897,3
1.1199454,0.88231194,0.9027398,0.24686469,0.5613497,3
1.1596112,0.90618336,0.8766587,0.4,0.44520655,3
1.1165986,0.8602906,0.8299043,0.37928164,0.5175025,3
1.1604297,0.91812366,0.8801782,0.4,0.5093008,3
1.1634496,1.0016111,0.90735793,0.14027052,0.53443664,3
1.1137443,0.8120494,0.89832765,0.3454135,0.5105727,3
1.1423478,1.131122,1.0,0.2504584,0.49873635,3
1.1637595,0.820265,0.8331499,0.3366044,0.4649935,3
1.0877805,0.7904326,0.8529954,0.26922473,0.5429992,3
1.1315358,1.0413858,0.941402,0.4,0.54072285,3
1.1615624,0.84760255,0.91626704,0.2583036,0.53585535,3
1.1254835,0.9567659,0.9013454,0.18400921,0.50375116,3
1.1628467,0.6174462,0.65183926,0.26443416,0.5788924,3
1.1019562,1.0243709,1.0,0.32636997,0.5261344,3
1.14878,0.8819222,0.9809883,0.27372268,0.54393446,3
1.1781995,1.1882044,0.9685056,0.4,0.5502081,3
1.0963521,0.6868475,0.76544356,0.234332,0.53855,3
1.1101513,0.7623507,0.7469818,0.3639268,0.5055666,3
1.1808966,1.2109363,1.0,0.15916829,0.5616565,3
1.1604005,0.7600905,0.7438014,0.27860746,0.49995345,3
1.0584726,0.9567919,0.9905342,0.28534797,0.52660555,3
1.1878861,1.1980345,1.0,0.31634197,0.5131479,3
1.1668313,0.8424285,0.7951487,0.2731815,0.518076,3
1.174762,1.1723121,1.0,0.4,0.5673086,3
1.1161114,0.8070524,0.81390554,0.20180047,0.47810495,3
1.1202725,0.9692679,0.9028519,0.15762772,0.59172803,3
1.1750574,1.0163946,0.89431906,0.39565146,0.59789383,3
1.1238012,0.91865164,0.9065504,0.18850602,0.5270506,3
1.1535215,1.166741,1.0,0.36870247,0.50177306,3
1.0987993,0.87178254,0.9022616,0.13713083,0.5409033,3
1.1633557,0.8756753,0.8897112,0.30011296,0.4932227,3
1.2,1.1145592,0.95478696,0.3645697,0.4575041,3
1.1168988,0.96955127,0.94183356,0.38447618,0.5201094,3
1.1713779,1.3079137,1.0,0.2756458,0.61207163,3
1.1236175,0.6972896,0.6651924,0.4,0.5626853,3
1.2,0.9990009,0.8152034,0.38763824,0.5569065,3
1.1589187,1.1459339,0.99255055,0.4,0.48897165,3
1.1798446,0.85350156,0.7982886,0.27818623,0.5597461,3
1.1621877,0.9942456,0.83335155,0.26961264,0.54502773,3
1.2,1.2850999,1.0,0.30217403,0.5635839,3
1.1648899,1.0321386,0.89343643,0.4,0.5350091,3
1.1675392,1.0238938,0.9183619,0.4,0.46202514,3
1.2,1.172019,1.0,0.14982031,0.57656425,3
1.1324096,1.1214421,1.0,0.068502404,0.57728857,3
1.1179104,0.74541,0.7713933,0.21247028,0.5304998,3
1.1485924,1.0251732,1.0,0.30512488,0.52006644,3
1.1486775,0.91585094,0.8385998,0.17662327,0.47114778,3
1.1978922,0.91682535,0.835705,0.36216936,0.5651975,3
1.0818477,0.8926554,0.9428926,0.27813414,0.60490805,3
1.1630785,1.1884257,1.0,0.33558273,0.5179905,3
1.2,1.2107823,1.0,0.4,0.4861409,3
1.1650773,1.0321478,1.0,0.23921385,0.5113521,3
1.2,1.3856138,1.0,0.34443295,0.6170852,3
1.1501957,0.9753206,0.89669436,0.4,0.5716628,3
1.1165888,0.91453874,0.8110608,0.19062707,0.5077936,3
1.0354599,0.51307553,0.7632518,0.39430827,0.52792287,3
1.2,0.9559798,0.84047896,0.23129775,0.64354986,3
1.1078889,0.8835954,0.9180914,0.18214007,0.5978692,3
1.0818753,0.90293396,0.9514614,0.38539824,0.5393687,3
1.1822393,1.0327102,0.9290842,0.38178656,0.5882746,3
1.0542947,0.7829824,0.9578329,0.2661798,0.5229745,3
1.1181666,0.923675,0.92066073,0.3559384,0.4943697,3
1.0864818,0.93034977,1.0,0.4,0.53992385,3
1.1525089,0.9923876,0.9579282,0.25398633,0.5155406,3
1.1356828,0.88277626,0.86749494,0.4,0.50312823,3
1.0494177,0.7135213,0.81445444,0.1263958,0.571101,3
1.1424744,1.1335093,1.0,0.25109014,0.56173545,3
1.1424749,1.1298183,1.0,0.15444122,0.46252388,3
1.167003,0.8804835,0.79556,0.26237518,0.5279289,3
1.0884078,0.8695859,0.8184135,0.27795276,0.51726776,3
1.1758009,0.9390456,0.8563375,0.3541507,0.5329769,3
1.2,0.74342316,0.7233219,0.2958976,0.5261566,3
1.1798476,0.92850715,0.87015086,0.26964816,0.56595504,3
1.1084905,1.1124848,1.0,0.34863642,0.4880127,3
1.1963059,1.2711422,1.0,0.38421458,0.55904096,3
1.2,1.2340207,1.0,0.25696608,0.54475665,3
1.115445,1.0335301,1.0,0.3051386,0.4987419,3
1.121501,0.91868335,0.83271956,0.4,0.48927957,3
1.2,1.1571208,0.9312832,0.17084128,0.54060596,3
1.1298583,0.8006043,0.78105575,0.36167324,0.48537043,3
1.1600672,1.0297192,0.99316686,0.1552757,0.5719368,3
1.183358,0.97141767,0.79832906,0.2205634,0.5491181,3
1.2,1.1213562,0.93458706,0.35365528,0.44913137,3
1.088025,0.7228826,0.80544055,0.4,0.55682826,3
1.147785,0.8506207,0.84803385,0.4,0.52247185,3
1.1801399,1.14403,1.0,0.25855324,0.49223435,3
1.1604902,0.8523991,0.85495096,0.3423589,0.56257224,3
1.1258667,0.8969726,0.96826965,0.4,0.5744165,3
1.1825597,0.8848965,0.8184484,0.4,0.48998588,3
1.1135958,1.0270183,0.99709,0.18208033,0.5006428,3
1.1175938,0.8951384,0.97941303,0.31524697,0.5856396,3
1.1204793,0.8608936,0.8856114,0.2157869,0.4993909,3
1.1637709,0.86111253,0.8111489,0.33103913,0.46425724,3
1.1622347,0.6366052,0.7100625,0.4,0.5481341,3
1.1455839,0.8936673,0.9512227,0.4,0.5545521,3
1.1943835,1.0822504,0.9620801,0.359335,0.54295135,3
1.1582218,1.2250744,1.0,0.31878695,0.5104266,3
1.1600231,1.0791984,0.9488802,0.18275407,0.51402307,3
1.1028043,0.9114138,0.8815003,0.34772995,0.48988062,3
1.1605506,0.999323,0.87083,0.21999729,0.47659326,3
1.1493119,0.8712333,0.85799104,0.3667457,0.60337853,3
1.2,0.9816083,0.812438,0.34260085,0.47365743,3
1.1958584,1.0101086,0.8506232,0.3926677,0.53497934,3
1.135638,0.8124699,0.80318624,0.33287883,0.5455383,3
1.0654975,0.7872263,0.8244,0.39651892,0.45345023,3
1.0876869,0.9216338,0.92416704,0.26856285,0.49810117,3
1.1907253,0.6240791,0.6531499,0.4,0.5616433,3
1.1380564,1.2097715,1.0,0.335895,0.54397446,3
1.1490105,1.0715916,1.0,0.2225161,0.54795074,3
1.1241198,0.9670371,0.9757153,0.091397315,0.5392954,3
1.1735129,1.098398,0.9572846,0.28020573,0.53480655,3
1.2,1.1673946,0.9141142,0.4,0.42271224,3
1.2,1.016746,0.9047708,0.39161003,0.5598488,3
1.145835,1.0303763,0.96428365,0.05,0.57349485,3
1.1094812,0.8434568,0.9415203,0.36879614,0.58693564,3
1.1097172,0.8913153,0.9628847,0.4,0.47336492,3
1.1034716,0.9042645,0.8871516,0.4,0.6330955,3
1.1969007,0.90583354,0.8247022,0.23732834,0.47051612,3
1.1781752,1.0751718,1.0,0.26311508,0.52656645,3
1.1920679,1.0082636,0.90857273,0.4,0.6045608,3
1.1475474,0.9750944,0.88180965,0.29927927,0.49932528,3
1.2,1.0957125,0.9650471,0.2596081,0.5639024,3
1.166202,0.78390414,0.78219754,0.17139985,0.52077645,3
1.173558,1.0214607,0.8934571,0.3653301,0.5164019,3
1.1728283,0.8193846,0.8081893,0.266357,0.58675736,3
1.2,0.96298736,0.86141396,0.2628166,0.5150735,3
1.0715219,0.7563145,0.8143836,0.23083708,0.5163296,3
1.0801882,1.0036588,1.0,0.24818929,0.5794947,3
1.1749626,0.95595074,0.90859836,0.2556733,0.6063104,3
1.2,1.0605768,0.863123,0.3002604,0.53526443,3
1.2,0.8903842,0.813559,0.4,0.52142775,3
1.1744915,0.9259283,0.8900529,0.34780526,0.5010561,3
1.1036007,0.9023173,0.9039052,0.3499263,0.46562415,3
1.1516618,1.0137932,0.9830781,0.3397301,0.628886,3
1.1598761,1.008848,0.89305174,0.25371692,0.52987045,3
1.1551093,1.151452,1.0,0.32657447,0.484531,3
1.1035216,0.7898671,0.8028303,0.4,0.5825411,3
1.12296,0.9450614,0.82901907,0.3571382,0.51686,3
1.1492,0.94658685,0.87561,0.21928765,0.592067,3
1.2,1.1872251,0.99440914,0.28576803,0.5322647,3
1.135556,0.77425224,0.79728746,0.07290932,0.5248336,3
1.2,1.2142878,0.9232328,0.33663785,0.54973286,3
1.1483945,0.8269235,0.82232106,0.38795257,0.4465554,3
1.1854326,1.1317424,0.9145978,0.4,0.5040849,3
1.1887509,0.90202135,0.7971393,0.31956545,0.5408748,3
1.2,1.1037785,0.90043646,0.29883453,0.48774222,3
1.1312321,1.046752,0.9867095,0.4,0.5298068,3
1.1569343,1.0673696,0.99932235,0.31182328,0.56897825,3
1.1812687,1.1194396,0.9888262,0.4,0.5176938,3
1.1531447,1.2355595,1.0,0.38001865,0.5406577,3
1.1246241,0.9222385,0.86289495,0.34974283,0.48866814,3
1.1803396,0.90903014,0.8201408,0.4,0.5756374,3
1.1283734,0.8682208,0.9183524,0.4,0.51283175,3
1.1629624,1.0160809,0.92930937,0.3216996,0.5536409,3
1.1115617,0.82773954,0.8916647,0.4,0.5771892,3
1.2,1.0091451,0.936035,0.4,0.583484,3
1.1506468,0.87629503,0.8353893,0.4,0.549933,3
1.2,0.9051134,0.84622395,0.4,0.5049411,3
1.1531975,1.0092825,0.97905296,0.2626633,0.52274203,3
1.1609179,0.8927484,0.8562377,0.4,0.5312646,3
1.0886348,0.70471466,0.72457117,0.4,0.5621327,3
1.1107801,0.9477964,0.92964965,0.30551493,0.5724729,3
1.1696283,0.9200193,0.83094865,0.4,0.5300546,3
1.1495892,1.001836,0.9291397,0.14021789,0.5038996,3
1.1141803,0.8690086,0.93525356,0.12181498,0.48706234,3
1.1815647,0.8127396,0.75611883,0.16420479,0.5527521,3
1.0881162,0.75575304,0.7670155,0.35672647,0.49627843,3
1.1267055,0.92552775,0.94905555,0.29161212,0.49091035,3
1.1680827,0.9204846,0.8762083,0.2586039,0.5433833,3
1.1829464,1.1159465,0.97479504,0.27270204,0.5113977,3
1.1575911,1.0189722,0.91026443,0.33268905,0.4828608,3
1.1318601,0.8707444,0.8632896,0.4,0.48400655,3
1.1280026,0.89832103,0.9584013,0.36421624,0.46745652,3
1.1134764,0.88284284,0.8880058,0.35608497,0.55406106,3
1.1509523,0.79407793,0.7118841,0.3020515,0.5528328,3
1.2,1.1246852,0.9668357,0.4,0.5774671,3
1.1163828,1.0103145,1.0,0.18684858,0.58491915,3
1.1091261,0.85032827,0.914964,0.05,0.54282093,3
1.1726686,1.0501969,0.93884474,0.38814405,0.51592636,3
1.0780243,0.68537116,0.7948268,0.27095604,0.56351286,3
1.1221654,0.74036586,0.7859047,0.34316882,0.5018795,3
1.1611646,1.0264676,1.0,0.3387861,0.50359184,3
1.2,1.0366472,0.80630517,0.4,0.5242555,3
1.1769363,0.88288236,0.8229788,0.27421036,0.5801882,3
1.1790699,0.9574601,0.8500284,0.38510936,0.5508754,3
1.1368306,0.99661475,1.0,0.16831784,0.57144165,3
1.1848171,0.895961,0.77721906,0.13055214,0.5076703,3
1.1852813,1.0133226,0.9278302,0.35780403,0.5425128,3
1.1493012,0.8579883,0.8781586,0.2457311,0.4483902,3
1.172257,0.92191786,0.88996035,0.24431495,0.5583239,3
1.1144189,0.74777395,0.78343636,0.18569425,0.5634042,3
1.1610019,0.85690534,0.8164884,0.4,0.54078025,3
1.1378132,0.9277849,0.9408619,0.3848404,0.54475135,3
1.1636189,0.8952098,0.8263721,0.19300327,0.47527757,3
1.1737064,0.70225984,0.7143067,0.4,0.53742355,3
1.1178861,1.0267252,0.94646335,0.28097984,0.5542071,3
1.1383309,0.9176001,0.87986165,0.24270155,0.60861075,3
1.2,1.0025884,0.84299636,0.2799596,0.5405568,3
1.1096705,0.8918024,0.8949871,0.30892736,0.5758845,3
1.1296111,0.95023644,0.934207,0.3343551,0.5327532,3
1.1300709,1.0481526,1.0,0.4,0.5128123,3
1.1409144,0.8919829,0.8371509,0.4,0.4631458,3
1.1853869,0.90635586,0.8751585,0.29932556,0.5232753,3
1.0418122,0.726649,0.9145528,0.4,0.5100899,3
1.1732923,0.9085753,0.7941196,0.4,0.52548426,3
1.1610513,0.66912895,0.7091873,0.28475016,0.5387853,3
1.165198,0.8796556,0.84162366,0.4,0.580174,3
1.1670737,1.1125603,1.0,0.34127897,0.5348623,3
1.1985085,1.0010056,0.9049653,0.27555993,0.51781976,3
1.1610548,0.91614014,0.80404866,0.3701601,0.5474848,3
1.1613386,0.97551805,0.9395924,0.25596508,0.5044104,3
1.1280417,0.91091084,0.9230395,0.19810048,0.5234852,3
1.15095,1.1153818,0.94671875,0.38191321,0.48181006,3
1.1845537,1.01992,0.82853484,0.21959405,0.5609091,3
1.1368206,0.94074047,0.9400694,0.39457294,0.5149916,3
1.1794416,0.9259073,0.82354766,0.36313477,0.5337853,3
1.1692178,1.000624,0.9009108,0.3391184,0.57340634,3
1.1109563,0.9536281,0.94539446,0.29650086,0.5387383,3
1.1633561,0.9290193,0.87226725,0.15198468,0.45180738,3
1.1141621,1.0951126,1.0,0.21815094,0.52573997,3
1.111914,0.9313484,0.97965884,0.2609632,0.5980116,3
1.1423699,0.857347,0.8516018,0.2672325,0.5454562,3
1.1490104,1.1578988,1.0,0.08476117,0.55776334,3
1.1039585,0.8704423,0.8461228,0.06520501,0.47957936,3
1.0927539,0.74916553,0.85671157,0.26455125,0.531692,3
1.0941294,0.85305536,0.95172834,0.18543583,0.5211524,3
1.1873881,1.0664138,0.96486616,0.2531965,0.49931532,3
1.1644336,1.0484506,0.979175,0.3045038,0.51347446,3
1.193252,1.2350099,1.0,0.32869133,0.51848847,3
1.1322627,0.9345247,0.8148271,0.29083803,0.485628,3
1.1555804,1.056035,0.9822297,0.26352268,0.52893966,3
1.197545,1.3122509,1.0,0.4,0.55621934,3
1.1252359,0.7831419,0.7662896,0.36446017,0.4596449,3
1.1336254,1.0624161,0.996008,0.32310984,0.43504775,3
1.2,1.3036014,1.0,0.25693917,0.56817937,3
1.1336677,0.9269863,0.9462805,0.29857248,0.5391366,3
1.1913666,1.0897872,0.9927298,0.12807746,0.53249043,3
1.1796107,0.85451555,0.80563664,0.4,0.53877985,3
1.1541504,0.89012545,0.75520086,0.11762964,0.5185887,3
1.1567332,0.94178545,0.8147585,0.27772096,0.5720842,3
1.1564577,1.0304941,0.99467456,0.35173607,0.5059651,3
1.1673253,0.93929714,0.827762,0.20384146,0.5641067,3
1.1244105,0.7085733,0.73941046,0.28863242,0.5686462,3
1.1636263,0.9930909,0.9426216,0.4,0.46154365,3
1.1645743,0.94603235,0.86286205,0.3532828,0.50838554,3
1.1576103,1.0817349,0.99352133,0.3439688,0.5019325,3
1.1008304,0.84913886,0.95657164,0.27801895,0.5574372,3
1.1232356,1.0095313,0.9666352,0.27810225,0.49330714,3
1.1347709,0.96258944,0.9265997,0.2523373,0.565859,3
1.13413,0.95387363,0.9563125,0.12719138,0.5243211,3
1.1540933,0.9794708,0.93510693,0.4,0.49755055,3
1.1063894,0.9085992,0.94633067,0.4,0.5576092,3
1.1696469,1.0266404,0.9011866,0.29614836,0.58508706,3
1.1423218,0.9451432,0.8618714,0.23953368,0.49183285,3
1.1788764,1.1106913,0.985748,0.33393043,0.49854383,3
1.1238912,1.1750046,1.0,0.4,0.5305847,3
1.1936947,0.959865,0.8616365,0.30706623,0.5087969,3
1.1051562,0.88177645,0.9250718,0.34769386,0.56853473,3
1.1748375,0.87142366,0.860031,0.19009249,0.49029312,3
1.1584888,1.0677652,0.94969344,0.2979486,0.58303857,3
1.1793928,0.8259425,0.7180299,0.3098449,0.5063082,3
1.1782715,1.1444236,1.0,0.4,0.5762096,3
1.1324949,1.059028,1.0,0.15170887,0.6139626,3
1.1429299,0.8072803,0.79393935,0.4,0.55506766,3
1.183747,1.0965317,1.0,0.34636658,0.55832803,3
1.1275758,0.9225181,0.8629254,0.27293923,0.5572905,3
1.1390984,0.7499314,0.79534453,0.24366401,0.48250836,3
1.2,0.97635394,0.84095216,0.4,0.511432,3
1.136969,0.87315464,0.8428368,0.21223968,0.552903,3
1.1388655,0.97855115,0.95339143,0.19228108,0.53845704,3
1.1567615,0.94255924,0.93726456,0.28224865,0.5219035,3
1.177945,1.2319392,1.0,0.31510743,0.5442118,3
1.1215808,0.94809496,0.9590827,0.34138462,0.5117888,3
1.2,1.0014521,0.8384356,0.326124,0.5620051,3
1.0626925,0.97863114,0.9063139,0.4,0.5098971,3
1.1496725,0.9648504,0.9150907,0.09710272,0.57725036,3
1.1281366,0.9002155,0.90988857,0.4,0.57459813,3
1.159327,0.8116367,0.7563361,0.37393254,0.47757888,3
1.1960396,1.1557461,0.9957425,0.20850235,0.5124524,3
1.1150252,1.1392604,1.0,0.4,0.4745194,3
1.1783969,0.839936,0.77665526,0.4,0.5501534,3
1.157974,0.80282545,0.83800155,0.3617472,0.5719276,3
1.1243933,0.7946021,0.8218114,0.4,0.4865159,3
1.1456413,0.9578138,0.98942864,0.32919568,0.54261154,3
1.1543832,0.8670939,0.8763406,0.34779757,0.5818278,3
1.1002817,0.8751556,0.9051104,0.29781345,0.54218715,3
1.1475735,1.014606,0.9235191,0.25973946,0.5523969,3
1.1705052,0.923935,0.7982696,0.2916108,0.49041554,3
1.094458,0.8622639,0.8823328,0.25232992,0.5263912,3
1.1040347,0.8596082,0.9228244,0.4,0.5602899,3
1.1995859,1.0533276,0.9744144,0.34516728,0.5325877,3
1.1414018,1.055438,1.0,0.31677404,0.5826036,3
1.0716037,0.8415912,0.896919,0.110683694,0.48487917,3
1.1748163,1.0519894,0.92409766,0.32936078,0.54678273,3
1.1344327,1.0046182,1.0,0.22896346,0.53539973,3
1.2,1.0783896,0.92707497,0.29578537,0.4753375,3
1.1396946,0.9417949,0.90797573,0.28690407,0.49724907,3
1.2,0.98933256,0.7374272,0.27315882,0.5355065,3
1.1503401,0.95070124,0.9288531,0.4,0.5260742,3
1.1844834,0.9500396,0.88297856,0.27374256,0.5222705,3
1.1566852,1.1832415,1.0,0.12765712,0.49329257,3
1.112679,0.81306326,0.82604855,0.4,0.6461897,3
1.0707318,0.8518804,0.87882864,0.18110722,0.5772232,3
1.1172601,0.8523063,0.88948613,0.3287998,0.5190218,3
1.1468015,1.0995599,0.9564442,0.38943323,0.62558866,3
1.1072981,0.84619063,0.91587794,0.3529708,0.5950179,3
1.1682311,0.8039154,0.7442161,0.4,0.5599213,3
1.1314905,0.9826799,0.92178833,0.4,0.5072088,3
1.0608516,0.73045737,0.8966295,0.32149917,0.5211365,3
1.1838322,1.145927,1.0,0.4,0.56112385,3
1.1750798,1.0453087,0.92875487,0.35060063,0.5309388,3
1.1720963,0.84756786,0.8306338,0.29100814,0.5175788,3
1.1723119,1.338892,1.0,0.4,0.54262185,3
1.1545104,1.086404,1.0,0.1916452,0.5282698,3
1.1449939,1.0907942,1.0,0.15227187,0.57124144,3
1.1460071,0.76278746,0.7357617,0.4,0.5115299,3
1.0938358,0.9990198,1.0,0.39745387,0.5462669,3
1.1429253,0.92114943,0.89184344,0.2068666,0.506169,3
1.1595061,1.0266935,0.92082673,0.3477222,0.56461775,3
1.1957599,0.9498047,0.88918793,0.34294754,0.49892145,3
1.1672698,1.1256251,0.9788685,0.266156,0.5954142,3
1.2,1.1150047,0.83064413,0.33526713,0.5283002,3
1.1075877,0.7743147,0.85665756,0.3798941,0.55100673,3
1.0359896,0.82676286,0.92166364,0.4,0.54574376,3
1.1032931,1.0039837,1.0,0.3170913,0.5531861,3
1.2,1.1445855,0.956334,0.3867075,0.53484637,3
1.1562302,1.0571018,0.93591666,0.327779,0.53946847,3
1.1461008,0.9901037,0.9313043,0.30129355,0.49472126,3
1.1195109,0.79508245,0.76689404,0.4,0.5290187,3
1.1187961,0.8735206,0.87857646,0.19726892,0.47286263,3
1.1230874,0.94927526,0.90994805,0.27990323,0.48206946,3
1.1511645,0.8532006,0.76064575,0.24000506,0.52596205,3
1.1332681,0.89884716,0.92331266,0.34922698,0.5528981,3
1.1158222,0.74170965,0.7727883,0.18711995,0.61105335,3
1.1394409,0.8994381,0.88004214,0.3655884,0.48840934,3
1.1051623,0.95508724,0.958842,0.38769227,0.557485,3
1.1959019,0.85226387,0.7689902,0.3190437,0.57442194,3
1.119107,0.78693706,0.9118663,0.38063723,0.469653,3
1.2,1.0014554,0.90287447,0.4,0.5011272,3
1.172673,0.95310575,0.88180345,0.23942514,0.5279097,3
1.1236267,0.78422064,0.7736682,0.25823778,0.49572742,3
1.1299151,0.82007796,0.82420653,0.39689285,0.5373565,3
1.1218019,0.8904156,0.83274966,0.36292782,0.5059716,3
1.1031991,0.74759924,0.70431846,0.4,0.5440942,3
1.0910441,0.7769015,0.88598263,0.28188133,0.58694845,3
1.129891,1.006669,0.8912758,0.31041616,0.53199047,3
1.1341661,0.9005106,0.92396927,0.15477173,0.5033176,3
1.2,1.1003238,0.99360317,0.4,0.4998296,3
1.2,1.1770846,1.0,0.19178781,0.4800439,3
1.1464963,1.0289228,0.8995425,0.34807992,0.58263105,3
1.2,1.1778367,0.99839467,0.37050575,0.56390303,3
1.1387049,0.8615866,0.8322454,0.1844286,0.5192577,3
1.1786911,1.0013812,0.8705399,0.22136372,0.5233992,3
1.1776654,1.125023,1.0,0.3111142,0.51841766,3
1.1466628,0.9587514,0.9269434,0.24374707,0.5296035,3
1.151779,0.8412205,0.77287096,0.25747472,0.513206,3
1.1525928,1.1181934,1.0,0.30637684,0.4844161,3
1.1513177,1.0480192,0.90120447,0.23165295,0.4895489,3
1.0700587,0.8180305,0.85885835,0.4,0.50661844,3
1.0896834,1.0410082,1.0,0.19191244,0.501997,3
1.1566486,0.8521849,0.8093553,0.18427461,0.605689,3
1.1279778,0.8175151,0.75183547,0.4,0.43365714,3
1.1454355,0.9682875,0.9432206,0.29133427,0.46473205,3
1.1903371,0.9346234,0.7790246,0.3125039,0.5794791,3
1.1080718,1.044283,0.98147035,0.28463364,0.5451767,3
1.1994786,1.1652588,0.9867388,0.31140122,0.5458537,3
1.1488899,1.0178521,0.93033606,0.34640762,0.5448452,3
1.1055775,0.8710365,0.90080184,0.3636074,0.5425268,3
1.1483563,0.91392744,0.8173386,0.4,0.6244881,3
1.1862576,0.9807595,0.8647213,0.27682492,0.47646624,3
1.1428618,1.0412775,0.9558836,0.37795907,0.5549075,3
1.080282,0.85601586,0.8294209,0.3327891,0.52264965,3
1.1035696,1.0286121,1.0,0.23180997,0.54924256,3
1.148651,1.03662,1.0,0.28422382,0.46734107,3
1.1786869,1.2913947,1.0,0.27829868,0.51828504,3
1.2,1.2369428,0.9735302,0.30392042,0.46189627,3
1.1417332,0.925395,0.92993665,0.2500207,0.50989956,3
1.2,1.3006091,1.0,0.2934747,0.54931223,3
1.0819873,0.50675106,0.6566889,0.2608414,0.52616036,3
1.1822661,1.0121803,0.91462916,0.30611908,0.5593894,3
1.1807781,1.0852402,0.9609904,0.19723955,0.4921754,3
1.1052394,0.7054087,0.7539833,0.20680566,0.51304877,3
1.1485043,0.905829,0.89449066,0.4,0.51829547,3
1.1253217,0.95542127,0.8248192,0.16471015,0.41804206,3
1.1295062,0.73429394,0.7810438,0.4,0.53106606,3
1.165568,0.849029,0.8178925,0.22737005,0.5531605,3
1.1820871,0.8857687,0.77204317,0.35842127,0.54599637,3
1.120025,0.87320614,0.8945325,0.2891992,0.5857327,3
1.118387,0.65917534,0.6615022,0.18185791,0.5868361,3
1.1045372,1.0539464,1.0,0.26606983,0.51220137,3
1.1935009,1.0955122,0.9678695,0.3655682,0.5637147,3
1.1493658,0.83039993,0.8676838,0.39789152,0.56012315,3
1.1946524,0.83617586,0.7037013,0.25761846,0.4973575,3
1.1383002,1.0016333,1.0,0.05,0.5354061,3
1.2,0.8940378,0.7253753,0.3916567,0.4971423,3
1.1211367,0.91007686,0.8601064,0.35547552,0.5392414,3
1.2,1.200627,1.0,0.3243496,0.5649872,3
1.1871643,1.1076509,0.90466046,0.4,0.5496504,3
1.1417563,0.9153985,0.9045748,0.4,0.5464822,3
1.2,1.2649598,1.0,0.4,0.50260866,3
1.136085,0.9157658,0.91096056,0.3053468,0.5229173,3
1.2,0.99474186,0.8636791,0.33719346,0.5935377,3
1.2,0.99441564,0.86994904,0.19642381,0.47676447,3
1.1644915,0.83010745,0.72421265,0.27267525,0.51008,3
1.0830158,0.8947187,0.930114,0.34654808,0.52144766,3
1.1624542,0.8947332,0.7909318,0.3345337,0.5469921,3
1.1680787,1.0311337,0.9388354,0.4,0.53300166,3
1.1247844,0.5703799,0.67729187,0.31688452,0.4998765,3
1.1391327,1.0904138,1.0,0.4,0.52479506,3
1.0999339,0.90939695,0.9928242,0.1998805,0.5863947,3
1.1549969,0.91613597,0.9294233,0.3358055,0.56769764,3
1.1997334,0.86761165,0.81437707,0.29470542,0.5820748,3
1.0494236,0.7458066,0.8968975,0.37970906,0.5519153,3
1.14708,0.8535605,0.8096932,0.100246094,0.51446956,3
1.1830033,0.8012725,0.72917247,0.34019667,0.47328928,3
1.1575512,1.063047,1.0,0.4,0.5160453,3
1.1656903,1.0551727,0.939656,0.29783648,0.5260708,3
1.2,0.83280134,0.75808746,0.31744185,0.5654198,3
1.1367494,1.021261,0.9635378,0.3168198,0.4919146,3
1.1134337,0.86564404,0.95154274,0.2616124,0.5589008,3
1.1516557,0.86070836,0.7388047,0.25775284,0.6322122,3
1.1227,0.97419876,1.0,0.21642317,0.5188926,3
1.1541241,0.96834594,0.9384946,0.21198213,0.5411952,3
1.1758943,1.081567,1.0,0.36433533,0.5046394,3
1.1539693,1.1168168,0.9857097,0.2917851,0.50107974,3
1.1762657,0.965565,0.8626149,0.37318724,0.47789484,3
1.0821513,0.9410468,0.9514427,0.25714132,0.48259842,3
1.160396,0.91237694,0.8818899,0.32338062,0.60177,3
1.1780533,0.76117927,0.7743868,0.1352586,0.52773607,3
1.1744148,1.0535048,0.9157109,0.24018534,0.52966714,3
1.2,0.90890276,0.820867,0.29663625,0.531522,3
1.0959758,0.7948908,0.76873916,0.26550844,0.5371726,3
1.1306274,0.87503433,0.8137146,0.26498985,0.5639534,3
1.0847024,0.8301538,0.84270716,0.37586498,0.47508425,3
1.1994387,0.7809497,0.6907591,0.2688238,0.48219806,3
1.1877658,1.041542,0.92443913,0.31259984,0.5837001,3
1.1797022,0.96357256,0.83879375,0.34641188,0.5681785,3
1.198705,1.0825167,0.91399795,0.4,0.5147367,3
1.2,0.95598006,0.8357724,0.27165425,0.47670805,3
1.2,1.274468,0.9558717,0.29128775,0.49978176,3
1.1477288,0.9144267,0.96173584,0.18353376,0.50173956,3
1.1485027,0.97442037,0.9551743,0.24776804,0.58824575,3
1.1197392,0.9590865,0.9892756,0.38439432,0.49211848,3
1.1356859,0.9866825,0.97355473,0.23268697,0.5909917,3
1.1602356,0.927361,0.97822475,0.23182616,0.48623288,3
1.120486,1.0212842,0.9497296,0.26082003,0.52431375,3
1.1475426,0.871176,0.88414097,0.3985469,0.5282569,3
1.1794913,1.0409658,0.91164935,0.32165915,0.46867022,3
1.1981326,0.9901327,0.8837401,0.27897173,0.6132613,3
1.1283164,0.9551449,0.8668742,0.3549548,0.59610325,3
1.1350543,0.80435383,0.7901827,0.4,0.54332566,3
1.2,1.1375717,0.951182,0.4,0.5353858,3
1.1433555,0.95275915,0.89497375,0.17732145,0.48443854,3
1.1215011,1.042069,1.0,0.38106883,0.5608126,3
1.1464676,0.93327487,0.8227364,0.26540294,0.5546938,3
1.118593,0.90722775,0.9045479,0.30250433,0.52055544,3
1.1265441,1.050365,1.0,0.32315388,0.5409984,3
1.2,0.9785554,0.9344789,0.34639692,0.64728636,3
1.1368777,0.8545516,0.82215685,0.29325238,0.5796143,3
1.0956166,0.78997135,0.8876789,0.306847,0.54007626,3
1.1307671,1.0256268,1.0,0.4,0.5693002,3
1.1654896,0.94302416,0.92859346,0.36735487,0.535473,3
1.1578884,0.99475193,0.90777373,0.3700506,0.5036476,3
1.1982286,1.1229328,0.9876304,0.39672884,0.5453682,3
1.15716,0.8118414,0.744838,0.09085182,0.6179195,3
1.1679168,1.1189514,1.0,0.07947415,0.49495688,3
1.188941,0.9435779,0.8459743,0.286554,0.56723136,3
1.167991,1.1049615,0.9534742,0.29281396,0.52159286,3
1.19291,0.81364906,0.7743984,0.35177663,0.57637864,3
1.1236631,0.8891577,0.9059442,0.33996895,0.5062431,3
1.1348479,0.8796037,0.84659386,0.4,0.5086796,3
1.1452328,0.6477752,0.70778036,0.4,0.5551389,3
1.1055752,0.95797294,0.990694,0.37610444,0.53533435,3
1.2,1.3783383,1.0,0.2291619,0.5544334,3
1.1497617,0.92938274,0.9466833,0.1592692,0.50313985,3
1.1530362,1.0215695,0.90394807,0.32250264,0.54645604,3
1.2,1.1568004,0.9263257,0.3602613,0.53301287,3
1.1356299,0.7787577,0.72896796,0.29849818,0.5608181,3
1.1539642,0.8101666,0.7736413,0.23058139,0.50686324,3
1.152816,0.91232145,0.9245817,0.36767817,0.52337277,3
1.1045898,0.72034156,0.74125564,0.32821882,0.5619263,3
1.2,1.2600021,0.9969812,0.34803256,0.5233789,3
1.1181452,0.92620325,0.914897,0.20587638,0.5376515,3
1.1627088,1.1091409,0.9928854,0.18466516,0.499405,3
1.1150886,0.91422695,0.8970808,0.13184057,0.5823066,3
1.121471,0.82020164,0.8407026,0.3557974,0.5287743,3
1.1385847,0.90754735,0.899417,0.22308148,0.5612399,3
1.1595782,0.92372507,0.8604601,0.4,0.5045858,3
1.1566912,1.0549906,0.91514975,0.4,0.5384081,3
1.1940904,1.1097153,0.93059385,0.21321948,0.5393474,3
1.2,0.974439,0.78456557,0.22026369,0.5128006,3
1.172323,0.7543281,0.7527488,0.30080223,0.58177847,3
1.1230879,0.9664963,0.99268264,0.2683821,0.53389126,3
1.1569195,0.9792524,0.87391764,0.4,0.55708164,3
1.129491,0.98090786,0.93360484,0.23393066,0.52933216,3
1.2,1.0625774,0.9435874,0.4,0.518865,3
1.1549628,1.0451586,0.96458507,0.35730168,0.5423038,3
1.0638918,0.8137007,0.92383903,0.29012024,0.55943215,3
1.1691029,0.96856093,0.86877525,0.34507358,0.57360876,3
1.1638037,1.007398,0.95138294,0.2695951,0.55295473,3
1.1909993,1.0782323,0.9840387,0.4,0.5559914,3
1.0085515,0.6158851,0.88702625,0.3028121,0.49243364,3
1.0665815,0.8697689,0.8506204,0.20970777,0.50983685,3
1.1119865,0.71189135,0.7876512,0.30729392,0.5070567,3
1.1920911,1.1283523,0.9985195,0.26836222,0.47822165,3
1.1947988,1.0643494,0.9630009,0.1587352,0.5371379,3
1.0986211,0.8209771,0.8532305,0.16956204,0.55758333,3
1.16509,0.9676622,0.9134545,0.16685237,0.56096005,3
1.2,1.099383,0.9399459,0.26548856,0.5636824,3
1.1328647,0.88227814,0.8943372,0.3332484,0.5274366,3
1.0993409,0.84299535,0.8960736,0.27571198,0.5430381,3
1.1493354,1.024716,0.9725226,0.4,0.54364705,3
1.1803591,1.1187018,0.9732975,0.17944193,0.57719016,3
1.2,1.0478989,0.90901166,0.36925083,0.49831122,3
1.1432964,1.0101517,0.93325526,0.4,0.5435391,3
1.1739337,0.8428006,0.7864997,0.13546383,0.45948645,3
1.1676217,0.84684384,0.7643867,0.23853384,0.44817302,3
1.0787743,0.86924326,0.8375476,0.4,0.47480285,3
1.18705,1.0096166,0.8774308,0.4,0.49453247,3
1.122297,0.8681733,0.8682384,0.085714616,0.5660794,3
1.1413932,1.2068716,1.0,0.34802458,0.5134432,3
1.1237875,0.8498317,0.826986,0.3218787,0.553425,3
1.1433183,0.8167874,0.80716646,0.4,0.48113006,3
1.1642131,0.904645,0.8488564,0.33825684,0.46997285,3
1.1120389,0.80225533,0.85069346,0.4,0.47294936,3
1.1367784,0.99348545,0.96509236,0.31138512,0.5696407,3
1.12048,0.9054132,0.9238902,0.32647967,0.54046094,3
1.1787754,0.9228008,0.88366914,0.2858168,0.5140015,3
1.2,1.0227629,0.862931,0.24239355,0.46765718,3
1.0998755,0.9496758,0.98308384,0.20886935,0.5153506,3
1.0819812,0.93040794,1.0,0.17191173,0.5862104,3
1.102879,1.1114684,1.0,0.23411977,0.47311178,3
1.1336604,1.0166543,0.9809314,0.3341713,0.54522973,3
1.10775,0.80284667,0.7986165,0.36804083,0.5596542,3
1.1554002,0.9788915,0.8240748,0.4,0.54385406,3
1.1361415,1.1248709,1.0,0.32874313,0.5167212,3
1.0990767,0.8423353,0.8831175,0.3319163,0.61196655,3
1.0787312,0.9310448,0.9263684,0.20835555,0.55322134,3
1.1314863,0.7546699,0.6702385,0.24467492,0.552184,3
1.1912394,1.1520658,1.0,0.4,0.531693,3
1.1110463,1.0090331,1.0,0.35395208,0.5829171,3
1.1664976,0.82089597,0.78194207,0.22804606,0.58888113,3
1.1839669,1.0392421,0.93572605,0.35972226,0.54297894,3
1.1342043,0.9530602,0.985639,0.071866244,0.4526725,3
1.1197618,1.0603589,1.0,0.14288291,0.5381873,3
1.1485634,1.0656973,0.87398195,0.39989325,0.5297754,3
1.1458285,1.0868019,1.0,0.25751522,0.54585606,3
1.1173075,0.9419559,0.89268625,0.2759248,0.5212217,3
1.1894603,0.947329,0.8356089,0.31864238,0.57088274,3
1.1517105,1.2048773,1.0,0.31703112,0.5081263,3
1.1236223,0.791481,0.82899314,0.4,0.56619173,3
1.1736339,0.93780947,0.9030013,0.080217525,0.4833297,3
1.1900041,0.8198445,0.7188003,0.33763257,0.65793574,3
1.2,0.98593664,0.7262768,0.2063126,0.4464728,3
1.143169,0.8751624,0.7864154,0.33589417,0.54160374,3
1.1848626,1.0621182,0.91528267,0.12140076,0.6008967,3
1.1465074,0.9790364,0.91378266,0.35091326,0.5024041,3
1.074888,0.89359593,0.9243216,0.4,0.49877495,3
1.2,1.141515,0.89442486,0.28644702,0.5480237,3
1.1532187,1.066536,0.99097323,0.2125709,0.56006867,3
1.1231507,1.0945932,1.0,0.4,0.50413287,3
1.0841266,0.760267,0.76612866,0.1407765,0.52145195,3
1.1401258,0.77420896,0.7460952,0.2950219,0.46661025,3
1.1839533,0.9593649,0.882196,0.4,0.53496176,3
1.1342846,0.8689563,0.8380144,0.3825565,0.54950476,3
1.0645971,0.9342329,1.0,0.17883289,0.52682394,3
1.1629875,0.7832631,0.9072282,0.38903922,0.49512973,3
1.091502,0.84469885,0.8782987,0.4,0.53558815,3
1.1318109,0.78126776,0.8041585,0.4,0.57592386,3
1.1315185,0.8456119,0.8499402,0.2700725,0.53912187,3
1.2,1.1013074,0.84545046,0.2594863,0.5486347,3
1.1413511,0.85221267,0.8481322,0.30814144,0.5271857,3
1.1232984,0.75678205,0.8278107,0.372205,0.5589234,3
1.1598758,0.82514143,0.7131096,0.17843391,0.53744733,3
1.1355304,0.8367957,0.8399128,0.08873876,0.553071,3
1.0848426,0.92951006,0.9655107,0.2734999,0.544918,3
1.1886986,1.1495817,0.9849206,0.4,0.49484265,3
1.1883581,1.091222,1.0,0.30488554,0.5057122,3
1.1606525,1.1732868,1.0,0.4,0.5333592,3
1.0970285,0.8403473,0.8674389,0.4,0.5619112,3
1.1173555,0.88803774,0.8584758,0.36144283,0.6542462,3
1.1310889,1.0697997,1.0,0.4,0.53327984,3
1.1298317,0.956485,0.9368486,0.4,0.5715465,3
1.1540449,0.8816912,0.8150667,0.32038128,0.5098345,3
1.1353341,1.2448989,1.0,0.2844657,0.51514703,3
1.1146582,0.77080435,0.77469635,0.34596583,0.4975669,3
1.2,0.9099001,0.82949317,0.4,0.5868912,3
1.1451341,1.0106804,0.9602601,0.4,0.4849115,3
1.12528,0.83839726,0.8832994,0.36915362,0.5697999,3
1.2,1.0803452,0.84113216,0.4,0.562116,3
1.2,1.2101247,1.0,0.348091,0.56112057,3
1.0803857,0.94252914,1.0,0.1795568,0.5006524,3
1.1465684,0.96729153,0.9236623,0.22185332,0.5553583,3
1.127549,0.9410333,0.8293613,0.27107733,0.5388693,3
1.2,0.8731671,0.7845473,0.25937203,0.5456179,3
1.1309801,0.936969,0.8851626,0.373293,0.5502102,3
1.1845992,1.0754652,0.9081523,0.15923123,0.57230383,3
1.1497102,0.97833323,0.91501516,0.17153655,0.5346096,3
1.1202352,1.0513647,1.0,0.36030415,0.5194688,3
1.1582109,1.0968698,0.95785165,0.3199849,0.5223756,3
1.1770177,1.239591,1.0,0.4,0.5853435,3
1.1506107,1.2286292,1.0,0.18222213,0.49179003,3
1.1920414,1.0270044,0.9259431,0.28166938,0.574998,3
1.1740605,0.93813336,0.8764035,0.4,0.5115816,3
1.1157429,0.84085166,0.88200706,0.31037557,0.54735017,3
1.1372174,1.1465524,1.0,0.0818666,0.5241178,3
1.1679417,0.95177466,0.8908167,0.27680632,0.5239309,3
1.1886879,1.0445231,0.8884381,0.25616786,0.53354,3
1.131088,0.90139127,0.88870513,0.27585715,0.49845603,3
1.2,2.0,0.93573904,0.18118201,0.52375394,4
1.2,1.8472824,0.66516984,0.26731,0.46617967,4
1.2,2.0,0.79639536,0.24398349,0.4765495,4
1.2,1.6988907,0.58508587,0.15064418,0.40018845,4
1.2,1.6595056,0.67668986,0.4,0.55900353,4
1.2,1.6546972,0.65498346,0.054867838,0.4867236,4
1.2,2.0,0.6975057,0.4,0.5106035,4
1.2,2.0,0.8342592,0.1763375,0.48026612,4
1.2,1.2128612,0.52598196,0.08590827,0.5173027,4
1.2,1.925586,0.7273294,0.16032976,0.49927822,4
1.2,1.8513759,0.8054509,0.27173877,0.49637222,4
1.2,1.1292806,0.39515105,0.12899253,0.42621532,4
1.2,1.5457675,0.6168253,0.13786207,0.5097255,4
1.2,1.4825519,0.5611187,0.30646804,0.49832627,4
1.2,2.0,0.8421801,0.35387483,0.559425,4
1.2,1.9865432,0.7358174,0.22793922,0.45543897,4
1.2,1.6401899,0.6117513,0.17309494,0.56891716,4
1.2,1.400145,0.5404705,0.070518784,0.5008193,4
1.2,1.2840923,0.45964152,0.098271444,0.50263697,4
1.2,1.3290095,0.4541024,0.18568209,0.5205059,4
1.2,1.3329133,0.5764084,0.39125255,0.55329967,4
1.2,2.0,0.82090366,0.30302662,0.50603634,4
1.2,1.8777869,0.6996376,0.16089122,0.5248891,4
1.2,2.0,0.878544,0.36750028,0.47962165,4
1.2,1.6129007,0.6571471,0.25901893,0.58692247,4
1.2,1.0472438,0.4285341,0.34632042,0.4938127,4
1.2,2.0,0.8145805,0.05,0.48627868,4
1.2,1.8558487,0.7570736,0.2660836,0.5293882,4
1.2,1.6580005,0.6363366,0.10966211,0.49159724,4
1.2,1.3294792,0.50617594,0.33307865,0.47932124,4
1.2,1.3481692,0.5372202,0.05,0.5084839,4
1.2,1.2276865,0.5301858,0.4,0.5476723,4
1.2,1.6404527,0.56704414,0.2618747,0.54002607,4
1.2,2.0,0.74260926,0.34558636,0.55255765,4
1.2,2.0,0.807324,0.21167181,0.46793064,4
1.2,1.5574348,0.58182883,0.3490383,0.5137937,4
1.2,2.0,0.91818166,0.19731028,0.48728397,4
1.2,1.4930152,0.5591835,0.1953572,0.49498716,4
1.2,2.0,0.8190947,0.39618483,0.5391471,4
1.2,1.3519977,0.5136708,0.37502927,0.48975474,4
1.2,1.800399,0.69310623,0.22313257,0.54588,4
1.2,1.3879141,0.6195237,0.1709535,0.50734,4
1.2,2.0,0.89496845,0.1751418,0.54481304,4
1.2,2.0,0.72653085,0.2821826,0.49717718,4
1.2,1.8343812,0.6925054,0.19384356,0.57745445,4
1.2,1.0435525,0.4349637,0.26643974,0.5149808,4
1.2,1.2778025,0.5028886,0.14715025,0.52770406,4
1.2,0.88061625,0.31649747,0.30633533,0.44314623,4
1.2,1.7233852,0.65223336,0.3185865,0.5370394,4
1.2,1.1343662,0.46462938,0.17021073,0.42994273,4
1.2,2.0,0.75561756,0.3316743,0.5119262,4
1.2,1.7175294,0.6654997,0.115169205,0.48750392,4
1.2,1.2540504,0.49610832,0.19897051,0.5382791,4
1.2,2.0,0.9134416,0.15242523,0.579883,4
1.2,2.0,0.81352705,0.38870397,0.5115509,4
1.2,1.8069108,0.6401713,0.2807756,0.47620505,4
1.2,1.154103,0.43036312,0.3720235,0.49489573,4
1.2,1.2735533,0.44070286,0.35105112,0.44198683,4
1.2,1.2749873,0.54184216,0.34480318,0.41547796,4
1.2,2.0,0.9185059,0.2193627,0.4977541,4
1.2,2.0,0.7553601,0.091519654,0.552896,4
1.2,1.9502596,0.70650744,0.34309465,0.5576395,4
1.2,2.0,0.78316957,0.05,0.558797,4
1.2,1.9507335,0.8112306,0.23653819,0.4588949,4
1.2,1.2511978,0.4985653,0.18243164,0.44060165,4
1.2,1.8501161,0.68803835,0.17183505,0.4490364,4
1.2,1.6219622,0.6210443,0.05,0.44387648,4
1.2,2.0,0.8611044,0.35525385,0.5543308,4
1.2,1.6774576,0.5520352,0.05,0.5614422,4
1.2,2.0,0.86076415,0.4,0.4981497,4
1.2,2.0,0.7067641,0.18094042,0.49403837,4
1.2,1.612855,0.6559358,0.3008665,0.49131244,4
1.2,1.6427664,0.6000632,0.11780132,0.47572374,4
1.2,1.9416481,0.72830945,0.20802027,0.5248913,4
1.2,0.8315407,0.28702125,0.09564159,0.5033088,4
1.2,0.6968982,0.28688678,0.2466752,0.4437383,4
1.2,1.5100933,0.5744034,0.21246883,0.5536871,4
1.2,2.0,0.9808408,0.4,0.4946912,4
1.2,2.0,0.77151346,0.27256936,0.48803753,4
1.2,1.981525,0.7075915,0.08610286,0.47175297,4
1.2,1.2431768,0.5108956,0.18279454,0.47373047,4
1.2,2.0,0.8132,0.13705471,0.47534636,4
1.2,1.5953354,0.6428919,0.096157946,0.45289728,4
1.2,0.6954324,0.28077337,0.17070705,0.43639153,4
1.2,1.3265256,0.5428029,0.20092463,0.4604896,4
1.2,1.7033284,0.62812585,0.27705985,0.4873887,4
1.2,1.0441043,0.41630876,0.4,0.4200995,4
1.2,2.0,0.83007807,0.3876423,0.47522968,4
1.2,1.8173466,0.66050816,0.27550998,0.47445485,4
1.2,1.4719019,0.5180965,0.29664442,0.4155625,4
1.2,1.5251671,0.6079654,0.2584085,0.49093354,4
1.2,2.0,1.0,0.20902243,0.43080652,4
1.2,1.233953,0.49991205,0.38631016,0.5168676,4
1.2,1.8149345,0.71517104,0.06975517,0.5006098,4
1.2,1.3035527,0.5339692,0.29660228,0.5229573,4
1.2,1.9154779,0.69631267,0.4,0.46523443,4
1.2,1.4374013,0.536834,0.17869274,0.5632098,4
1.2,0.9630441,0.31934986,0.09950393,0.4938538,4
1.2,1.4842097,0.52691454,0.16187242,0.5142275,4
1.2,1.7425786,0.7281348,0.28021285,0.4689912,4
1.2,1.538154,0.5739498,0.071728356,0.4733182,4
1.2,2.0,0.84148586,0.05,0.4796869,4
1.2,1.5219957,0.5916999,0.111101955,0.42983466,4
1.2,1.3494071,0.5516326,0.05,0.527089,4
1.2,1.4696207,0.58449775,0.05,0.4780361,4
1.2,1.4172422,0.5693079,0.32854933,0.5094804,4
1.2,1.3846099,0.49904412,0.104607046,0.4661211,4
1.2,1.7699343,0.6789681,0.30933,0.47611997,4
1.2,1.0341264,0.40356916,0.19230218,0.4940693,4
1.2,1.4533886,0.50682825,0.1803594,0.43516618,4
1.2,1.6040583,0.648946,0.20621078,0.48852596,4
1.2,2.0,0.8269991,0.05,0.46111408,4
1.2,1.521502,0.6092928,0.19157967,0.50928634,4
1.2,1.8227353,0.703618,0.11080004,0.50190896,4
1.2,2.0,0.86794764,0.31241435,0.54514086,4
1.2,1.8695443,0.7430813,0.19294013,0.5397534,4
1.2,2.0,0.81104165,0.08062115,0.487543,4
1.2,1.3888996,0.5501393,0.4,0.47400105,4
1.2,1.4931165,0.611209,0.19426556,0.5009523,4
1.2,1.8989314,0.71088403,0.06712615,0.4360992,4
1.2,1.6906499,0.6417706,0.05,0.5433713,4
1.2,0.9966338,0.41101545,0.4,0.516082,4
1.2,1.4212115,0.5204942,0.2778392,0.4724084,4
1.2,1.9536064,0.70929265,0.059177417,0.4859338,4
1.2,1.1693584,0.5084537,0.243065,0.5136697,4
1.2,0.9027851,0.33604845,0.08882363,0.49246737,4
1.2,2.0,0.8546113,0.1407758,0.52667594,4
1.2,1.9926151,0.7118191,0.15580995,0.5000591,4
1.2,1.2010485,0.49863476,0.2956271,0.5260717,4
1.2,2.0,0.85513645,0.19202767,0.42688388,4
1.2,1.6600547,0.6165856,0.35974768,0.52326155,4
1.2,2.0,0.76291376,0.05,0.49002612,4
1.2,1.8704957,0.7331303,0.12506528,0.4718691,4
1.2,1.5615376,0.61593866,0.34939837,0.50729656,4
1.2,2.0,0.91843307,0.109915115,0.50420165,4
1.2,0.79783756,0.28778836,0.27941465,0.5728484,4
1.2,2.0,0.7866794,0.081813715,0.46131757,4
1.2,1.5691581,0.63912773,0.10658269,0.44754568,4
1.2,1.6995034,0.62375057,0.23905718,0.5311365,4
1.2,1.150575,0.437316,0.13086087,0.46966568,4
1.2,1.9302081,0.73832226,0.2992214,0.50498974,4
1.2,1.5333135,0.55564535,0.4,0.5216727,4
1.2,2.0,0.7191804,0.08637137,0.53238696,4
1.2,1.8425459,0.7294497,0.053282004,0.53668845,4
1.2,1.8935826,0.7766027,0.39967394,0.45906544,4
1.2,1.7208712,0.6746398,0.29779387,0.4866529,4
1.2,1.6778638,0.6021235,0.22916155,0.5290442,4
1.2,2.0,0.8603553,0.103921965,0.51499397,4
1.2,1.7074765,0.68609846,0.35017276,0.48316887,4
1.2,1.1755463,0.49135026,0.091458775,0.46078637,4
1.2,1.4301655,0.57904553,0.07114576,0.51357615,4
1.2,1.1038271,0.42229328,0.21413971,0.49961206,4
1.2,1.9409053,0.7533984,0.32693192,0.5528044,4
1.2,1.0424098,0.4350618,0.2597872,0.5472013,4
1.2,1.2220939,0.5276885,0.12799197,0.39601198,4
1.2,1.8515462,0.7205706,0.07347116,0.5568539,4
1.2,2.0,0.7782003,0.23285276,0.48704767,4
1.2,1.2701348,0.5078803,0.112332195,0.44332683,4
1.2,1.6721313,0.63791806,0.1799339,0.5150333,4
1.2,1.7468818,0.65044284,0.21247602,0.5032804,4
1.2,1.9096004,0.6766882,0.24000318,0.5604315,4
1.2,1.2878547,0.4541707,0.28039733,0.4687417,4
1.2,2.0,0.83830225,0.2569216,0.5357517,4
1.2,1.826977,0.725893,0.32640424,0.58169705,4
1.2,2.0,0.79835254,0.17674617,0.50373816,4
1.2,1.9200933,0.72881883,0.2147034,0.5235197,4
1.2,1.7122377,0.5925115,0.05,0.54698724,4
1.2,1.8316541,0.65378904,0.26706928,0.505096,4
1.2,1.194571,0.4881461,0.33872586,0.49732894,4
1.2,1.8448503,0.74452597,0.24443728,0.49059173,4
1.2,2.0,0.8228897,0.05,0.50846744,4
1.2,1.2082205,0.44474998,0.2754507,0.5259408,4
1.2,1.6099577,0.67818385,0.20360628,0.42402637,4
1.2,1.9457948,0.81189924,0.2095893,0.47412607,4
1.2,1.6869912,0.62489706,0.3367703,0.5144527,4
1.2,2.0,1.0,0.05,0.42068076,4
1.2,1.8374797,0.6327898,0.39739117,0.45405358,4
1.2,2.0,0.8122151,0.100581214,0.4821557,4
1.2,2.0,0.916095,0.13310485,0.5405975,4
1.2,1.8039001,0.7061865,0.10239676,0.46663186,4
1.2,1.8766916,0.72952414,0.36177963,0.5598088,4
1.2,1.9861096,0.74649084,0.27976352,0.5213746,4
1.2,2.0,0.79621166,0.20741728,0.48919144,4
1.2,1.6665491,0.6531473,0.13984409,0.43559638,4
1.2,2.0,0.91012365,0.379949,0.5689307,4
1.2,1.8161224,0.72471404,0.11087804,0.5079957,4
1.2,1.414616,0.5723087,0.05,0.45519826,4
1.2,1.8154191,0.74505913,0.2863003,0.47474685,4
1.2,1.722276,0.74371994,0.4,0.558483,4
1.2,1.6480068,0.6634659,0.4,0.4375753,4
1.2,1.6931828,0.64618534,0.4,0.559798,4
1.2,1.2890816,0.5050424,0.05,0.50830615,4
1.2,1.7092397,0.6938928,0.05,0.5151102,4
1.2,1.8578286,0.68227,0.05,0.54396826,4
1.2,2.0,0.8225881,0.3391412,0.52168864,4
1.2,1.5567384,0.5907518,0.05,0.5053152,4
1.2,2.0,0.795032,0.05,0.5082912,4
1.2,1.4358381,0.5699658,0.22654137,0.5116814,4
1.2,1.4720178,0.5719528,0.1932347,0.47072122,4
1.2,1.7453635,0.7266971,0.24755594,0.53387064,4
1.2,1.9798865,0.72793967,0.28541595,0.47677764,4
1.2,1.5226164,0.5317202,0.36125523,0.44033906,4
1.2,1.9754932,0.7229923,0.05,0.55377185,4
1.2,1.4248687,0.54621744,0.22039942,0.5715626,4
1.2,1.1201879,0.5555207,0.286967,0.55846316,4
1.2,1.7323395,0.6479493,0.32425106,0.51945674,4
1.2,1.8743423,0.72127223,0.0745352,0.4779688,4
1.2,2.0,0.7993995,0.17196316,0.538076,4
1.2,1.4273461,0.5654668,0.11824716,0.5573421,4
1.2,1.5520792,0.64390886,0.05,0.51978946,4
1.2,0.75421095,0.3335049,0.38266805,0.516493,4
1.2,1.2956145,0.49670556,0.10215807,0.49686638,4
1.2,2.0,0.74972194,0.2526879,0.43886048,4
1.2,2.0,0.8472571,0.373994,0.52363336,4
1.2,1.7802705,0.82840854,0.15959504,0.52524394,4
1.2,1.5557704,0.59999335,0.35762054,0.50001216,4
1.2,2.0,0.72335845,0.05,0.45733413,4
1.2,1.8881217,0.7614638,0.05,0.4805511,4
1.2,1.6643821,0.650803,0.15583518,0.4720233,4
1.2,1.6553365,0.6281477,0.2905471,0.4811705,4
1.2,2.0,0.8394646,0.05,0.52273357,4
1.2,2.0,0.8091378,0.27923742,0.52083355,4
1.2,1.0927312,0.41453847,0.27313605,0.5531419,4
1.2,1.2842429,0.50900644,0.08098475,0.5122452,4
1.2,2.0,0.8484501,0.31775007,0.51273376,4
1.2,1.6745576,0.66589963,0.11356511,0.47736037,4
1.2,1.8864549,0.6569512,0.20794159,0.5224639,4
1.2,1.0661925,0.44324476,0.07969405,0.5313137,4
1.2,1.9074857,0.706405,0.4,0.49113274,4
1.2,1.246327,0.4434708,0.33010817,0.42418617,4
1.2,2.0,0.7838714,0.37913427,0.51334846,4
1.2,2.0,0.8190485,0.2985765,0.39329886,4
1.2,1.3906442,0.55428356,0.13098367,0.48548746,4
1.2,1.6184682,0.6425943,0.3313156,0.5305566,4
1.2,2.0,0.80617857,0.13314268,0.4474759,4
1.2,2.0,0.9902031,0.05,0.5165613,4
1.2,2.0,0.93902445,0.19833899,0.56130904,4
1.2,2.0,0.84102184,0.14481004,0.520872,4
1.2,1.3015429,0.5012711,0.29344487,0.5726028,4
1.2,1.7637957,0.63773376,0.05,0.40068832,4
1.2,1.8545789,0.7058991,0.4,0.54209626,4
1.2,2.0,0.7919707,0.13020062,0.48192322,4
1.2,2.0,0.7913322,0.06709769,0.5071333,4
1.2,2.0,0.78601164,0.18490048,0.4868932,4
1.2,2.0,0.956189,0.31682277,0.5634006,4
1.2,2.0,0.7960358,0.15585509,0.5241665,4
1.2,1.6719373,0.63819456,0.100769654,0.48404086,4
1.2,1.5151988,0.56503856,0.17071988,0.4412832,4
1.2,2.0,0.89833534,0.104801945,0.46091655,4
1.2,1.9732215,0.7640929,0.05,0.60971904,4
1.2,1.7778476,0.66394335,0.23248097,0.48211607,4
1.2,1.994431,0.75403327,0.24500057,0.5412133,4
1.2,1.959142,0.75564784,0.2942406,0.48326847,4
1.2,2.0,0.7468453,0.16685273,0.48441872,4
1.2,1.602228,0.60540605,0.26311138,0.4875634,4
1.2,1.806547,0.68506473,0.34847087,0.47371995,4
1.2,0.943117,0.3790015,0.19009954,0.5097471,4
1.2,1.4188706,0.52344054,0.14591561,0.5531204,4
1.2,2.0,0.8776316,0.13939685,0.58082986,4
1.2,1.8065435,0.6501526,0.25695762,0.47394538,4
1.2,2.0,0.7472759,0.17150785,0.536566,4
1.2,1.4529438,0.555036,0.23068275,0.52887124,4
1.2,1.2124407,0.5259033,0.22254357,0.4987304,4
1.2,2.0,0.83284634,0.37962708,0.5229398,4
1.2,0.9801112,0.38947186,0.39411467,0.5231938,4
1.2,1.8599131,0.7516187,0.4,0.44368675,4
1.2,2.0,0.8798485,0.30898473,0.51459897,4
1.2,1.6071233,0.6000687,0.20166747,0.53674227,4
1.2,0.9418106,0.38445815,0.22051646,0.5324065,4
1.2,1.254396,0.52375966,0.3734493,0.52434796,4
1.2,1.1826278,0.41592017,0.34359115,0.51442474,4
1.2,1.41757,0.5567978,0.05,0.46220616,4
1.2,1.1522728,0.50142735,0.32656494,0.49813423,4
1.2,1.2001338,0.47873306,0.3078832,0.4988779,4
1.2,2.0,0.80487484,0.17731157,0.48751837,4
1.2,2.0,1.0,0.11614179,0.48963097,4
1.2,1.7353694,0.62107986,0.24826612,0.5496511,4
1.2,1.7391638,0.70739365,0.28268787,0.5088719,4
1.2,1.1403109,0.42077285,0.37063533,0.5320084,4
1.2,1.4964527,0.5865482,0.22175093,0.47644973,4
1.2,2.0,1.0,0.19286518,0.5656326,4
1.2,2.0,0.8909447,0.35219482,0.5192935,4
1.2,1.240938,0.5457168,0.21744095,0.4978864,4
1.2,2.0,0.8834607,0.26583108,0.5318854,4
1.2,2.0,0.788521,0.05,0.49433476,4
1.2,1.3566885,0.5590987,0.28299782,0.5283364,4
1.2,1.5562198,0.6205044,0.1621093,0.43334052,4
1.2,1.529771,0.6726873,0.10778328,0.42390516,4
1.2,1.9479986,0.70711017,0.18789372,0.53775,4
1.2,1.3413868,0.5572347,0.32096153,0.4115925,4
1.2,1.6773162,0.71177864,0.17798088,0.55698526,4
1.2,1.7294425,0.6842123,0.22594957,0.48639116,4
1.2,1.4544724,0.5603784,0.4,0.5449304,4
1.2,2.0,0.8007074,0.06486295,0.5507026,4
1.2,1.380008,0.5370374,0.23682334,0.5481275,4
1.2,1.472017,0.6078121,0.25918785,0.52035403,4
1.2,1.7413508,0.6362276,0.09978423,0.43809032,4
1.2,1.0583981,0.39070538,0.16980138,0.45048755,4
1.2,1.5183502,0.61686677,0.16459073,0.45964438,4
1.2,1.598778,0.5860247,0.151566,0.5159896,4
1.2,1.3939456,0.56148034,0.22956003,0.48319474,4
1.2,1.4090024,0.5059988,0.4,0.5233776,4
1.2,1.5793959,0.66148794,0.115036964,0.5274573,4
1.2,1.8415216,0.7042992,0.091073684,0.53840685,4
1.2,1.0101316,0.4361233,0.28691307,0.4966833,4
1.2,1.0341789,0.4411684,0.2669387,0.5568343,4
1.2,1.3369404,0.51577127,0.07255707,0.4674957,4
1.2,1.8496511,0.75661725,0.06427405,0.46860477,4
1.2,1.4428641,0.55178684,0.05,0.5399721,4
1.2,1.7348543,0.68784285,0.12504902,0.43248618,4
1.2,2.0,1.0,0.088944755,0.49201173,4
1.2,2.0,0.8660184,0.30798957,0.5232543,4
1.2,1.6801686,0.7190303,0.35702872,0.47117147,4
1.2,2.0,0.8634583,0.26052397,0.42379147,4
1.2,0.97370446,0.41072175,0.345701,0.48574856,4
1.2,1.9709278,0.7465973,0.10698667,0.4493414,4
1.2,2.0,0.8204491,0.4,0.47657713,4
1.2,1.8305404,0.7077691,0.14993258,0.55998284,4
1.2,1.164281,0.49154168,0.16542579,0.5459698,4
1.2,2.0,0.9972629,0.05,0.49841216,4
1.2,1.7305927,0.7365054,0.16164625,0.5550432,4
1.2,1.5781671,0.6132085,0.05,0.5715585,4
1.2,1.2245133,0.44024977,0.2736164,0.5424001,4
1.2,2.0,0.8185846,0.08089268,0.49369255,4
1.2,1.1307117,0.4460676,0.11545683,0.45838258,4
1.2,1.7654318,0.67489934,0.09339383,0.47275162,4
1.2,1.7454336,0.6934578,0.06902155,0.535724,4
1.2,1.4550464,0.5260752,0.18157722,0.4717802,4
1.2,1.8898467,0.69844824,0.20657209,0.5260462,4
1.2,1.3992397,0.5347194,0.13652974,0.5401313,4
1.2,1.6832235,0.62449706,0.05,0.48063454,4
1.2,1.2047437,0.4693969,0.2279833,0.5178399,4
1.2,1.8161695,0.7232477,0.25661203,0.51004815,4
1.2,2.0,0.91373634,0.12375651,0.48022553,4
1.2,2.0,0.83982646,0.099626236,0.5716104,4
1.2,1.8466499,0.694739,0.19190371,0.5155001,4
1.2,2.0,0.7451436,0.25648332,0.5180609,4
1.2,1.4334893,0.63260055,0.1360208,0.49441186,4
1.2,1.2072941,0.49662355,0.12725413,0.5148286,4
1.2,2.0,0.8086043,0.4,0.47697592,4
1.2,0.6905242,0.28750724,0.4,0.46331832,4
1.2,1.0993931,0.43212366,0.28789315,0.54038167,4
1.2,1.8743105,0.72801656,0.30980232,0.46256533,4
1.2,2.0,0.9049653,0.058503106,0.5021594,4
1.2,1.5540055,0.6361786,0.066544965,0.54826474,4
1.2,1.7011893,0.5736099,0.3312188,0.49871027,4
1.2,0.8855807,0.34367397,0.24785176,0.51865345,4
1.2,1.911536,0.67305064,0.38764486,0.45602828,4
1.2,1.5567127,0.671063,0.2818038,0.4184332,4
1.2,2.0,1.0,0.3001536,0.46028236,4
1.2,2.0,0.82357293,0.2041816,0.5481429,4
1.2,1.9744108,0.7316503,0.05,0.4910745,4
1.2,0.731428,0.32409236,0.1353944,0.49344197,4
1.2,1.4173474,0.50666815,0.3009022,0.526334,4
1.2,1.6076893,0.5958898,0.05,0.57640564,4
1.2,1.5257868,0.5746627,0.1685136,0.52535105,4
1.2,1.0584359,0.43066472,0.23402025,0.55296546,4
1.2,2.0,0.85290563,0.24894032,0.4536021,4
1.2,2.0,0.7520777,0.22074378,0.48255736,4
1.2,0.6379814,0.259408,0.15740296,0.46873915,4
1.2,2.0,0.76539886,0.05,0.54529375,4
1.2,2.0,0.95325446,0.23949538,0.523069,4
1.2,1.2926185,0.4697221,0.20353566,0.508234,4
1.2,2.0,0.8588538,0.27216935,0.48254222,4
1.2,1.8900355,0.73369575,0.2479591,0.5507839,4
1.2,2.0,0.8659079,0.119774595,0.43339396,4
1.2,1.8520747,0.74881345,0.2107205,0.49635634,4
1.2,2.0,0.8353758,0.16679737,0.46007207,4
1.2,1.9441795,0.77670425,0.33201227,0.46066687,4
1.2,0.7836067,0.26529992,0.27622676,0.51786643,4
1.2,1.5801054,0.56564194,0.25360596,0.5566636,4
1.2,1.4251597,0.52375895,0.05,0.45385858,4
1.2,2.0,0.797021,0.17744137,0.52950203,4
1.2,1.7493134,0.7091362,0.20745236,0.47260302,4
1.2,1.5634245,0.6482378,0.05,0.5021652,4
1.2,2.0,1.0,0.08902318,0.47925597,4
1.2,1.1683707,0.47362092,0.21854852,0.47386065,4
1.2,1.6982373,0.63012695,0.31902173,0.51881635,4
1.2,1.9392949,0.7446518,0.21713352,0.5422199,4
1.2,1.7237554,0.649397,0.05,0.52143395,4
1.2,0.9306427,0.36363626,0.089536496,0.5394385,4
1.2,1.5976497,0.5959541,0.23339157,0.4785921,4
1.2,1.4872985,0.6168665,0.14823116,0.51488763,4
1.2,1.0829738,0.3922597,0.18690349,0.50573933,4
1.2,1.51086,0.6208713,0.05,0.50710154,4
1.2,1.8145801,0.7804845,0.28187528,0.544459,4
1.2,1.6963536,0.61526996,0.053106073,0.62835157,4
1.2,1.9721802,0.7872628,0.17442137,0.4620823,4
1.2,1.3545318,0.45358992,0.3235987,0.53345066,4
1.2,1.369015,0.47952464,0.19581996,0.5005441,4
1.2,1.3616543,0.53290045,0.17771596,0.47653875,4
1.2,1.7642066,0.67790455,0.06850504,0.46913278,4
1.2,1.8722365,0.68909407,0.30439717,0.46905175,4
1.2,2.0,0.7520922,0.22267157,0.5171338,4
1.2,1.3853893,0.49953002,0.05,0.42372477,4
1.2,1.4508302,0.6137821,0.23236817,0.45833108,4
1.2,2.0,0.8231707,0.23822187,0.48289686,4
1.2,1.6742548,0.63741195,0.07797619,0.5453028,4
1.2,2.0,0.68496543,0.28024653,0.5321543,4
1.2,1.9147291,0.7361299,0.05,0.4394138,4
1.2,2.0,0.8514496,0.06401955,0.5011644,4
1.2,1.9150007,0.7014734,0.2091042,0.58910894,4
1.2,1.6263813,0.63890696,0.05,0.5422276,4
1.2,1.8786049,0.643505,0.05,0.54786974,4
1.2,2.0,0.82982975,0.05,0.47992992,4
1.2,2.0,1.0,0.26427716,0.42227694,4
1.2,1.8231547,0.6825004,0.29179814,0.49768084,4
1.2,2.0,1.0,0.3311316,0.5459412,4
1.2,2.0,0.9799455,0.2839576,0.5079953,4
1.2,1.8760539,0.6892057,0.33327046,0.48638716,4
1.2,1.7423168,0.75052655,0.27755907,0.42371508,4
1.2,1.351146,0.505542,0.20162383,0.50835335,4
1.2,2.0,0.85775775,0.13817391,0.47379822,4
1.2,1.6696743,0.64521474,0.14011554,0.4883036,4
1.2,1.8781725,0.73265326,0.07868447,0.49930075,4
1.2,1.903993,0.775839,0.05,0.49517062,4
1.2,1.643855,0.6107849,0.22153786,0.44690475,4
1.2,2.0,0.75182784,0.17968698,0.53793675,4
1.2,1.8586024,0.7525633,0.27909172,0.46774518,4
1.2,1.2162815,0.43882886,0.273766,0.5249503,4
1.2,2.0,0.9236499,0.16312739,0.48986384,4
1.2,1.6763263,0.6399589,0.05,0.522162,4
1.2,1.9899018,0.7382116,0.4,0.48266113,4
1.2,1.1075212,0.41688225,0.26022023,0.5040155,4
1.2,1.9344177,0.76385695,0.4,0.51119274,4
1.2,2.0,0.7409093,0.17461687,0.52987164,4
1.2,1.519988,0.55132824,0.36830845,0.5286171,4
1.2,1.9652989,0.72942334,0.11509493,0.5333583,4
1.2,2.0,0.8490687,0.33816555,0.4571729,4
1.2,1.7113762,0.5762996,0.32866162,0.5256208,4
1.2,2.0,1.0,0.16980873,0.5344974,4
1.2,1.8161062,0.79037774,0.05,0.44902262,4
1.2,1.2977498,0.61482453,0.2043978,0.5134106,4
1.2,1.7873462,0.71191245,0.25294137,0.54944056,4
1.2,2.0,0.97300863,0.08001862,0.5093613,4
1.2,1.6908404,0.6944459,0.19726677,0.51305616,4
1.2,1.5641791,0.5765393,0.17565893,0.47391978,4
1.2,2.0,0.7490928,0.25997487,0.485959,4
1.2,2.0,0.8351227,0.30215544,0.47436225,4
1.2,1.0854497,0.42715323,0.18927692,0.5149108,4
1.2,2.0,0.8805092,0.4,0.5148581,4
1.2,1.4112413,0.5297508,0.21891694,0.5314246,4
1.2,2.0,0.8161684,0.3112928,0.5117095,4
1.2,2.0,0.8384413,0.05,0.5099299,4
1.2,1.7667693,0.71315694,0.05,0.46571362,4
1.2,2.0,0.75881165,0.182372,0.551115,4
1.2,1.8919075,0.7388206,0.3815186,0.49274272,4
1.2,1.2934222,0.48523998,0.26256523,0.50852984,4
1.2,1.4716713,0.58068436,0.26419383,0.4736787,4
1.2,2.0,0.8457967,0.05,0.53170896,4
1.2,1.8413925,0.70975214,0.24807075,0.469027,4
1.2,1.8293272,0.7649367,0.05,0.56468564,4
1.2,1.5981194,0.5966922,0.4,0.46846935,4
1.2,2.0,0.8744148,0.12554261,0.4565929,4
1.2,1.116732,0.39747882,0.35186037,0.5311415,4
1.2,1.7467061,0.747424,0.052201845,0.5568389,4
1.2,1.6138978,0.60130167,0.23160899,0.43125802,4
1.2,2.0,1.0,0.2702434,0.52804554,4
1.2,2.0,0.85704726,0.12470679,0.5174678,4
1.2,1.8764004,0.77116084,0.2507558,0.50495756,4
1.2,1.6429152,0.60075825,0.29417253,0.5056119,4
1.2,1.8176329,0.67386866,0.4,0.54661703,4
1.2,1.0215154,0.3688932,0.06460058,0.540754,4
1.2,1.3109504,0.5066874,0.23236853,0.47599247,4
1.2,1.982431,0.6817897,0.05,0.42792812,4
1.2,1.6287986,0.6240427,0.29418936,0.5216049,4
1.2,1.8615768,0.71157163,0.05,0.4788628,4
1.2,1.9542135,0.6646574,0.3006427,0.44116548,4
1.2,1.8027034,0.70705146,0.39470455,0.5152529,4
1.2,1.3218418,0.55230445,0.17992036,0.47957796,4
1.2,1.6100754,0.6481093,0.15456335,0.58351487,4
1.2,1.1769052,0.4471586,0.3089628,0.54720247,4
1.2,1.3956269,0.5196908,0.36127162,0.5479159,4
1.2,1.7860382,0.6502133,0.05,0.48204032,4
1.2,1.704516,0.644738,0.07457293,0.49647647,4
1.2,2.0,0.744459,0.24896847,0.4742819,4
1.2,2.0,0.9288741,0.15366855,0.5207645,4
1.2,1.1578808,0.40081814,0.11604827,0.5543983,4
1.2,1.6894296,0.72775257,0.31098667,0.56401026,4
1.2,2.0,0.8536368,0.19396456,0.4308615,4
1.2,2.0,1.0,0.13395976,0.4455135,4
1.2,1.4866929,0.58339196,0.16062766,0.5148005,4
1.2,1.8130739,0.7121285,0.16924058,0.49456808,4
1.2,1.0897472,0.38738996,0.38318232,0.42639798,4
1.2,2.0,0.80872667,0.05,0.4586386,4
1.2,1.3687036,0.47158906,0.20107965,0.5456427,4
1.2,1.4564834,0.62316096,0.22644147,0.49568766,4
1.2,2.0,0.8338375,0.334985,0.45627543,4
1.2,1.3143706,0.5089068,0.05,0.5341607,4
1.2,1.1113734,0.42177945,0.07840952,0.45305365,4
1.2,1.4695568,0.5712189,0.1429213,0.545436,4
1.2,1.8799279,0.73073626,0.25774604,0.53952074,4
1.2,1.6723086,0.65433836,0.37779108,0.46096316,4
1.2,2.0,0.8419962,0.25548378,0.50795007,4
1.2,1.6343703,0.6122467,0.05,0.54038805,4
1.2,1.8935999,0.7143884,0.37700555,0.5006614,4
1.2,1.1595256,0.45392856,0.266489,0.52537566,4
1.2,0.8932798,0.36768636,0.14678048,0.5098774,4
1.2,2.0,0.8368132,0.14838776,0.5435472,4
1.2,1.6998427,0.65333235,0.18270311,0.52179116,4
1.2,1.2465471,0.47022414,0.0661113,0.55001146,4
1.2,1.7513535,0.6329017,0.22446506,0.5308645,4
1.2,1.76412,0.71124065,0.2465626,0.48801142,4
1.2,2.0,0.72707504,0.18039866,0.5392586,4
1.2,1.5750183,0.64504224,0.16699003,0.44417226,4
1.2,1.4910022,0.5420423,0.28371593,0.5112651,4
1.2,1.1727254,0.45013434,0.2354196,0.48235184,4
1.2,1.117685,0.46133998,0.058083322,0.46158323,4
1.2,1.5887864,0.6614884,0.26829112,0.5432875,4
1.2,2.0,0.82119125,0.21947326,0.522102,4
1.2,1.167994,0.44454348,0.4,0.47094432,4
1.2,1.5370044,0.61431557,0.05,0.5354733,4
1.2,1.5480542,0.673835,0.19755454,0.5249197,4
1.2,1.1785722,0.4654685,0.05,0.53479546,4
1.2,2.0,1.0,0.23975466,0.49898732,4
1.2,2.0,0.7054763,0.26544636,0.5158441,4
1.2,2.0,0.8262906,0.05,0.4765116,4
1.2,1.3040215,0.53539866,0.11589206,0.46629342,4
1.2,1.7513977,0.6644917,0.18407655,0.52597016,4
1.2,1.4590839,0.5285242,0.12751453,0.4557169,4
1.2,1.242609,0.5474998,0.17140265,0.48413754,4
1.2,1.8530977,0.7799108,0.4,0.5273908,4
1.2,2.0,0.81390387,0.11540092,0.44792646,4
1.2,1.607611,0.59003067,0.05,0.46040443,4
1.2,2.0,0.8547174,0.08550063,0.4753901,4
1.2,0.69493574,0.31763604,0.18656921,0.5317772,4
1.2,1.2947379,0.5120655,0.2346982,0.41008398,4
1.2,1.716799,0.692062,0.22681439,0.52333623,4
1.2,1.8612049,0.71678287,0.104111485,0.48176348,4
1.2,1.0857557,0.4428814,0.30575666,0.5106816,4
1.2,1.3085521,0.547666,0.05,0.47640556,4
1.2,2.0,0.8539899,0.4,0.4387679,4
1.2,0.5906544,0.24737114,0.057580423,0.55453366,4
1.2,2.0,0.9260499,0.3329705,0.5464547,4
1.2,1.745445,0.6257199,0.3129525,0.47771242,4
1.2,2.0,0.8614265,0.13544947,0.46337712,4
1.2,1.3654283,0.49894404,0.20238236,0.4880173,4
1.2,1.8285748,0.7356359,0.05,0.4355744,4
1.2,1.381805,0.5621829,0.05,0.5172442,4
1.2,1.4920684,0.56906354,0.36144316,0.4903702,4
1.2,2.0,0.8811349,0.05,0.6184183,4
1.2,1.5059813,0.66637427,0.2694666,0.50929135,4
1.2,1.616252,0.6884739,0.38774642,0.5206256,4
1.2,1.8207979,0.7691274,0.4,0.48918283,4
1.2,1.7346258,0.6525786,0.065075524,0.43608817,4
1.2,1.204628,0.4184373,0.19630666,0.5058416,4
1.2,1.5425769,0.63970256,0.2316044,0.46844476,4
1.2,2.0,0.88071525,0.3702662,0.46947807,4
1.2,1.5059928,0.6090741,0.4,0.4527887,4
1.2,1.9340907,0.7820408,0.364308,0.52458245,4
1.2,1.6065539,0.5966837,0.21354824,0.565255,4
1.2,1.5216659,0.61512375,0.12657608,0.5027523,4
1.2,1.4020411,0.46675485,0.4,0.45315468,4
1.2,2.0,0.83079696,0.15150444,0.45081818,4
1.2,1.7925957,0.7019875,0.1023713,0.5305764,4
1.2,1.3131471,0.50704604,0.22100934,0.45978045,4
1.2,2.0,0.92804825,0.07416729,0.4641076,4
1.2,1.1022481,0.40433732,0.27592263,0.50104207,4
1.2,1.4481676,0.5998042,0.16448137,0.48866156,4
1.2,1.5923764,0.58690906,0.25190955,0.4596111,4
1.2,1.3584476,0.504035,0.12980603,0.37607735,4
1.2,1.9304615,0.6772453,0.11792227,0.4995335,4
1.2,2.0,0.8411639,0.15103571,0.5509435,4
1.2,1.1956245,0.48699257,0.05,0.53366786,4
1.2,1.8594855,0.67005765,0.05,0.5001797,4
1.2,1.5404094,0.57991225,0.22382155,0.44400737,4
1.2,1.4334942,0.57788837,0.30685005,0.47940823,4
1.2,2.0,0.9196562,0.15078889,0.502485,4
1.2,1.3948524,0.53584546,0.14810303,0.5010438,4
1.2,1.1924583,0.45693734,0.17164753,0.50326467,4
1.2,1.490356,0.53745013,0.17504953,0.53348905,4
1.2,1.1671861,0.43162093,0.24390568,0.51125586,4
1.2,2.0,0.84087527,0.4,0.45782727,4
1.2,1.3531878,0.5708644,0.05,0.5479195,4
1.2,1.4071512,0.5260778,0.23014966,0.554279,4
1.2,2.0,0.7373548,0.4,0.49557066,4
1.2,2.0,0.9047181,0.17806807,0.46161446,4
1.2,1.200938,0.44489333,0.1426139,0.47226235,4
1.2,1.283211,0.5300022,0.15557382,0.5810075,4
1.2,1.6113355,0.588706,0.14389196,0.5839489,4
1.2,1.9301227,0.8190321,0.1982086,0.44332477,4
1.2,1.4547653,0.6546437,0.07131353,0.48720202,4
1.2,1.0140024,0.3706059,0.14219835,0.5711663,4
1.2,1.8307296,0.7713947,0.4,0.4176319,4
1.2,2.0,0.85633034,0.26601842,0.44097123,4
1.2,1.4484543,0.5270932,0.2699256,0.47038248,4
1.2,1.6071832,0.5393129,0.2894181,0.5479604,4
1.2,2.0,0.891421,0.4,0.5325223,4
1.2,1.2748692,0.47116914,0.2245505,0.49378642,4
1.2,2.0,0.8144527,0.21344085,0.48068914,4
1.2,1.4509025,0.5490189,0.13827817,0.47883958,4
1.2,1.8175074,0.72775424,0.29772106,0.5404628,4
1.2,1.0362961,0.38732088,0.20066442,0.5114445,4
1.2,1.7914798,0.65083355,0.31971326,0.51756597,4
1.2,1.9091569,0.78478914,0.05,0.5213316,4
1.2,1.2836363,0.5701062,0.05,0.53830576,4
1.2,2.0,0.99303114,0.09705889,0.513996,4
1.2,1.7768365,0.70198065,0.35728005,0.54870355,4
1.2,1.4064531,0.535516,0.3168927,0.57694316,4
1.2,1.6928796,0.6252335,0.37436312,0.45857745,4
1.2,1.9956778,0.7077078,0.109662,0.5000262,4
1.2,1.0223019,0.36422843,0.06881152,0.45430773,4
1.2,1.8993093,0.78021014,0.36080116,0.55751294,4
1.2,1.6753467,0.6500504,0.23222007,0.4912024,4
1.2,1.1116114,0.41709402,0.25661162,0.5054634,4
1.2,2.0,0.84162796,0.05,0.5293098,4
1.2,1.3855991,0.562252,0.27445385,0.5117357,4
1.2,1.1182235,0.43502367,0.22756958,0.49821037,4
1.2,1.9610945,0.695835,0.2985981,0.45032197,4
1.2,1.8798538,0.66010803,0.27080518,0.5584541,4
1.2,1.7760786,0.69628066,0.2378245,0.507221,4
1.2,1.2912999,0.5377815,0.12115408,0.52572626,4
1.2,2.0,0.8350541,0.05,0.47103485,4
1.2,1.5380394,0.57404095,0.3481663,0.5273213,4
1.2,1.6204959,0.6399191,0.3101434,0.5337042,4
1.2,2.0,0.744839,0.16604508,0.55340284,4
1.2,1.9259583,0.6984795,0.05,0.51343304,4
1.2,1.4003506,0.6155834,0.23438217,0.45205438,4
1.2,1.3073357,0.5379115,0.12802391,0.4664295,4
1.2,1.7565565,0.6703791,0.05,0.5427318,4
1.2,1.6500442,0.61275226,0.2129525,0.50317883,4
1.2,2.0,0.82662904,0.16820651,0.5548533,4
1.2,1.1145709,0.41441828,0.15596122,0.51006705,4
1.2,2.0,0.7647471,0.05,0.5163663,4
1.2,1.3518806,0.55087656,0.28573883,0.4711241,4
1.2,1.9252027,0.8007586,0.2982721,0.516467,4
1.2,1.7891972,0.7646465,0.27628088,0.45333037,4
1.2,1.6009824,0.6315142,0.19993564,0.51349235,4
1.2,1.6362066,0.6429713,0.17822394,0.52132845,4
1.2,1.7016425,0.62146616,0.05,0.52680635,4
1.2,1.6453792,0.62666106,0.22230034,0.51919514,4
1.2,1.6247633,0.6690584,0.2363999,0.4174709,4
1.2,1.8908291,0.72283536,0.391849,0.44789416,4
1.2,1.6445435,0.65849954,0.21999714,0.45660862,4
1.2,1.4755044,0.56588393,0.4,0.54757535,4
1.2,1.404876,0.556061,0.24525297,0.52063346,4
1.2,1.8678074,0.7041688,0.1305887,0.5012233,4
1.2,1.9270793,0.7030009,0.1567434,0.51967883,4
1.2,2.0,0.9661169,0.28245977,0.4935288,4
1.2,2.0,0.8453438,0.4,0.4806647,4
1.2,2.0,0.8077338,0.36388677,0.44391352,4
1.2,2.0,0.7879545,0.05,0.47905427,4
1.2,1.7193308,0.7176766,0.05,0.4528029,4
1.2,1.7286897,0.6354705,0.26702702,0.5444074,4
1.2,1.953242,0.78011036,0.14967732,0.4910779,4
1.2,1.6208323,0.52358127,0.20122728,0.52565354,4
1.2,1.6443887,0.7176188,0.12960276,0.5362561,4
1.2,0.99898696,0.34180766,0.36316186,0.44541118,4
1.2,1.8891382,0.7453662,0.26586124,0.53560555,4
1.2,1.5921472,0.60244566,0.1638631,0.45134506,4
1.2,2.0,0.80760074,0.22636828,0.51209116,4
1.2,1.1792316,0.48087096,0.19746399,0.49311304,4
1.2,1.8689069,0.7426987,0.091623805,0.46177223,4
1.2,1.8351146,0.7193484,0.18923552,0.4798387,4
1.2,1.4725066,0.6195749,0.35490826,0.48303702,4
1.2,2.0,0.8796405,0.084032334,0.5719209,4
1.2,1.2503493,0.5019488,0.20783147,0.4745973,4
1.2,2.0,0.8416524,0.16481885,0.49708778,4
1.2,1.2889457,0.52165973,0.17868148,0.5973569,4
1.2,1.142054,0.49542361,0.31990704,0.5641322,4
1.2,1.7150364,0.6248502,0.05,0.5288096,4
1.2,1.6770147,0.598818,0.4,0.4940526,4
1.2,1.8655117,0.63615125,0.12229009,0.51451296,4
1.2,2.0,0.76966715,0.17274776,0.4919604,4
1.2,1.7133061,0.63065517,0.37859264,0.5085279,4
1.2,1.8372701,0.66437167,0.4,0.51477253,4
1.2,1.848781,0.6387841,0.05,0.55552274,4
1.2,1.8557167,0.6678961,0.26122805,0.4951698,4
1.2,2.0,1.0,0.23630363,0.55947506,4
1.2,1.8153087,0.697764,0.29219857,0.48594686,4
1.2,2.0,0.8338888,0.16000926,0.59417355,4
1.2,2.0,0.96807367,0.22857931,0.5558552,4
1.2,1.514809,0.5998008,0.29291973,0.50047743,4
1.2,1.9693536,0.82003444,0.15835647,0.4293789,4
1.2,2.0,0.84529704,0.25910544,0.48553362,4
1.2,1.9185543,0.7181207,0.16165219,0.49257535,4
1.2,1.9028352,0.69023657,0.2754612,0.48445824,4
1.2,2.0,0.9460561,0.2186842,0.53524184,4
1.2,1.9102725,0.7223816,0.29698086,0.50879043,4
1.2,1.4116105,0.5557082,0.39608237,0.51222056,4
1.2,2.0,0.89365673,0.11965042,0.5733183,4
1.2,2.0,0.84967226,0.05,0.5209824,4
1.2,1.9727793,0.7570303,0.11059382,0.48170596,4
1.2,1.8167393,0.73152,0.19443798,0.5746092,4
1.2,1.6347573,0.67454934,0.06388083,0.49884546,4
1.2,1.5675249,0.6907871,0.057420988,0.5020662,4
1.2,1.2607406,0.5055534,0.13534199,0.499369,4
1.2,1.4791974,0.5859973,0.05,0.5473082,4
1.2,1.1702598,0.44875485,0.25691956,0.5287621,4
1.2,2.0,0.8395015,0.14639182,0.5422843,4
1.2,1.5395616,0.6096566,0.05,0.529524,4
1.2,1.8591204,0.68159246,0.24412605,0.5010065,4
1.2,1.4980395,0.6132705,0.28294182,0.47687942,4
1.2,1.3040339,0.49125353,0.3106087,0.5610791,4
1.2,1.8449986,0.7884822,0.05,0.4404819,4
1.2,1.57932,0.6023132,0.39631584,0.4982061,4
1.2,1.2556068,0.5078884,0.11350288,0.5227548,4
1.2,2.0,1.0,0.4,0.48497742,4
1.2,1.6044062,0.62483466,0.28544724,0.4294012,4
1.2,0.7985621,0.288104,0.076557204,0.5167411,4
1.2,1.5647048,0.6178347,0.09285488,0.45334867,4
1.2,0.9342401,0.34764543,0.1002158,0.5578668,4
1.2,1.1392999,0.42744535,0.3366502,0.48875666,4
1.2,1.5870049,0.6132254,0.20466758,0.50514203,4
1.2,1.0801626,0.39236104,0.05,0.5477137,4
1.2,1.3847837,0.5314987,0.24062105,0.54545796,4
1.2,1.6553249,0.60370016,0.27579138,0.46458966,4
1.2,1.943567,0.7309006,0.21167506,0.470454,4
1.2,1.2305651,0.48940775,0.24802075,0.4763016,4
1.2,1.3930176,0.5300315,0.17888944,0.57079834,4
1.2,1.4156222,0.5153278,0.12569012,0.5036467,4
1.2,1.8675876,0.6977352,0.12809141,0.51595044,4
1.2,1.6218737,0.65899783,0.4,0.53137267,4
1.2,1.9241779,0.75990826,0.05293462,0.49900317,4
1.2,1.8383871,0.73738945,0.3120764,0.52604526,4
1.2,1.2485908,0.47007498,0.21334043,0.5079827,4
1.2,1.7529415,0.72333586,0.22875176,0.5217513,4
1.2,1.4847624,0.584426,0.2709428,0.4639472,4
1.2,0.80517346,0.33875474,0.4,0.5152219,4
1.2,1.6318141,0.6448455,0.4,0.47317025,4
1.2,1.7738943,0.7207232,0.28424448,0.5686701,4
1.2,1.5414665,0.5748928,0.31912017,0.44123077,4
1.2,1.9952524,0.6716283,0.3214385,0.5033748,4
1.2,1.742244,0.6430363,0.2903587,0.53886414,4
1.2,1.8070426,0.6801037,0.14523011,0.53177184,4
1.2,1.7513536,0.7028631,0.23349366,0.52261114,4
1.2,1.9296916,0.795898,0.4,0.42936358,4
1.2,1.6770321,0.65386826,0.36316857,0.4881149,4
1.2,1.6604315,0.5833688,0.28304216,0.5847555,4
1.2,1.5360448,0.6419998,0.05,0.4778682,4
1.2,2.0,0.83365524,0.24927515,0.43645018,4
1.2,1.1701051,0.40898806,0.19433914,0.5330325,4
1.2,2.0,0.94934726,0.10264636,0.47950608,4
1.2,1.6685542,0.658239,0.068366036,0.6103033,4
1.2,1.4311732,0.5300872,0.4,0.48158857,4
1.2,2.0,0.79116815,0.17605533,0.44957402,4
1.2,1.6246892,0.61192834,0.17638569,0.5557998,4
1.2,1.9397415,0.7480706,0.29609212,0.49168783,4
1.2,2.0,0.9347705,0.17938381,0.5390488,4
1.2,1.67484,0.5866869,0.37636304,0.5039949,4
1.2,1.6373332,0.70517784,0.15544152,0.46836096,4
1.2,1.4832882,0.49075434,0.36652428,0.52755433,4
1.2,1.4837124,0.52699995,0.27369115,0.53377384,4
1.2,2.0,0.87641734,0.17805398,0.5059834,4
1.2,1.4562737,0.53353435,0.05,0.47869626,4
1.2,1.811824,0.74611783,0.4,0.49183667,4
1.2,0.7085481,0.26749757,0.05,0.550667,4
1.2,1.6484663,0.6327762,0.12639502,0.52062637,4
1.2,2.0,0.8360945,0.2139696,0.52046585,4
1.2,1.3419849,0.55894464,0.22911984,0.52734274,4
1.2,2.0,0.7521949,0.05,0.4842485,4
1.2,2.0,0.69982964,0.18069129,0.49806857,4
1.2,1.8374655,0.66116416,0.05,0.48567376,4
1.2,0.80830705,0.34509793,0.20287952,0.5080296,4
1.2,2.0,0.90189546,0.13784817,0.44897464,4
1.2,1.6432438,0.70215595,0.12263736,0.44741467,4
1.2,1.7557913,0.67143357,0.21785443,0.51137793,4
1.2,1.782675,0.6850642,0.26282114,0.43266222,4
1.2,2.0,0.8884743,0.25503027,0.45681113,4
1.2,2.0,0.83043283,0.33381158,0.49814764,4
1.2,1.2399348,0.46397975,0.16393107,0.50325936,4
1.2,2.0,0.7398689,0.05,0.5094642,4
1.2,1.4931179,0.5534507,0.21909581,0.55270976,4
1.2,1.0424914,0.48738268,0.15549685,0.49684292,4
1.2,1.4318509,0.5583195,0.23455498,0.5381569,4
1.2,1.4853916,0.56014866,0.05,0.52188575,4
1.2,1.9852878,0.75452536,0.05,0.529414,4
1.2,1.6322125,0.6005552,0.38588867,0.47232604,4
1.2,1.3986027,0.58555055,0.2401832,0.47483867,4
1.2,1.3472059,0.5180083,0.37606716,0.47073883,4
1.2,1.5347389,0.6484632,0.34773874,0.53151786,4
1.2,1.8336154,0.66737664,0.3396631,0.507453,4
1.2,2.0,0.76897615,0.29640523,0.55838823,4
1.2,0.94474113,0.37321395,0.14054039,0.49291784,4
1.2,1.7160486,0.69072044,0.29866037,0.55526245,4
1.2,2.0,1.0,0.3392705,0.5618344,4
1.2,1.206213,0.4278243,0.3127665,0.54391843,4
1.2,2.0,0.8174269,0.14543878,0.48868376,4
1.2,2.0,0.848534,0.33386323,0.46604484,4
1.2,2.0,0.8337581,0.39353335,0.5517064,4
1.2,1.6420624,0.64748764,0.18588799,0.43796,4
1.2,1.491074,0.55810714,0.38400942,0.511627,4
1.2,2.0,0.87811095,0.2475083,0.5173324,4
1.2,2.0,0.9022202,0.14157978,0.50442284,4
1.2,1.948812,0.7891568,0.16220325,0.44895017,4
1.2,0.6455985,0.26273614,0.10906527,0.50688994,4
1.2,0.6950686,0.25476778,0.28689733,0.47308528,4
1.2,0.18725733,0.2,0.21849702,0.47073844,4
1.2,2.0,0.9018725,0.05,0.4239621,4
1.2,1.1836094,0.42814568,0.079179086,0.5664346,4
1.2,2.0,0.79539734,0.05,0.55159706,4
1.2,1.6752903,0.69870365,0.18621208,0.51950794,4
1.2,1.2663883,0.5056835,0.4,0.53247917,4
1.2,1.7596313,0.66906,0.06461643,0.4415397,4
1.2,1.4221436,0.51594526,0.4,0.4976519,4
1.2,2.0,0.8436781,0.23158613,0.5137166,4
1.2,1.5395015,0.6142176,0.27059215,0.42515635,4
1.2,1.3639349,0.54297876,0.19390078,0.42946827,4
1.2,1.6803522,0.6022956,0.2987473,0.52427715,4
1.2,1.5550294,0.56272906,0.24653436,0.43316168,4
0.3,0.1,0.20933908,0.13024856,0.43462908,5
0.3,0.1,0.78018826,0.05,0.43884382,5
0.774366,0.28898582,0.62568164,0.05,0.41429406,5
0.62377983,0.1,0.34172678,0.1287741,0.45067394,5
0.66536576,0.12177627,0.2,0.089571744,0.37759793,5
0.5516047,0.15001929,0.800348,0.22510247,0.56348103,5
0.5859147,0.17680587,0.77414685,0.05,0.443958,5
0.7955778,0.34676814,0.5482698,0.05,0.50775814,5
0.3,0.1,0.73068535,0.1219397,0.43623498,5
0.48064077,0.1,0.82944864,0.23743428,0.47806287,5
0.3,0.1,0.43164706,0.11163192,0.49034718,5
0.3,0.1,0.98723596,0.05,0.47883087,5
0.3,0.1,0.50081956,0.15353568,0.4995369,5
0.46340546,0.1,0.5312051,0.05,0.5253931,5
0.3,0.1,0.61938,0.05,0.50742924,5
0.3,0.1,0.88942635,0.08912019,0.43707255,5
0.3,0.1,0.564346,0.05,0.49549446,5
0.78732884,0.20087655,0.465487,0.05,0.4837383,5
0.3,0.1,0.8191829,0.05,0.47427922,5
0.3,0.1,0.52926946,0.13203722,0.5293767,5
0.9014712,0.1887257,0.27703416,0.4,0.44761276,5
0.6838015,0.21589032,0.54398453,0.05,0.34917963,5
0.3,0.1,0.44326144,0.05,0.40548578,5
0.5306174,0.1,0.2,0.05,0.4505219,5
0.3,0.1,0.42561716,0.082298175,0.4328652,5
0.94942766,0.29851022,0.36822218,0.2470913,0.44306663,5
1.2,0.1,0.2,0.05,0.5214651,5
0.3,0.1,0.58306754,0.05,0.4939066,5
0.3,0.1,0.2,0.19686906,0.44943425,5
0.3,1.5043277,0.71206206,0.05,0.42501196,5
0.66952324,0.1,0.26480392,0.05,0.4579119,5
0.3,0.1,0.5060547,0.24566317,0.46325865,5
0.8952986,0.13043857,0.23454511,0.25871405,0.4626037,5
0.3,0.15983383,0.90033597,0.05,0.4277772,5
0.44323927,0.1,0.26326907,0.32571575,0.47289792,5
0.3,0.19776224,0.4796869,0.05,0.49545625,5
0.3,0.6478699,0.6463658,0.19156842,0.4423757,5
0.3,0.4007072,0.6963573,0.05,0.37610838,5
0.3,0.10024425,0.47900707,0.17827946,0.43036512,5
0.3,0.1306491,0.5790962,0.05,0.47431192,5
0.3,0.1147754,0.3872167,0.17276523,0.4938624,5
0.3,0.1,0.509162,0.14265902,0.49211657,5
0.3,0.11839525,0.4971771,0.21944675,0.51611626,5
0.3,0.1,0.3459474,0.05,0.4493432,5
0.3,0.1,0.79040927,0.14754324,0.39042053,5
0.3,0.1,0.24885128,0.28582445,0.494899,5
0.79051024,0.16997905,0.34644124,0.055316094,0.45660517,5
0.80437696,0.32629398,0.65517473,0.3584191,0.49346673,5
0.45868385,0.11720206,0.6251938,0.29324606,0.4756225,5
0.35767943,0.105321,0.31819412,0.05,0.52621055,5
0.3,0.9726882,0.74657714,0.14630958,0.5140393,5
0.3,0.1,0.2,0.05,0.49957314,5
0.3,0.1,0.34705698,0.20031151,0.44058633,5
0.8508,0.41770005,0.72855914,0.09374008,0.46672627,5
0.3,0.1,0.2,0.05,0.41548246,5
0.46745083,0.110712714,0.53899133,0.05,0.47269636,5
0.3,0.18068698,0.45789626,0.3112891,0.4174328,5
0.9072192,0.27828524,0.46402764,0.05,0.486894,5
0.3,0.1,0.390559,0.05,0.45871186,5
0.3,0.1,0.2,0.05,0.53623146,5
0.4738451,0.1,0.6160177,0.28595856,0.49098662,5
0.65273184,0.1,0.2,0.23235844,0.5200723,5
0.3,0.1,0.7723559,0.05,0.46538687,5
0.3,0.1,0.2455722,0.05,0.3886767,5
0.3,0.1,0.29818517,0.05,0.47071937,5
0.4912371,0.1,0.24556963,0.09723087,0.47613516,5
1.2,0.52192795,0.41931668,0.06895989,0.50363904,5
0.3,0.1,0.5243107,0.05,0.47728935,5
0.3,0.1,0.50673383,0.05,0.55288076,5
1.2,0.6124101,0.43437663,0.05,0.55075115,5
0.3,0.1,0.34992564,0.08140747,0.5147296,5
0.3,0.117293574,0.5759203,0.2831744,0.46034753,5
0.3,0.1,0.6130433,0.05,0.46447644,5
0.3,0.22321805,0.45071718,0.05,0.43005577,5
0.4551905,0.1,0.5078078,0.08922919,0.4769899,5
0.6204008,0.25811931,0.73649603,0.34962556,0.5138664,5
0.3,0.1,0.8161391,0.05,0.411705,5
0.3,0.1,0.25022557,0.05,0.40201348,5
0.653231,0.23256508,0.6296101,0.2214151,0.4875874,5
0.5056901,0.19153059,0.73811364,0.20776235,0.517807,5
0.46460322,0.1,0.6280257,0.30459687,0.46280488,5
0.3,0.60651577,0.6290409,0.05,0.48773205,5
0.3,0.1,0.79683185,0.05,0.5289032,5
0.3,0.1,0.46907187,0.05,0.5233188,5
0.9394574,0.1733904,0.32586816,0.07654919,0.4564422,5
0.3,0.1,0.45474285,0.05,0.48632455,5
0.6644062,0.18572325,0.58435595,0.05,0.46449995,5
0.3,0.1,0.4057768,0.18093787,0.49879825,5
0.3,0.1,0.47943148,0.21125136,0.38751525,5
0.7250327,0.1,0.2649194,0.05,0.528915,5
1.2,0.88570607,0.65708554,0.05,0.49201125,5
0.3,0.11494838,0.42585415,0.10741811,0.53832555,5
0.3,0.1,0.29140934,0.08119021,0.434892,5
0.74233955,0.35592094,0.7055427,0.05,0.46273813,5
0.3,0.1,0.32038796,0.0914655,0.42500347,5
0.96210676,0.6312401,0.93503577,0.09321698,0.4775692,5
0.3565812,0.1,0.68451226,0.101179495,0.45072252,5
0.90689015,0.3891467,0.63327956,0.05,0.4859867,5
0.3,0.17253096,0.67346233,0.22149175,0.5320368,5
0.8234721,0.31669214,0.56240374,0.2738937,0.45823422,5
0.48939443,0.11847516,0.65089625,0.33370557,0.403583,5
0.36951354,0.123252615,0.7331125,0.05,0.42063528,5
1.0050297,0.25649133,0.37183014,0.16253953,0.45996714,5
0.70021266,0.23035365,0.41295356,0.31044364,0.46785644,5
0.61132693,0.118325606,0.5326908,0.25712284,0.44356176,5
0.3,0.1,0.3184483,0.05,0.48091194,5
0.72594523,0.16702172,0.46055567,0.05,0.4545866,5
0.823518,0.31294602,0.64337206,0.31800473,0.54807746,5
1.2,1.8509485,0.9024694,0.05,0.50702316,5
0.8621134,0.20265315,0.5261188,0.19572057,0.4710575,5
0.713386,0.2601919,0.48607743,0.10183576,0.5147603,5
0.6552095,0.10255639,0.36321923,0.07690761,0.4118773,5
0.73663825,0.2641364,0.5048278,0.05,0.46929765,5
0.3,0.1,0.6011951,0.0798061,0.5177752,5
0.3,0.1,0.43208376,0.052414786,0.46065167,5
0.3,0.1,0.2,0.05,0.52265525,5
1.2,0.36493522,0.29505032,0.05,0.5429543,5
0.3,0.1,0.7225481,0.118795365,0.48264757,5
0.5363251,0.15488459,0.4735396,0.324123,0.4336505,5
0.3,0.1,0.55398893,0.05,0.4458519,5
0.3,0.1,0.44389617,0.050801363,0.42030835,5
0.3,0.18759815,0.64516777,0.05,0.5153264,5
0.3,0.1,0.39195618,0.085831776,0.47420722,5
0.6632457,0.1,0.2,0.24714085,0.4600771,5
0.3,0.1,0.8307554,0.33276093,0.44151118,5
1.2,1.6150014,0.54171467,0.059896737,0.5056482,5
0.5913772,0.14205392,0.49541354,0.24328983,0.4667456,5
0.4229567,0.1,0.45931515,0.05,0.5051967,5
0.3,0.25775602,0.27709347,0.09244072,0.48689553,5
0.3,0.1,0.64359343,0.068725616,0.4448216,5
0.3,0.1,0.43863273,0.074184865,0.51921684,5
0.3,0.104097955,0.28509048,0.08849166,0.4593521,5
0.5467444,0.1,0.21161093,0.23254645,0.4967094,5
0.4856907,0.1,0.2,0.28331318,0.4695172,5
0.3,0.1,0.7189657,0.4,0.51766294,5
0.43655872,0.1,0.28168532,0.05,0.4220334,5
0.3,0.2282839,0.41281852,0.14920737,0.4407686,5
0.3,0.1,0.79585654,0.293333,0.46619114,5
0.3,0.1,0.73821753,0.085639,0.51094747,5
0.3,0.16153473,0.4179235,0.37917927,0.4948376,5
0.3,0.1,0.2754074,0.11791618,0.46964234,5
0.9303181,0.49437377,0.68605137,0.4,0.4066288,5
0.3,0.17021202,0.60150546,0.17331895,0.44562602,5
0.41506386,0.1,0.26589337,0.08851615,0.59100235,5
0.3,0.1,0.40170982,0.10873654,0.4837615,5
0.3,0.10449826,0.42731017,0.08763123,0.4639469,5
1.0975404,0.31684023,0.31350935,0.21789074,0.52608824,5
0.3,0.21288566,0.598745,0.16507864,0.4281246,5
0.422844,0.17107496,0.5558325,0.11316719,0.4092528,5
0.74865216,0.1,0.31727234,0.05,0.39319906,5
0.5075833,0.1,0.5713166,0.23338382,0.434787,5
0.3,0.1,0.29951447,0.05,0.4751245,5
0.3,0.1,0.38453948,0.2504479,0.40194544,5
0.3,0.1,0.6541695,0.14696686,0.5155089,5
0.3,0.83944136,0.5147454,0.05,0.5334944,5
0.7765006,0.17107263,0.51748157,0.05,0.48939726,5
0.3,0.1,0.6089648,0.4,0.4496203,5
0.9425671,0.18608157,0.39389804,0.20622331,0.45520023,5
0.3,0.1,0.21987954,0.2590115,0.50116765,5
0.3,0.1,0.2796166,0.34196416,0.43242344,5
0.3,0.1,0.5312542,0.36371315,0.55142707,5
0.3,0.1,0.3173124,0.23640923,0.51058716,5
0.3,0.1,0.2,0.26530585,0.51800764,5
0.3,0.1,0.51484925,0.05,0.5135032,5
0.3,0.13066278,0.8045823,0.05,0.4826538,5
0.3,0.35834607,0.60541856,0.2487516,0.46370947,5
0.40933532,0.1,0.5304099,0.2093009,0.4210656,5
0.3,0.1,0.3891514,0.33507532,0.48654285,5
0.58089507,0.1,0.2906965,0.28421715,0.50407326,5
1.2,0.69840115,0.5676376,0.06499001,0.45938617,5
0.3,0.1,0.2823268,0.38342908,0.46162814,5
0.3,0.15898983,0.4942517,0.08739483,0.4528278,5
0.3,0.1,0.2,0.1488621,0.47227478,5
0.3,0.1,0.2,0.09920372,0.49607518,5
1.2,0.7542044,0.53504103,0.17012967,0.4927045,5
0.3,0.1,0.34269506,0.17745258,0.38168418,5
1.1399581,0.5663262,0.49506694,0.2382005,0.4833713,5
0.39361352,0.1,0.758801,0.2849307,0.513845,5
0.8421553,0.395479,0.67549014,0.4,0.5081278,5
0.3,0.102340996,0.29287088,0.24029572,0.5051689,5
0.3,0.1,0.4299471,0.05,0.40155888,5
0.3,0.1,0.46529856,0.18027228,0.46642604,5
1.2,0.65123194,0.44010448,0.05,0.5172562,5
0.3,0.1,0.5568249,0.05,0.49613878,5
0.3,0.11300446,0.42802548,0.31752846,0.5527963,5
0.3,0.1,0.3778767,0.19683936,0.47922304,5
0.3,0.1,0.61173326,0.05,0.42125106,5
0.37082985,0.1,0.42593318,0.39525387,0.46258384,5
0.75697917,0.3447215,0.6148593,0.08761564,0.4410846,5
0.3,0.1,0.51114553,0.05,0.4482076,5
0.33184436,0.1,0.5212824,0.34593675,0.4482562,5
0.35324723,0.1,0.5002226,0.05,0.44997853,5
0.7138242,0.1,0.3781609,0.24521928,0.45143354,5
0.3,0.1,0.47997856,0.05,0.50003576,5
1.2,1.5320333,0.5016098,0.17817968,0.48380747,5
0.3,0.35229445,0.4349338,0.05,0.5011015,5
0.5116268,0.1,0.2,0.4,0.46690053,5
0.4890415,0.1,0.238251,0.19925424,0.4022297,5
1.2,0.8352402,0.6512326,0.27250233,0.46957776,5
0.3,0.12226225,0.5722806,0.19125143,0.45249927,5
0.87648624,0.33853897,0.56260204,0.055477332,0.50607294,5
0.3,0.1,0.2942087,0.05,0.4915269,5
0.3,0.1,0.7124716,0.12702902,0.41344592,5
0.3,0.1,0.2,0.22840863,0.45600393,5
0.59215206,0.117178805,0.28315347,0.05,0.46955824,5
0.37612185,0.1,0.5606864,0.05,0.43980056,5
0.3,0.1,0.41897008,0.25090444,0.41473868,5
0.73318255,0.1,0.2505765,0.05,0.38658985,5
0.3,0.1,0.5440428,0.3505706,0.37641227,5
1.1527257,0.40208977,0.3799078,0.21515587,0.4814418,5
0.45481086,0.1,0.22323251,0.25757965,0.49100587,5
0.3,0.12758309,0.52767855,0.05,0.5126259,5
0.33095348,0.1,0.2,0.120118596,0.46753097,5
0.7034061,0.124406934,0.46957034,0.14972088,0.46570116,5
1.0451428,0.4540572,0.50750184,0.05,0.47886357,5
0.8146666,0.17854029,0.2,0.4,0.50507027,5
0.3,0.1,0.42565888,0.05,0.5080891,5
0.9180745,0.1,0.2,0.25010374,0.4603761,5
0.3,0.1,0.23340851,0.110466726,0.5117927,5
0.3,0.17554557,0.5067746,0.4,0.41986835,5
0.3,0.1,0.53162384,0.32096392,0.4497746,5
0.9272964,0.41650888,0.5202645,0.28272375,0.50083697,5
0.3,0.1,0.2,0.05,0.48737973,5
1.1025136,0.79519963,0.88131666,0.05,0.5103672,5
0.3,0.113165274,0.6970625,0.14770965,0.47604162,5
1.1471524,0.8880517,0.80627346,0.18696761,0.4558246,5
0.6238422,0.1,0.33251417,0.32173234,0.47906628,5
0.3,0.1,0.41812828,0.050527774,0.5760994,5
0.3,0.4602477,0.32986242,0.05,0.43884653,5
0.5430479,0.15714765,0.21375859,0.24445117,0.45561996,5
0.7669301,0.2152364,0.49596316,0.05,0.44679695,5
0.3,0.1,0.7410014,0.14129445,0.47291684,5
0.5037905,0.15139532,0.6719328,0.17327367,0.44168767,5
0.3,0.23333083,0.65551126,0.31378615,0.3882552,5
0.3,0.11587729,0.6317969,0.22666728,0.46086302,5
0.40729746,0.1,0.42166996,0.05,0.46310103,5
0.3,0.1,0.2,0.23753892,0.47189364,5
0.3,0.1,0.44070557,0.074329406,0.48046368,5
0.3,0.1,0.8322422,0.05,0.40924665,5
0.5904702,0.15037192,0.5350537,0.05,0.44758326,5
0.78276545,0.17873284,0.34525377,0.119215265,0.4244516,5
0.3,0.1,0.68148446,0.05,0.5218231,5
0.3,0.33431596,0.6363847,0.25130394,0.53172433,5
0.3,0.1,0.6556092,0.13629411,0.3894974,5
0.38405585,0.1,0.4399334,0.05,0.4711191,5
0.3,0.15662096,0.6089838,0.05,0.44477165,5
0.3,0.1,0.3353013,0.05,0.48305532,5
0.8630615,0.3516416,0.5296866,0.2591219,0.44726297,5
0.3,0.1,0.62730676,0.2809914,0.50355315,5
0.3,0.8927657,0.65231967,0.1711252,0.48670623,5
0.4639897,0.10507896,0.6882246,0.05,0.42164847,5
0.3,0.1,0.24338135,0.05,0.4781122,5
0.7948722,0.1963778,0.5618748,0.05,0.5001482,5
0.3,0.1,0.27118567,0.23394412,0.52547026,5
0.3,0.12934043,0.39748174,0.05,0.48712406,5
0.3,0.1,0.62886846,0.056825437,0.409975,5
0.3,0.1,0.33215296,0.2460641,0.43024287,5
0.3,0.1,0.2,0.05,0.534116,5
1.2,1.0486029,0.7695274,0.08892199,0.49499178,5
0.3,0.12535101,0.98201543,0.26662588,0.42622888,5
0.3,0.16974352,0.8787658,0.05,0.39785898,5
0.62832606,0.15286548,0.56867945,0.15312172,0.4370564,5
0.3,0.1,0.4250258,0.05,0.4999407,5
0.3,0.1,0.45814264,0.10450793,0.44589052,5
0.3,0.1,0.7564876,0.26605657,0.48265976,5
0.5136572,0.11613988,0.70085603,0.05,0.4622109,5
0.7591129,0.21743688,0.41733187,0.05,0.6016221,5
1.2,0.43669257,0.37597665,0.1888317,0.44340864,5
0.3,1.4109738,0.6741583,0.07820722,0.49292883,5
0.3,1.4006569,0.59822065,0.188602,0.46948096,5
0.3,0.1,0.33427683,0.24699903,0.41566637,5
0.3,0.19969639,0.60296434,0.07225697,0.46373016,5
0.3,0.12563527,0.56812704,0.1485055,0.45072407,5
0.3,0.12625898,0.3873186,0.37142414,0.47479576,5
0.3,0.1,0.2,0.13748206,0.53315973,5
0.3,0.1,0.2,0.27870843,0.40162814,5
1.0854585,0.5861821,0.657789,0.12077203,0.51549774,5
0.3,1.3824853,0.9900545,0.27184924,0.43174237,5
0.3,0.1,0.40297925,0.33455917,0.39647958,5
1.1472921,0.46679053,0.38842928,0.3199616,0.4703503,5
0.77645123,0.21411881,0.59914124,0.09977227,0.47439983,5
1.2,2.0,0.8741899,0.07715271,0.46142423,5
0.3,0.1,0.50105333,0.21765451,0.4920568,5
0.5793801,0.1,0.22157535,0.113399625,0.46017963,5
0.514126,0.115997784,0.47205982,0.05,0.4359497,5
0.3,0.49405223,0.5596272,0.05,0.44903713,5
0.3,0.18823512,0.48702112,0.23421994,0.5156438,5
0.3,0.75568897,0.92452914,0.05,0.5090784,5
0.3,0.1,0.318037,0.05,0.44812143,5
0.3,0.13388297,0.4323956,0.11073111,0.4731466,5
0.33024505,0.10847027,0.79655886,0.05,0.48542976,5
0.4738312,0.1,0.2,0.16921112,0.5049988,5
0.3,0.1,0.4990022,0.14463119,0.47491458,5
0.9853226,0.22657606,0.23879364,0.05,0.49921003,5
0.3,0.1,0.2,0.06739298,0.49451602,5
0.3,0.26443365,0.6877119,0.05,0.41695446,5
1.2,0.72475487,0.41936934,0.15801376,0.43264174,5
0.5674837,0.22057034,0.58248013,0.05,0.443716,5
0.65982234,0.17150599,0.46220696,0.12032225,0.44122863,5
1.2,0.7453824,0.5859727,0.05,0.38979656,5
0.3,0.1,0.5196302,0.13234384,0.47498155,5
0.84803873,0.20451607,0.34553805,0.16273221,0.47450736,5
0.35116446,0.1,0.34908184,0.18428247,0.4399064,5
0.3,0.1,0.2,0.05,0.37713546,5
0.3,0.1,0.63655645,0.21251617,0.5114626,5
0.3,0.1,0.4510027,0.19522966,0.42519563,5
0.3,0.1,0.6424155,0.05,0.5139306,5
0.66191065,0.24128802,0.7847338,0.17639884,0.5283643,5
0.3,0.1,0.24371265,0.05,0.4046503,5
0.3,0.1,0.62826455,0.05,0.47839338,5
0.4842535,0.1,0.47077367,0.05,0.43952563,5
0.3,0.1,0.4539103,0.06961321,0.4243571,5
0.3,0.1,0.27224198,0.14441271,0.46430275,5
0.3,0.1,0.27506325,0.24554625,0.43537974,5
0.3,0.1,0.6116102,0.05,0.520192,5
0.3,0.1,0.58698034,0.10627587,0.47717682,5
0.3,0.30439273,0.6554379,0.05,0.48787177,5
0.3,0.1,0.3655249,0.31817776,0.43034965,5
0.3459418,0.1,0.4532117,0.29364204,0.45948508,5
0.3,0.1,0.557463,0.2533149,0.47216874,5
1.2,1.047214,0.5525168,0.13637516,0.47830167,5
0.3,0.35714206,0.6306432,0.20222339,0.47918943,5
0.3,0.1,0.50954586,0.09802601,0.46237433,5
0.4681589,0.15033355,0.48995766,0.05,0.46013612,5
0.3,0.1,0.55344206,0.19313397,0.44269708,5
0.3,0.1,0.47338626,0.24668136,0.4970344,5
0.60768944,0.16094182,0.3820185,0.05,0.43986633,5
0.3,0.1,0.29948232,0.05,0.47481886,5
0.3,0.1,0.450469,0.21542068,0.5210478,5
0.3,0.1,0.3481783,0.4,0.47016835,5
1.2,1.3131245,0.7094044,0.4,0.50110424,5
1.2,1.538746,1.0,0.05,0.4431141,5
0.3,0.1,0.4012134,0.10483405,0.49559027,5
0.3,0.1478843,0.8195238,0.15880162,0.4751884,5
0.3,0.11047566,1.0,0.323401,0.4793097,5
0.3,0.1,0.7101951,0.05,0.5036207,5
0.36580795,0.1,0.2,0.26105684,0.49628878,5
1.064734,0.8033389,0.85680574,0.33996096,0.52658194,5
0.3,0.1,0.39717066,0.35982656,0.4494981,5
0.34491032,0.1,0.589182,0.3164667,0.5218832,5
0.41777068,0.1,0.2,0.05,0.546348,5
0.7514985,0.25687134,0.6371372,0.096728936,0.45808956,5
1.2,1.5888212,0.71402013,0.314465,0.47501186,5
0.3,0.1,0.5312214,0.3220622,0.41913614,5
0.3,0.1,0.5166924,0.05,0.47630697,5
0.3,0.1,0.5509931,0.24215527,0.47110137,5
0.3,0.1,0.6308811,0.05,0.47535902,5
0.3,0.1,0.2,0.112880975,0.46174383,5
0.3,0.13105983,0.7540269,0.05,0.49233618,5
0.3,0.1,0.27152354,0.26524076,0.46816716,5
0.3,0.1,0.45419624,0.34394565,0.46506777,5
0.3,0.1,0.29917347,0.12894402,0.49517873,5
0.3,0.1,0.60266465,0.05,0.40951508,5
0.3,0.1,0.43696806,0.05,0.44833875,5
0.3,0.9751872,0.8070652,0.3969218,0.4651703,5
0.54465157,0.14584754,0.5289247,0.05,0.4324119,5
1.2,0.58836424,0.5475314,0.12713526,0.46600747,5
0.3,0.43297777,0.4651977,0.07454965,0.4757677,5
1.2,1.2300229,0.35998043,0.05,0.43889716,5
0.30355978,0.1,0.39038253,0.05,0.48198202,5
1.2,0.4384422,0.26321265,0.4,0.42162785,5
0.3,0.17597745,0.38722473,0.05,0.48543066,5
0.5430189,0.17992486,0.8824799,0.1560324,0.45003232,5
0.3,0.1,0.2,0.265777,0.4291423,5
0.720125,0.1,0.2,0.1205097,0.4855725,5
0.3,0.1,0.4710228,0.14117661,0.5452742,5
0.3,0.1,0.55108196,0.1807121,0.5283605,5
0.3,0.118390284,0.2977362,0.33192435,0.47030336,5
1.1969658,0.6537693,0.522596,0.2444846,0.4889538,5
0.3,0.1,0.61659884,0.21537375,0.52695453,5
0.3,0.1,0.6326815,0.33116838,0.52465725,5
1.2,1.1569709,0.42073357,0.21857879,0.48906136,5
0.7635852,0.29704106,0.6019526,0.05,0.3965809,5
0.3,0.14819385,0.28545153,0.05,0.5037517,5
0.3,0.1,0.3483179,0.23532385,0.3808569,5
1.2,1.0332285,0.6703507,0.089176506,0.40346885,5
0.4299848,0.1,0.46108902,0.05,0.58805317,5
0.3,0.215787,0.6192817,0.08069007,0.445334,5
0.9555038,0.2764087,0.36565003,0.05,0.5061856,5
0.3,0.1,0.6300325,0.05,0.48813742,5
0.3,0.1,0.53316355,0.05,0.44787034,5
1.2,0.5921941,0.44876826,0.059232637,0.43456915,5
1.0142924,0.2144457,0.2123636,0.21160886,0.48432598,5
0.3,0.1,0.2,0.05,0.43861368,5
0.3,0.1,0.49356022,0.05,0.46537402,5
0.5929822,0.10166384,0.5428036,0.05,0.45581755,5
0.3,0.1,0.6339505,0.05,0.44864842,5
0.3,0.1,0.4383245,0.14777233,0.47705936,5
0.81187207,0.39862713,0.66358125,0.09478094,0.44163844,5
0.3,0.1,0.6244098,0.32290837,0.4778699,5
0.3,0.17200154,0.4857386,0.06891966,0.45841804,5
0.3,0.1,0.4062138,0.05,0.52433765,5
0.3,0.1,0.37382743,0.23261835,0.45332223,5
0.3,0.1,0.5792805,0.1532093,0.4488399,5
0.3,0.1,0.2855548,0.05,0.45063516,5
0.5140554,0.13449861,0.3380359,0.05,0.48203874,5
0.3,0.1,0.44068322,0.12692106,0.46837884,5
0.3,0.1,0.2,0.169518,0.4552115,5
0.45477855,0.117903404,0.46087188,0.0744428,0.49653766,5
0.74443585,0.1,0.35040623,0.05,0.43782753,5
0.3,0.115604065,0.45600423,0.15253966,0.49785066,5
1.2,1.1014004,0.61411065,0.05,0.48998117,5
0.70299613,0.1,0.53140974,0.19077222,0.47391662,5
0.3,0.1,0.20472713,0.19626622,0.39284745,5
0.5844068,0.13749133,0.48030427,0.05,0.47020078,5
0.8972976,0.64736575,0.76583624,0.12720579,0.53285676,5
0.57133204,0.15151134,0.6618907,0.31279185,0.46356037,5
0.6909714,0.13561216,0.43461674,0.05,0.48251262,5
0.3,0.1,0.24533935,0.20221673,0.48971722,5
1.2,2.0,0.80441517,0.05,0.5157505,5
0.58074313,0.18085524,0.60024595,0.05,0.54062545,5
0.3,0.1,0.7490246,0.247243,0.40985894,5
0.96174884,0.26475614,0.42669293,0.21488383,0.47307992,5
0.3,0.1,0.3967038,0.05,0.5023545,5
0.3,0.1,0.2,0.05,0.40513262,5
1.039242,0.5633271,0.54332507,0.2761795,0.41408813,5
0.3,0.1,0.3098481,0.22789834,0.51213336,5
0.3,0.15424564,0.5104032,0.16434395,0.47614342,5
1.2,0.9729463,0.5796196,0.23883258,0.4426008,5
0.596519,0.24933577,0.6806699,0.05,0.4808637,5
0.3,0.1,0.30185723,0.1359324,0.4676344,5
0.3,0.1,0.41395882,0.2946813,0.53477913,5
0.78773165,0.10321307,0.2381802,0.05,0.5371711,5
0.3,0.1,0.3250379,0.05,0.5634367,5
1.1942385,0.24935456,0.36788353,0.05,0.5171025,5
0.3,0.25567174,0.69469285,0.05,0.46649894,5
0.3,0.1,0.44343382,0.05,0.4923971,5
0.3,0.1,0.39682245,0.05987766,0.5137929,5
0.5090044,0.13970488,0.2811616,0.16381206,0.48976475,5
0.77717435,0.20613734,0.52701306,0.07217729,0.43762162,5
0.5912701,0.114977784,0.4780145,0.05,0.47046235,5
0.3,0.283674,0.6427024,0.33928472,0.5021244,5
0.3156622,0.1,0.49486467,0.05,0.5078092,5
0.457297,0.1,0.3329102,0.05,0.46862367,5
0.3,0.1,0.56386906,0.15539387,0.4656432,5
0.72278166,0.19973965,0.37227437,0.05,0.5053377,5
1.2,0.5677385,0.4544483,0.05,0.45822304,5
0.48649493,0.1054637,0.31449467,0.3535975,0.4885704,5
0.3,0.1,0.45191365,0.05,0.46707693,5
0.3,0.27386835,0.5450064,0.05,0.5270607,5
0.3,0.1,0.626544,0.05,0.5004724,5
0.49799776,0.1,0.41866043,0.15065303,0.47137338,5
0.55237716,0.1,0.2741316,0.05,0.46749294,5
0.3,0.1,0.70301104,0.09934782,0.45413184,5
0.99772686,0.5228326,0.60251516,0.05,0.43729517,5
0.3,0.1,0.43594754,0.11175465,0.49718815,5
0.3293919,0.1,0.5841667,0.09513901,0.4470101,5
1.0224227,0.3312383,0.46178538,0.05,0.3978094,5
0.54935586,0.12503259,0.5339399,0.16546673,0.44774163,5
0.3,0.1,0.2,0.08779978,0.50079066,5
0.3,0.1,0.669989,0.16463144,0.45095295,5
0.3,0.1,0.5365293,0.05,0.47603628,5
0.8067199,0.27412868,0.3608044,0.13146365,0.45806772,5
0.3,0.13120703,0.39895335,0.05,0.46331626,5
0.3,0.1,0.42213744,0.05,0.41317743,5
0.7048079,0.13804896,0.30494422,0.05,0.50784326,5
0.3,0.1,0.498761,0.24299668,0.5106512,5
0.3,0.1,0.8016699,0.19681555,0.46950722,5
0.3,0.1,0.6176744,0.33138397,0.46822262,5
0.3,0.1,0.3217038,0.21699618,0.51013917,5
0.3,0.1,0.9390014,0.31926686,0.41461232,5
1.2,0.49696186,0.2780795,0.05,0.44535455,5
0.31490737,0.11088778,0.2312029,0.21084265,0.4723373,5
0.3,0.1266109,0.5265702,0.05,0.41253254,5
0.94732744,0.43443322,0.51317376,0.12776892,0.46213445,5
0.3444855,0.1,0.6262114,0.10926397,0.4293881,5
0.8783466,0.1605553,0.2533891,0.112280756,0.45093676,5
0.3,0.7424429,0.6128137,0.05,0.4327619,5
0.3,0.1,0.4455387,0.3013117,0.4188908,5
0.3,0.1,0.38646498,0.16712295,0.5006573,5
0.3,0.79291993,0.65650326,0.06169768,0.48690704,5
0.5016499,0.15421756,0.5783872,0.05,0.4473078,5
0.5580886,0.1,0.39466637,0.22287606,0.4708972,5
0.5341688,0.1,0.71005505,0.05,0.43396828,5
1.2,1.1799814,0.45768946,0.05,0.45186988,5
0.99017805,0.28194213,0.33854732,0.055173367,0.5181329,5
0.3,0.1,0.5895604,0.06300078,0.49199387,5
0.3,0.1,0.44359115,0.13650349,0.55362946,5
1.0069177,0.28364608,0.48463795,0.109609075,0.50234896,5
0.3,0.1,0.47539723,0.31945655,0.47206244,5
0.3,0.1,0.6203292,0.34828383,0.46628687,5
0.3,0.1,0.42740518,0.33234018,0.46357623,5
0.3,0.14028244,0.43959802,0.05,0.5100782,5
0.8560047,0.1582584,0.31537226,0.12019645,0.4893882,5
1.2,1.0684584,0.75918084,0.05,0.4600624,5
0.3,0.1,0.49805644,0.1500374,0.4329006,5
0.3,0.1,0.75123143,0.10560025,0.455626,5
0.3,0.15406373,0.6357336,0.3868115,0.50824994,5
0.3,0.1,0.40225118,0.05,0.42627284,5
0.3368785,0.1,0.48617136,0.059122123,0.48642096,5
0.3,0.1,0.3946262,0.18649198,0.48546812,5
0.395034,0.13379678,0.61949825,0.2025601,0.46979472,5
1.0031884,0.27818906,0.35610005,0.27922317,0.46575564,5
0.3,0.1,0.41019708,0.101474896,0.47785223,5
0.3,0.1,0.43045896,0.05,0.4531475,5
0.6159166,0.10598699,0.26093456,0.05,0.47138163,5
0.3,0.1,0.5223806,0.21997938,0.5269061,5
0.3,0.1,0.22790317,0.05,0.4050371,5
0.3,0.1,0.3178697,0.34434292,0.4754639,5
0.6635902,0.2460768,0.7231287,0.05,0.5045395,5
0.3,0.17612424,0.30824235,0.05,0.433463,5
1.2,0.9267954,0.66744053,0.16732942,0.46333382,5
0.63704526,0.1,0.3554563,0.14037423,0.49383953,5
0.3,0.1,0.52705127,0.2182393,0.42783692,5
0.55384326,0.1,0.3663282,0.1379121,0.4869832,5
0.3,0.1,0.39793545,0.16832726,0.42176637,5
1.0515387,0.33681142,0.34186286,0.4,0.512616,5
0.3,0.1,0.40923882,0.05,0.44622982,5
0.3,0.1,0.2,0.34267437,0.45619974,5
0.3,0.1,0.7154179,0.16878933,0.5170841,5
0.3,0.23687465,0.2,0.4,0.50713676,5
0.3,0.1,0.74286383,0.05,0.41260922,5
0.3,0.1,0.35647163,0.05,0.4505074,5
0.6524822,0.1,0.42478803,0.3754391,0.43410522,5
0.4197844,0.1481421,0.4638694,0.15656386,0.46190557,5
0.3,0.1,0.5322576,0.05,0.497149,5
1.2,0.50305426,0.3982427,0.108643346,0.45661974,5
0.51900977,0.12725052,0.5933214,0.19207135,0.41458786,5
0.3,0.1,0.4385315,0.08494959,0.489629,5
0.7989096,0.13545214,0.34631002,0.13454261,0.49414438,5
0.3,0.1,0.5879358,0.05,0.47248676,5
0.3,0.1,0.48085728,0.05586076,0.47361222,5
0.3,0.1,0.4953963,0.2685257,0.4803815,5
0.3,0.1,0.611779,0.05171917,0.50600266,5
0.3,0.1,0.35643798,0.22718544,0.4507016,5
0.3,0.1,0.82705694,0.090495236,0.43740982,5
0.42334077,0.1,0.54605037,0.10298899,0.500058,5
0.3,0.1,0.57794595,0.29273006,0.41966218,5
0.3,0.1,0.58932453,0.05,0.48851615,5
0.3,0.1,0.4849966,0.06388747,0.47686213,5
0.56071717,0.14533027,0.26712474,0.05,0.4265468,5
0.3,0.1,0.48947546,0.05,0.42684928,5
0.3,0.1,0.5286152,0.17407164,0.4999131,5
0.3,0.1,0.40843236,0.21824072,0.43245932,5
0.3,0.1,0.7213603,0.08487407,0.42887026,5
0.3,0.1,0.2,0.16439046,0.4536674,5
0.3,0.2867834,0.36653033,0.10990331,0.47846696,5
0.3,0.1,0.6062231,0.22929291,0.42721996,5
0.3,0.23800854,0.2817859,0.080692634,0.39150012,5
0.3,0.4123315,0.7719721,0.05,0.49658653,5
0.46425325,0.1,0.35392848,0.05,0.52929646,5
1.2,0.6928856,0.5670372,0.05,0.45470324,5
0.3,0.1,0.35767978,0.18196647,0.40488106,5
0.3,0.1,1.0,0.05594126,0.41962355,5
0.3,0.1,0.29510677,0.099921845,0.47589734,5
0.3,0.10417567,0.56854796,0.05,0.5175368,5
0.80466163,0.1,0.30498594,0.1287313,0.37157813,5
0.3,0.7107739,0.61924714,0.18179056,0.43672818,5
0.3,0.1,0.63770115,0.38163215,0.42293367,5
0.3,0.1,0.44816598,0.05,0.52839226,5
0.97196585,0.5235893,0.7185958,0.30025843,0.5196518,5
0.32281855,0.1,0.5729466,0.05,0.39607608,5
0.3,0.18075253,0.4766784,0.24137594,0.55353874,5
0.3,0.1,0.29407203,0.05,0.48126295,5
0.3,0.65827286,0.6292049,0.24651161,0.49881557,5
0.3,0.1,0.6417229,0.05,0.46693963,5
0.6902673,0.30040848,0.70425624,0.05,0.42694184,5
0.3,0.1,0.5309763,0.23018299,0.4878659,5
0.3,0.33315194,0.48512083,0.12360301,0.44812173,5
0.3,0.22932936,0.66094315,0.05,0.4546088,5
0.60386604,0.1,0.41298395,0.13725092,0.41516733,5
1.2,2.0,0.617811,0.24983057,0.4701738,5
0.3,0.1,0.6028974,0.12041079,0.46752617,5
0.7253909,0.11009193,0.37262502,0.05,0.5046805,5
0.3,0.1,0.20227121,0.17774811,0.4099198,5
0.3,0.24051435,0.42464668,0.12132738,0.4174535,5
0.34612617,0.1,0.47813115,0.05,0.5176,5
0.3,0.32685667,0.3485721,0.11754679,0.48358884,5
0.3,0.1,0.4518226,0.07254082,0.42679432,5
0.706914,0.11675474,0.2,0.05,0.49466184,5
1.0160146,0.6118583,0.70229733,0.19643939,0.48993567,5
0.3,0.1,0.53223276,0.15006025,0.5052866,5
1.0093455,0.3375551,0.4009643,0.05,0.42229578,5
0.3,0.1,0.22589685,0.4,0.44005078,5
0.3,0.1,0.34429574,0.19375058,0.48267356,5
0.3,0.1,0.3799326,0.12688851,0.5200068,5
0.3,0.1,0.5774113,0.17436993,0.43353435,5
0.3,0.1153574,0.31236628,0.05,0.4743105,5
0.3,0.12959069,0.6343754,0.1802282,0.4951116,5
0.3,0.11241579,0.49093145,0.05,0.45562008,5
0.3,0.1,0.47247767,0.14833775,0.4488609,5
0.3,0.1,0.47006932,0.11984069,0.50050515,5
0.3,0.1,0.8135164,0.05,0.46660456,5
0.5696671,0.1,0.2,0.05,0.3981716,5
1.1687855,0.6067657,0.5436931,0.05,0.44427037,5
0.3774102,0.1,0.3180982,0.4,0.43386167,5
0.3,0.1,0.28898638,0.05,0.47827688,5
0.3,0.53648216,1.0,0.05,0.5673945,5
0.5884075,0.1,0.41826388,0.17394452,0.39643744,5
0.3,0.14919262,0.44606248,0.26645377,0.42910016,5
0.3,0.1,0.32809925,0.1902151,0.42676947,5
0.3,0.34790134,0.38497752,0.05,0.4062194,5
0.55963546,0.14227289,0.41187385,0.21320114,0.55333287,5
0.3,0.1,0.6013747,0.24624749,0.49045306,5
0.8116081,0.24232031,0.625156,0.05,0.37545174,5
0.3,0.16336198,1.0,0.05,0.4492955,5
0.3,0.1,0.4161277,0.16014135,0.46543702,5
0.61091805,0.109198645,0.23136643,0.08266444,0.4708336,5
0.8713791,0.1846266,0.3481103,0.05,0.48551986,5
0.3,0.1,0.33294943,0.11928122,0.42767677,5
0.3,0.1,0.6942423,0.05,0.48275325,5
0.3,0.24895178,0.45202687,0.17688732,0.48776057,5
0.3,0.12980048,0.78198904,0.05,0.40281263,5
0.3,0.1,0.63840824,0.27823085,0.46683064,5
0.65596735,0.3068062,0.5924069,0.31901777,0.475579,5
0.59306395,0.1,0.2,0.05,0.49703726,5
0.3,0.1,0.27645776,0.15995118,0.4915437,5
0.3,0.1,0.43599033,0.1857261,0.49879503,5
0.6814631,0.216051,0.740224,0.05576582,0.51543796,5
0.3,0.16123,0.43177554,0.05,0.4880568,5
0.51078767,0.1223695,0.7445327,0.05,0.49817586,5
0.3,0.1,0.67172444,0.19058661,0.42816198,5
0.3,0.1,0.47114608,0.12010276,0.3901785,5
0.4898995,0.1,0.4467492,0.05,0.48844597,5
0.6570727,0.21621785,0.6157671,0.2503981,0.5046638,5
0.3,0.1,0.35519865,0.05,0.4996908,5
0.3,0.5966144,0.7774313,0.05,0.4877708,5
0.6427101,0.26909706,0.6302134,0.05,0.48075715,5
0.32151514,0.1,0.45682642,0.10682948,0.4615689,5
0.3,0.1,0.49382898,0.05,0.5362629,5
0.3,0.1,0.43538153,0.05,0.45996195,5
0.3,0.13749713,0.5202135,0.33881524,0.46595335,5
0.7670407,0.24392745,0.6514812,0.05,0.45111823,5
0.7777555,0.35440114,0.67640835,0.1984009,0.40055072,5
1.2,0.9791712,0.43841857,0.13258861,0.49583346,5
0.3,0.1,0.20058203,0.05,0.46915543,5
0.36880243,0.1,0.7922709,0.4,0.49985886,5
0.3,0.1,0.6753983,0.05637295,0.43287995,5
0.5307696,0.17977959,0.3155293,0.23751219,0.4496994,5
0.3,0.1,0.39305738,0.11019465,0.44867814,5
0.60812426,0.19524777,0.7454613,0.27180132,0.41821417,5
0.35799786,0.1,0.6404231,0.28831616,0.4984225,5
0.46658808,0.1,0.2578852,0.13690005,0.41184264,5
0.3,0.1,0.2866811,0.05,0.46236822,5
0.3,0.1,0.563781,0.18429172,0.4677752,5
0.3,0.1,0.7387122,0.05,0.4562575,5
0.3,0.1,0.48768628,0.34202054,0.40353298,5
0.39896002,0.1,0.65456903,0.14298187,0.4618092,5
0.3,0.1,0.33251664,0.05,0.45656034,5
0.3,0.1,0.59434104,0.13088578,0.540062,5
0.5554262,0.1,0.2,0.23886397,0.49029154,5
0.3,0.1,0.48871922,0.069956,0.51325387,5
0.3,0.1,0.23497738,0.05,0.45274293,5
0.39823622,0.1,0.41673288,0.39464968,0.47746673,5
0.5425796,0.1,0.28900954,0.05,0.46996537,5
0.3,0.1,0.7041537,0.05,0.4500362,5
0.3,0.15983275,0.62289006,0.06856066,0.48556113,5
0.3,0.1,0.74233127,0.05,0.3707397,5
0.3,0.1,0.6367231,0.3679577,0.49951068,5
0.4352171,0.1,0.2,0.10971286,0.43333176,5
0.3,0.1,0.8094328,0.19571446,0.52217543,5
0.3,0.2739277,0.6815513,0.24775581,0.45568272,5
0.3,0.13454702,0.21304831,0.05,0.43513232,5
0.3,0.29424268,0.4851676,0.17400709,0.43985084,5
0.3,0.43110985,0.63648623,0.26985025,0.4670041,5
0.5823302,0.12661219,0.41446215,0.15316182,0.40753958,5
0.3,0.1,0.30106682,0.24360687,0.4618299,5
0.5059274,0.19081353,0.59165853,0.05,0.4485113,5
0.4341762,0.1,0.2,0.05,0.43427414,5
0.40338233,0.1,0.89498544,0.05,0.49801126,5
0.3,0.1,0.4655024,0.05,0.48945373,5
0.3,0.1,0.2,0.33501714,0.54003346,5
0.3,0.1,0.4339945,0.05,0.4607122,5
0.3,0.1,0.6870996,0.05,0.49516955,5
0.6715714,0.23334737,0.59545356,0.0865092,0.48407018,5
0.3,0.1,0.6189902,0.063239224,0.4533497,5
0.3,0.1,0.443667,0.21373184,0.45288548,5
0.3,0.1,0.2,0.20469323,0.46996444,5
0.3101634,0.1,0.7559786,0.23714836,0.51598716,5
0.6167803,0.32903436,0.77473587,0.05,0.5325579,5
1.2,2.0,0.7579017,0.05,0.44379255,5
0.3,0.1,0.43888968,0.05,0.45475355,5
0.313486,0.1,0.8377739,0.3997422,0.43884706,5
0.5207397,0.1,0.47647402,0.15792644,0.57935494,5
0.3,0.1,0.2,0.05,0.52597505,5
0.3,0.3954628,0.45827124,0.19417246,0.47788414,5
0.3,0.1,0.50149184,0.05,0.4542285,5
0.47138298,0.101450436,0.6581538,0.10356598,0.422845,5
0.3,1.9567256,0.8813693,0.05844511,0.44068673,5
0.3,0.1,0.7042977,0.05,0.49246794,5
0.42194325,0.12011193,0.60118943,0.20679508,0.39604414,5
1.2,0.18475196,0.2,0.05120687,0.52222365,5
0.3,0.18037021,0.80465764,0.113708,0.42052132,5
0.6802895,0.39318007,1.0,0.15500389,0.46684578,5
0.3,0.1,0.81137884,0.21499361,0.45038307,5
0.3,0.1,0.53047055,0.05,0.5248422,5
0.7410979,0.19693062,0.3683677,0.4,0.44963086,5
0.3,0.1,0.4577688,0.2419554,0.4617581,5
0.3,0.1,0.5325297,0.34505096,0.38093743,5
0.3,0.24087314,0.3889589,0.05,0.52117616,5
1.0768384,0.41810712,0.40470934,0.26722842,0.48800007,5
1.0580782,0.1,0.2,0.32884005,0.51588327,5
0.3,0.12985018,0.23799275,0.05,0.50727326,5
0.3,0.1,0.57169056,0.05,0.43692225,5
0.7123115,0.2373217,0.58354294,0.1006833,0.48797962,5
0.3,0.1,0.38157457,0.20271915,0.5111022,5
1.1645801,0.36064765,0.35352638,0.13236378,0.49793422,5
0.3,0.1,0.31329647,0.33343095,0.4012211,5
0.35442835,0.1,0.2,0.112198696,0.46177378,5
0.3,0.10978074,0.3422951,0.12694357,0.43803382,5
0.6965013,0.1349663,0.3174214,0.05,0.4694627,5
0.3,0.1,0.30438864,0.07775474,0.42464736,5
0.5343874,0.1,0.47915918,0.05,0.41794264,5
0.83625907,0.2881363,0.50374895,0.05,0.49383354,5
0.74804026,0.17675556,0.5027208,0.05,0.46312138,5
0.3,0.1,0.2271136,0.05,0.49686453,5
0.44811386,0.13645306,0.6603492,0.05,0.49283984,5
0.3,0.1,0.423718,0.23083794,0.49496403,5
0.87935936,0.33523682,0.6356006,0.14416161,0.48305678,5
0.3,0.12732564,0.55827445,0.099079475,0.47236463,5
0.3,0.1,0.247325,0.05,0.527656,5
1.2,2.0,0.90521544,0.05,0.4357984,5
0.3,0.1,0.2,0.26072016,0.45982805,5
0.5378567,0.1577563,0.35479453,0.17220996,0.48624325,5
0.69905996,0.14863972,0.5116018,0.22442232,0.430959,5
0.3,0.14407255,0.68857783,0.102485366,0.51043385,5
0.9516798,0.35483542,0.49077475,0.05,0.51293933,5
0.3,0.1,0.64472395,0.22788441,0.47377762,5
0.40400845,0.1,0.43195114,0.14562978,0.52253824,5
0.72166514,0.28591454,0.62908804,0.05,0.49160358,5
0.97061795,0.39437237,0.535358,0.06788698,0.49497238,5
0.45743647,0.106670015,0.3937835,0.21750773,0.5278736,5
1.1423882,0.43983972,0.32316557,0.0830939,0.40312228,5
0.3,0.1,0.7298631,0.1498141,0.4182268,5
0.3,0.1,0.5456181,0.05,0.45027065,5
0.30309722,0.1,0.37052378,0.21196768,0.47701216,5
0.3,0.1,0.28252152,0.05,0.4702374,5
0.3,0.15902282,0.4589968,0.1046551,0.4630994,5
0.7836516,0.14107439,0.270842,0.05,0.4941264,5
0.69468534,0.18902546,0.25334054,0.3382331,0.46287236,5
0.6924898,0.2881849,0.64429456,0.24605495,0.4855145,5
0.3,0.1,0.3289136,0.08995905,0.44138208,5
0.3,0.1,0.2,0.24438421,0.48754135,5
0.3,0.14495505,0.2,0.05,0.4171186,5
0.60907024,0.10132655,0.26523507,0.099543944,0.4602965,5
0.47457173,0.1,0.2,0.15841627,0.52488023,5
0.35585737,0.1,0.35976103,0.08746789,0.49226472,5
1.2,0.67704475,0.45912245,0.05,0.5240625,5
0.756694,0.2862679,0.6117171,0.073844306,0.4690253,5
0.3,0.1,0.38139093,0.11436253,0.4516615,5
0.3,0.1,0.4458939,0.05,0.49878752,5
0.3,0.1,0.41190523,0.06870672,0.43279275,5
0.69126916,0.19526516,0.37480956,0.3216265,0.47409257,5
0.54803294,0.1,0.29630303,0.08281674,0.44646445,5
0.3,0.3002061,0.57946724,0.1519673,0.4851245,5
0.3,0.1,0.40647858,0.05,0.44551268,5
0.3,0.1,0.47946498,0.07455853,0.49444655,5
0.52394664,0.15545905,0.45384637,0.22559786,0.40912518,5
0.3,0.1,1.0,0.19053078,0.47545552,5
1.2,1.5868598,0.85053104,0.05,0.39611486,5
0.3,0.15458556,0.71850556,0.110992394,0.44641817,5
0.6551757,0.11167003,0.39452994,0.31632632,0.4837049,5
0.3,0.1,0.3195951,0.20437075,0.5123221,5
1.1473628,0.32575527,0.39324164,0.19639419,0.46318993,5
1.1653718,0.63382083,0.6424878,0.10536445,0.46034107,5
0.3,0.1,0.3739632,0.17945676,0.39979184,5
0.8196763,0.33745354,0.6662971,0.29441974,0.5229095,5
0.37357652,0.1,0.34663272,0.1844015,0.44160402,5
0.3,0.1,0.82755166,0.2656599,0.4565545,5
0.3,0.14033349,0.6401688,0.21292071,0.47918776,5
1.2,1.2221646,0.39790455,0.05,0.4789881,5
0.80371165,0.23502345,0.48495716,0.19104654,0.39519903,5
0.3,0.1,0.42835855,0.15772648,0.5045162,5
1.0126364,0.53972954,0.67663294,0.05,0.5250473,5
0.3,0.1,0.2480925,0.05,0.4795281,5
0.3,0.50942576,0.8979242,0.05,0.4716124,5
0.3,0.1,0.60277593,0.21876612,0.48149568,5
0.3,0.1,0.29459766,0.05,0.4610327,5
0.7299939,0.18720126,0.58423483,0.0992324,0.5117038,5
0.61114645,0.14433274,0.23294607,0.33503222,0.54272753,5
0.3,0.1,0.2,0.09044317,0.5115336,5
0.56699413,0.15834,0.6666536,0.3296796,0.46747184,5
0.3,0.1,0.7006802,0.20270692,0.51875305,5
0.7698133,0.10093189,0.42879394,0.11723961,0.4843229,5
0.3,0.1,0.39639604,0.05,0.4862272,5
0.3,0.1,0.32563055,0.05,0.40732253,5
0.3,0.35947943,0.7399019,0.31263524,0.46665797,5
0.3,0.1,0.45175815,0.23182623,0.31976214,5
0.3,0.1,0.31297147,0.1303117,0.43942675,5
1.2,0.99039924,0.4745805,0.05,0.48992458,5
0.9410302,0.34050423,0.5070745,0.05,0.47445342,5
0.72909784,0.14385346,0.46320727,0.05,0.43899485,5
0.3,0.1,0.39297083,0.05,0.40589863,5
0.3,0.1,0.6794802,0.24604286,0.489894,5
0.3,0.1,0.22415599,0.12738061,0.46892956,5
0.31397927,0.1,0.48511907,0.13063091,0.44694853,5
0.99246705,0.34817332,0.39396214,0.05,0.42545265,5
0.3,0.1,0.36626595,0.19873254,0.49210238,5
0.3,0.1,0.29194656,0.18750405,0.42198506,5
0.3,0.1,0.6560091,0.05,0.46988887,5
0.3,0.1,0.4217847,0.21870352,0.4487255,5
0.3,0.1,0.45957726,0.28894135,0.45042673,5
0.3,0.1,0.6189875,0.32247475,0.42847577,5
0.3,0.1,0.64631355,0.4,0.49314332,5
0.3,0.1,0.4932565,0.15171087,0.5487844,5
0.3,0.1,0.33011183,0.05,0.4873628,5
0.7713906,0.1,0.2,0.12535414,0.47857532,5
0.3,0.1,0.69313484,0.063706204,0.44497728,5
0.3,0.1,0.74795365,0.4,0.47854835,5
0.3,0.1,0.6935589,0.112004496,0.5168609,5
1.2,1.1549363,0.5577715,0.4,0.53044564,6
1.2,1.7295129,0.8991867,0.30087957,0.5087115,6
1.2,1.3968012,0.6160213,0.26662165,0.52474904,6
1.2,1.0465037,0.551782,0.4,0.4835409,6
1.2,1.4671866,0.73393244,0.18303616,0.51904577,6
1.2,1.6833643,0.80752283,0.28055802,0.49482793,6
1.2,1.9771745,0.8583176,0.26718324,0.5031155,6
1.2,1.4464206,0.74661976,0.19024216,0.49889076,6
1.2,1.0405077,0.55977523,0.14625517,0.48602852,6
1.2,1.9634997,0.9497186,0.4,0.5377387,6
1.2,1.6570755,0.7827377,0.20700243,0.55389553,6
1.2,1.1955005,0.64786804,0.38675484,0.5227494,6
1.2,1.9100903,0.8756906,0.4,0.4966493,6
1.2,1.5974854,0.75306565,0.19436896,0.5061353,6
1.2,1.4953753,0.73122525,0.3747708,0.5101635,6
1.2,1.7657696,0.801748,0.4,0.5202974,6
1.2,1.0806372,0.51682603,0.35026684,0.41763306,6
1.2,1.6373569,0.8286238,0.4,0.5618115,6
1.2,1.4329675,0.6410988,0.32007223,0.54084814,6
1.2,1.8449177,0.8764983,0.19457886,0.5184636,6
1.2,0.8792135,0.39379525,0.101553276,0.46768123,6
1.2,1.2939575,0.60932076,0.16559294,0.4841186,6
1.2,1.4614635,0.6259476,0.3486661,0.54496026,6
1.2,1.3228924,0.6731085,0.25677866,0.57354754,6
1.2,1.5966197,0.76654583,0.20449136,0.51306623,6
1.2,1.577239,0.7407791,0.32814285,0.44533303,6
1.2,1.9873369,1.0,0.38873744,0.5501268,6
1.2,1.9022924,0.9090653,0.19378762,0.529804,6
1.2,1.6488754,0.7401665,0.14006682,0.5474937,6
1.2,1.3356532,0.6765199,0.3751489,0.55227774,6
1.2,1.5872749,0.8230748,0.1492442,0.50619304,6
1.2,1.0593657,0.55964994,0.22132677,0.48879725,6
1.2,1.1565883,0.5597268,0.24420619,0.57300186,6
1.2,1.553744,0.7928517,0.3372369,0.5503866,6
1.2,1.6700199,0.8535781,0.2650838,0.53644913,6
1.2,1.3429658,0.66715264,0.4,0.5952813,6
1.2,1.4804171,0.71938527,0.4,0.5819917,6
1.2,1.6601998,0.8392584,0.4,0.54096174,6
1.2,1.396168,0.6364875,0.4,0.51267207,6
1.2,1.0871123,0.5900127,0.39285147,0.49308085,6
1.2,1.7500196,0.88564235,0.23451021,0.5553094,6
1.2,1.3133882,0.6540965,0.4,0.5337572,6
1.2,1.5622213,0.7438704,0.37240434,0.55820376,6
1.2,1.6981282,0.8256376,0.4,0.5406135,6
1.2,0.80592436,0.367612,0.16838591,0.52433324,6
1.2,1.4789782,0.7974078,0.37376568,0.53855944,6
1.2,1.6141231,0.7427663,0.2885097,0.48437208,6
1.2,1.2152987,0.5996751,0.31599385,0.5054115,6
1.2,1.2815539,0.56135327,0.35714114,0.45061466,6
1.2,1.0233611,0.581306,0.27060345,0.50931174,6
1.2,1.4094452,0.63633496,0.26808167,0.45482507,6
1.2,1.5055866,0.63885367,0.24845959,0.53838557,6
1.2,1.0842237,0.5410561,0.21056373,0.5223962,6
1.2,1.3387756,0.664517,0.32973585,0.46361977,6
1.2,1.5086195,0.67531174,0.258019,0.5571371,6
1.2,1.5195154,0.7802066,0.30296516,0.49530652,6
1.2,1.9966012,0.9415309,0.33277926,0.49545527,6
1.2,1.6333833,0.8372607,0.3472123,0.5452264,6
1.2,1.1706481,0.5514959,0.13334212,0.5477647,6
1.2,0.8859717,0.44492733,0.3859404,0.52299505,6
1.2,1.487374,0.7794034,0.250866,0.53354466,6
1.2,1.4557486,0.715593,0.23416586,0.5347843,6
1.2,0.9911016,0.49780452,0.26506633,0.52724963,6
1.2,1.7537532,0.77526325,0.3377724,0.53541374,6
1.2,2.0,0.9385292,0.28267467,0.48948088,6
1.2,1.0382764,0.5223438,0.22232105,0.5191818,6
1.2,1.9626544,0.9399026,0.1782251,0.51202625,6
1.2,1.2765708,0.5935887,0.29187202,0.4829492,6
1.2,0.80978614,0.4030159,0.17367639,0.55319196,6
1.2,0.9258612,0.52780956,0.23887423,0.4919601,6
1.2,1.6226498,0.7702295,0.4,0.5352314,6
1.2,1.7042204,0.8836469,0.4,0.5590941,6
1.2,0.8791422,0.40825933,0.21991833,0.5290836,6
1.2,0.9919127,0.52227557,0.32514107,0.52343804,6
1.2,1.5041472,0.6224347,0.27611643,0.46497577,6
1.2,2.0,0.8941434,0.19108048,0.5494886,6
1.2,1.559964,0.8364778,0.17218341,0.5624223,6
1.2,1.4984488,0.788412,0.4,0.42601112,6
1.2,1.7990791,0.8640614,0.05,0.49240157,6
1.2,1.7526481,0.8399012,0.3187175,0.5314375,6
1.2,1.3851782,0.69941765,0.3559792,0.56008387,6
1.2,1.8795857,0.84389734,0.2953695,0.527519,6
1.2,1.7285322,0.82036775,0.37472588,0.55951256,6
1.2,1.3041013,0.69245434,0.19635266,0.47186998,6
1.2,1.2895104,0.613854,0.383114,0.55267406,6
1.2,1.0235763,0.53127605,0.30348966,0.5403174,6
1.2,0.8665112,0.4419564,0.27706543,0.5212145,6
1.2,1.5015967,0.8145114,0.2532718,0.47361583,6
1.2,1.2992847,0.6174059,0.36639577,0.48116487,6
1.2,1.5453241,0.7826466,0.36597773,0.62209296,6
1.2,1.320414,0.664026,0.33283004,0.5198124,6
1.2,1.5004992,0.7537573,0.4,0.48035175,6
1.2,1.0768303,0.5386465,0.2672135,0.52154714,6
1.2,0.86606914,0.44215548,0.18727995,0.5291382,6
1.2,1.2808012,0.59110206,0.1545127,0.62434566,6
1.2,1.9089085,0.8990944,0.4,0.4447511,6
1.2,1.6646074,0.72672766,0.21304719,0.56010795,6
1.2,1.848471,0.8419331,0.3571047,0.5885011,6
1.2,1.9146835,0.914178,0.4,0.4817691,6
1.2,1.3899198,0.7203424,0.3283571,0.56870425,6
1.2,1.4110494,0.6718421,0.25267437,0.6101561,6
1.2,1.6093767,0.93237054,0.10649518,0.5959649,6
1.2,1.3136543,0.64080614,0.2688623,0.5581454,6
1.2,1.7766004,0.81068504,0.11156742,0.5504097,6
1.2,1.9650129,0.87520486,0.36704928,0.5155297,6
1.2,1.2951432,0.7222591,0.054330043,0.4946322,6
1.2,1.1082994,0.5732883,0.17090599,0.54700726,6
1.2,1.256333,0.6396675,0.28231665,0.5092308,6
1.2,1.9786645,0.937421,0.22236477,0.524232,6
1.2,1.5816691,0.8580694,0.27399793,0.5074754,6
1.2,1.3781443,0.6032785,0.3418724,0.54075944,6
1.2,1.7039996,0.7678842,0.07330535,0.48535413,6
1.2,2.0,0.97634697,0.37270522,0.5175418,6
1.2,1.3627539,0.64478105,0.20344974,0.49778762,6
1.2,1.6499454,0.81285465,0.3652243,0.5506397,6
1.2,1.0432068,0.5261285,0.22224456,0.5881189,6
1.2,1.4393611,0.68724906,0.38096875,0.5439858,6
1.2,1.5029548,0.713194,0.3381127,0.4805697,6
1.2,0.9930518,0.47086707,0.31638652,0.52733624,6
1.2,1.6649826,0.7854399,0.4,0.44124672,6
1.2,1.6040529,0.7648047,0.4,0.48877478,6
1.2,1.6689156,0.908989,0.2918898,0.57523036,6
1.2,1.4084483,0.73627895,0.4,0.5321796,6
1.2,1.3447659,0.66742927,0.34305328,0.56570196,6
1.2,0.9903384,0.5160509,0.4,0.4649671,6
1.2,1.269914,0.63408893,0.31795993,0.55772305,6
1.2,0.9447522,0.484947,0.4,0.5574989,6
1.2,1.3902988,0.75193805,0.05,0.58450556,6
1.2,1.8639641,0.7821667,0.23843366,0.5459834,6
1.2,0.9649932,0.5458876,0.4,0.6108692,6
1.2,1.1671656,0.5833683,0.4,0.5068194,6
1.2,1.4280713,0.64061767,0.16232122,0.48553327,6
1.2,1.2566087,0.6322009,0.3366738,0.42395726,6
1.2,1.3074901,0.65725404,0.2395038,0.5343519,6
1.2,1.6632799,0.7285153,0.22487849,0.5367127,6
1.2,1.323798,0.7202227,0.37550026,0.4452049,6
1.2,1.5749011,0.7442299,0.05,0.4929682,6
1.2,1.2769492,0.6474988,0.4,0.5416431,6
1.2,1.2737627,0.58813816,0.39093548,0.5500907,6
1.2,1.18892,0.5793054,0.4,0.57295996,6
1.2,1.7677679,0.8108125,0.31483006,0.4823881,6
1.2,1.683677,0.7839488,0.4,0.5656309,6
1.2,1.2865602,0.67159104,0.34975743,0.47414875,6
1.2,1.3355253,0.6190355,0.294904,0.4622558,6
1.2,1.2572165,0.679243,0.35482356,0.4927438,6
1.2,1.2452147,0.6690729,0.4,0.4468922,6
1.2,1.4166884,0.7401248,0.11981161,0.5005184,6
1.2,1.486647,0.7669124,0.3181729,0.5141949,6
1.2,1.7041565,0.7551148,0.22273983,0.55160964,6
1.2,1.4357779,0.70478797,0.39326307,0.49648228,6
1.2,1.4761437,0.6768087,0.3006662,0.55780596,6
1.2,0.903844,0.44936594,0.34350923,0.5502652,6
1.2,1.3814769,0.7737242,0.34286532,0.5342896,6
1.2,1.2874955,0.6532258,0.26996967,0.52055174,6
1.2,1.6501212,0.79071724,0.3046781,0.55287474,6
1.2,1.6696345,0.7819533,0.20432605,0.5511322,6
1.2,1.1543485,0.64218223,0.20395708,0.5154899,6
1.2,1.3130643,0.64612615,0.30102548,0.5505252,6
1.2,1.2452276,0.5713968,0.3207008,0.49965274,6
1.2,1.1875846,0.5895401,0.3725376,0.54121953,6
1.2,1.4304534,0.7944275,0.4,0.5722189,6
1.2,1.2597578,0.62731004,0.4,0.46975762,6
1.2,1.12252,0.52459913,0.18659423,0.48751718,6
1.2,1.6516199,0.7280122,0.05,0.51387596,6
1.2,1.6815166,0.7512931,0.17723545,0.60294235,6
1.2,1.3366077,0.6844876,0.4,0.48271215,6
1.2,1.4459313,0.69540906,0.17846794,0.549452,6
1.2,1.4216025,0.80552554,0.4,0.5366331,6
1.2,1.6753685,0.8245156,0.20951226,0.5042804,6
1.2,1.3104416,0.60608983,0.20398147,0.49555954,6
1.2,1.4582065,0.7663318,0.4,0.51320493,6
1.2,1.9918389,0.81575674,0.17662227,0.48660517,6
1.2,1.2621369,0.635173,0.158043,0.4762208,6
1.2,1.5879672,0.713195,0.4,0.48906958,6
1.2,1.1834897,0.5437225,0.3371317,0.5171625,6
1.2,1.0275097,0.5465588,0.23593774,0.48311114,6
1.2,1.4619412,0.69911075,0.07824278,0.49877772,6
1.2,1.5575627,0.7205323,0.31383562,0.5481641,6
1.2,1.2706363,0.6220078,0.2836065,0.500717,6
1.2,1.7542713,0.7859433,0.25865576,0.53499997,6
1.2,1.6590647,0.75833344,0.19452736,0.47600803,6
1.2,1.038566,0.57717294,0.26983392,0.5323973,6
1.2,1.2751173,0.65150714,0.25821948,0.48904267,6
1.2,1.362834,0.64133394,0.34255505,0.46880722,6
1.2,1.0928462,0.517747,0.4,0.5886083,6
1.2,1.2346879,0.71433383,0.4,0.55045044,6
1.2,1.1558743,0.59120405,0.30902258,0.52143437,6
1.2,0.9238173,0.49183294,0.3692849,0.56355476,6
1.2,1.9308265,0.9456408,0.2396086,0.44571924,6
1.2,1.5149045,0.6969687,0.32034197,0.47564697,6
1.2,1.7793853,0.83693683,0.12281193,0.46287253,6
1.2,1.5883282,0.84635675,0.18101273,0.5621513,6
1.2,1.1737751,0.59868985,0.2615624,0.49657455,6
1.2,1.8900687,0.81851876,0.13298461,0.47841805,6
1.2,0.869279,0.5456237,0.2592301,0.547939,6
1.2,1.218628,0.62526625,0.26151514,0.5554554,6
1.2,0.8423261,0.45421472,0.4,0.53295183,6
1.2,1.4364823,0.62026894,0.12766692,0.5296902,6
1.2,1.3915015,0.6560494,0.4,0.5225068,6
1.2,1.4120557,0.6329462,0.3109219,0.5738246,6
1.2,1.2248216,0.5530153,0.3212468,0.52754635,6
1.2,1.4270718,0.68413424,0.39222723,0.5969969,6
1.2,1.6957098,0.7807506,0.37133828,0.5688622,6
1.2,1.8580283,0.9086587,0.23545118,0.55048984,6
1.2,1.624149,0.8355595,0.4,0.48181078,6
1.2,1.0936811,0.5544944,0.3245713,0.54192704,6
1.2,1.5184515,0.83625454,0.14117841,0.57075036,6
1.2,1.4503361,0.6660545,0.27746215,0.56134963,6
1.2,1.7854332,0.85132,0.4,0.52608466,6
1.2,1.3743021,0.66376114,0.3381608,0.477766,6
1.2,1.6725038,0.73468214,0.36531502,0.41025165,6
1.2,1.5898465,0.7475891,0.35095018,0.44442743,6
1.2,1.5779501,0.73802036,0.30038357,0.5792723,6
1.2,1.7560132,0.81227756,0.4,0.51560426,6
1.2,1.0483677,0.51914763,0.4,0.54909146,6
1.2,0.98495436,0.51627994,0.16249083,0.56847614,6
1.2,1.3341395,0.6306981,0.21395902,0.5691127,6
1.2,1.1152915,0.5093769,0.16448942,0.46594226,6
1.2,1.4860591,0.80978805,0.2171793,0.5055844,6
1.2,1.2753041,0.6230644,0.084363714,0.5155603,6
1.2,1.3631252,0.6081851,0.21026978,0.52896285,6
1.2,1.513148,0.69236743,0.31898108,0.55395395,6
1.2,1.7018554,0.83491176,0.12158669,0.5370626,6
1.2,1.7999115,0.78545135,0.25304446,0.49268818,6
1.2,1.2914679,0.62643915,0.21603546,0.5276897,6
1.2,1.7425073,0.8423155,0.3172376,0.43515456,6
1.2,1.6813756,0.7420198,0.4,0.5005881,6
1.2,1.3221792,0.59169143,0.3568019,0.5846779,6
1.2,1.3497304,0.6071075,0.2772531,0.5160267,6
1.2,1.4372181,0.65416265,0.38065177,0.46778804,6
1.2,1.0441076,0.4905555,0.2398908,0.5077441,6
1.2,1.0110191,0.53801817,0.21133128,0.51562124,6
1.2,1.4601951,0.7973531,0.104355395,0.4917454,6
1.2,1.5425898,0.70940065,0.19013731,0.44693866,6
1.2,1.3974558,0.7059346,0.35819596,0.49509153,6
1.2,1.333644,0.66174245,0.17713834,0.5308761,6
1.2,1.44582,0.7447059,0.10155594,0.45482644,6
1.2,1.6877815,0.82534164,0.20839635,0.55547947,6
1.2,1.3366045,0.64836186,0.21266475,0.5059639,6
1.2,1.4106188,0.6820484,0.17632398,0.54212606,6
1.2,1.6346695,0.72951114,0.2560398,0.54701686,6
1.2,1.394017,0.6783506,0.07703919,0.52595073,6
1.2,1.7091337,0.7936589,0.24775814,0.5416025,6
1.2,1.8564727,0.96633524,0.37383676,0.567593,6
1.2,1.4968001,0.6830167,0.37524486,0.49118847,6
1.2,1.8592958,0.9124219,0.1229044,0.5679204,6
1.2,1.1851577,0.5542295,0.37748036,0.5384548,6
1.2,1.250131,0.5924226,0.34463602,0.5146358,6
1.2,1.3867961,0.6151023,0.26048794,0.5981143,6
1.2,1.0300028,0.5179468,0.39804173,0.5096282,6
1.2,1.6554443,0.7364819,0.2740536,0.5424136,6
1.2,1.0464771,0.5303972,0.21477498,0.5277041,6
1.2,1.6594481,0.78579277,0.4,0.5646322,6
1.2,1.2162471,0.5943709,0.387673,0.5196813,6
1.2,1.2447617,0.5486425,0.15701382,0.5412053,6
1.2,1.9709969,0.9364671,0.19679251,0.51932365,6
1.2,1.8369848,0.839019,0.31398058,0.62503624,6
1.2,1.0109231,0.50502414,0.24765995,0.47468874,6
1.2,1.2794629,0.75140643,0.3307595,0.58721936,6
1.2,0.9056502,0.47898868,0.3148228,0.58270407,6
1.2,0.93394905,0.4745362,0.33219132,0.51687646,6
1.2,0.97681355,0.52692074,0.12530914,0.49953148,6
1.2,1.6177032,0.72652656,0.33830795,0.5255772,6
1.2,1.8532103,0.84687686,0.12663056,0.52058476,6
1.2,0.84469414,0.4302703,0.24753594,0.405305,6
1.2,1.6955594,0.74947226,0.07552486,0.59521747,6
1.2,1.4315234,0.7278466,0.35253882,0.56878394,6
1.2,2.0,0.91079605,0.25042024,0.49269727,6
1.2,1.2193283,0.59328854,0.38200286,0.52116656,6
1.2,1.6852195,0.8358437,0.387671,0.4962106,6
1.2,0.8061093,0.45347065,0.19883831,0.53778005,6
1.2,1.1181208,0.6557662,0.28555167,0.5240646,6
1.2,0.9512994,0.4487755,0.22289354,0.57472736,6
1.2,1.7037368,0.90561056,0.4,0.5660554,6
1.2,1.2552476,0.62426037,0.064538136,0.49534544,6
1.2,0.8983785,0.44684592,0.34527162,0.5767194,6
1.2,1.7533984,0.81927663,0.21239738,0.56679994,6
1.2,1.5674098,0.7559873,0.2222527,0.5643743,6
1.2,1.4747784,0.77073795,0.38924655,0.5327676,6
1.2,1.745798,0.7980077,0.2623828,0.4993602,6
1.2,1.2993352,0.65314424,0.4,0.5361375,6
1.2,1.6659443,0.818646,0.2803944,0.54856664,6
1.2,1.4444155,0.68680435,0.3283243,0.47652555,6
1.2,1.4226437,0.7554323,0.4,0.48549017,6
1.2,1.1687335,0.5922143,0.27194244,0.55675435,6
1.2,1.6724012,0.79794055,0.4,0.545862,6
1.2,1.9595155,0.79927194,0.30210635,0.50859773,6
1.2,1.2171767,0.61466086,0.23837307,0.49965906,6
1.2,1.3809774,0.6241241,0.3877924,0.46452203,6
1.2,1.312298,0.5774898,0.2648809,0.5471819,6
1.2,1.2309507,0.6577949,0.3303629,0.63569915,6
1.2,1.5845591,0.71150583,0.3280944,0.5724313,6
1.2,1.4189694,0.62648785,0.27476498,0.5282736,6
1.2,0.9988968,0.49761897,0.11726733,0.5381446,6
1.2,1.5970587,0.7454976,0.38927805,0.5302247,6
1.2,1.8521233,0.8951984,0.072583966,0.55183184,6
1.2,1.3066643,0.6233787,0.25816151,0.4810801,6
1.2,0.9988277,0.50668913,0.18223964,0.5655523,6
1.2,1.8008462,0.89519846,0.4,0.5582345,6
1.2,1.5440868,0.73840797,0.25409564,0.4564878,6
1.2,1.3402483,0.615585,0.27771723,0.45624796,6
1.2,1.4761515,0.666722,0.25830826,0.4783201,6
1.2,1.5559531,0.7655108,0.3090389,0.49689272,6
1.2,1.4209127,0.7078641,0.4,0.54213005,6
1.2,1.4721262,0.7720014,0.21026203,0.5306929,6
1.2,1.7130936,0.92244184,0.05,0.49227163,6
1.2,1.1013516,0.53747267,0.4,0.6284002,6
1.2,1.2410302,0.6376881,0.37462193,0.56726754,6
1.2,1.2491382,0.6116849,0.31498918,0.487805,6
1.2,1.722069,0.7934662,0.28316003,0.5242102,6
1.2,1.3418882,0.7429002,0.28735787,0.5546024,6
1.2,1.4323823,0.8355148,0.1664641,0.55661654,6
1.2,1.3028303,0.6040167,0.2549515,0.5298418,6
1.2,0.9532713,0.49677762,0.32336628,0.5735432,6
1.2,1.4690475,0.69356805,0.33381593,0.56639,6
1.2,1.1862289,0.5998361,0.18692209,0.46716982,6
1.2,1.2622789,0.6470788,0.29101205,0.53483814,6
1.2,1.3628253,0.68127656,0.28129712,0.5182533,6
1.2,1.1166006,0.54849327,0.39818326,0.56410265,6
1.2,1.3587419,0.71406734,0.4,0.5913235,6
1.2,1.1491507,0.57713944,0.38384208,0.5103715,6
1.2,1.7379823,0.7765115,0.28699073,0.5086201,6
1.2,1.2876575,0.666973,0.24646051,0.57139105,6
1.2,1.4235916,0.6745197,0.30485007,0.5454299,6
1.2,1.2221183,0.5957781,0.4,0.59962815,6
1.2,1.2891009,0.74914646,0.21778396,0.58181536,6
1.2,1.4900947,0.70762175,0.32609442,0.48118734,6
1.2,1.4530425,0.6506876,0.15868345,0.5120381,6
1.2,1.4886081,0.7014636,0.23348197,0.54605234,6
1.2,0.7830153,0.35919344,0.2721909,0.4994891,6
1.2,1.7568722,0.84429026,0.16826537,0.49791548,6
1.2,1.8392786,0.83078885,0.35645843,0.5252551,6
1.2,1.8398925,0.89022803,0.3446074,0.5434294,6
1.2,1.2831489,0.6474941,0.20475662,0.48016396,6
1.2,1.9434044,0.95388126,0.34712592,0.5284831,6
1.2,0.9878729,0.5476996,0.20257016,0.5358862,6
1.2,1.5993185,0.79009646,0.2662344,0.5174895,6
1.2,1.1174393,0.5979624,0.27553126,0.5402391,6
1.2,1.5672313,0.7152224,0.32175997,0.51034915,6
1.2,1.666643,0.88421184,0.31727338,0.560113,6
1.2,1.410878,0.718117,0.2722542,0.5047757,6
1.2,1.3109312,0.61709225,0.4,0.51917994,6
1.2,1.2429097,0.64410686,0.19098891,0.5357112,6
1.2,1.2780429,0.6694008,0.33813888,0.5038811,6
1.2,1.2421321,0.599632,0.26870224,0.44930652,6
1.2,2.0,0.882268,0.4,0.56913495,6
1.2,1.4076549,0.7113739,0.34476608,0.50419253,6
1.2,1.6134876,0.7633627,0.24242955,0.56347543,6
1.2,1.6629472,0.86213803,0.353263,0.5919623,6
1.2,0.84677285,0.46240863,0.28441128,0.55354977,6
1.2,1.7343787,0.8957331,0.3310446,0.586319,6
1.2,1.3159399,0.6260949,0.18546206,0.5169396,6
1.2,0.96255505,0.4716112,0.26942435,0.52743536,6
1.2,1.6438336,0.77656436,0.4,0.4893923,6
1.2,1.4928396,0.7329218,0.24608348,0.5324586,6
1.2,1.3539529,0.5812478,0.0837597,0.59996283,6
1.2,1.3814636,0.59485656,0.24878559,0.5469068,6
1.2,1.3224169,0.6959077,0.3759377,0.51556057,6
1.2,1.4905828,0.6525578,0.3100348,0.45737472,6
1.2,1.3991147,0.73581016,0.10122581,0.4203166,6
1.2,1.6807646,0.7449921,0.33857176,0.5047033,6
1.2,1.2857764,0.6357922,0.37165135,0.565453,6
1.2,1.6398282,0.90275836,0.4,0.54903835,6
1.2,1.125673,0.53913665,0.4,0.47783965,6
1.2,1.5899156,0.79773194,0.24752177,0.5353287,6
1.2,1.4492068,0.6851204,0.22776179,0.48337913,6
1.2,1.8375813,0.83198804,0.35196528,0.48898673,6
1.2,1.2713053,0.60754365,0.30671686,0.6022121,6
1.2,1.2195326,0.63898814,0.07166095,0.48159,6
1.2,1.7166039,0.86465275,0.20994033,0.486582,6
1.2,1.2570317,0.6457113,0.37396175,0.48250112,6
1.2,1.1891261,0.5958732,0.22338064,0.48438868,6
1.2,1.4272577,0.6829424,0.36113995,0.52243036,6
1.2,0.95720696,0.5451424,0.15594724,0.52164805,6
1.2,1.244486,0.6262107,0.2952302,0.5602321,6
1.2,1.135353,0.58728224,0.36318043,0.54430366,6
1.2,1.3377285,0.6928061,0.3438495,0.49346182,6
1.2,1.4997692,0.7454406,0.34855884,0.45652992,6
1.2,1.214438,0.6415748,0.4,0.5711148,6
1.2,1.4305867,0.67796475,0.37023246,0.5073917,6
1.2,1.2648394,0.6021438,0.24367987,0.54109347,6
1.2,1.6550244,0.824783,0.26826438,0.4963886,6
1.2,1.5744774,0.7134792,0.21497652,0.50482345,6
1.2,0.8809148,0.41961652,0.31547096,0.5401638,6
1.2,1.1246291,0.62510866,0.4,0.5347998,6
1.2,1.6218824,0.83717185,0.15993282,0.5356162,6
1.2,1.3779916,0.5828128,0.15552941,0.5369748,6
1.2,0.77765036,0.40494496,0.08770024,0.50855803,6
1.2,1.0644046,0.53287446,0.34911436,0.57664496,6
1.2,1.9198207,0.9715001,0.17985609,0.5485703,6
1.2,1.4395298,0.73607045,0.2586177,0.52245426,6
1.2,1.7811888,0.82229984,0.35281348,0.46289906,6
1.2,1.4973594,0.692165,0.11861256,0.5218836,6
1.2,2.0,0.9817869,0.099318735,0.45923188,6
1.2,1.406347,0.6316124,0.15678251,0.5992388,6
1.2,1.7576948,0.88465774,0.4,0.5537899,6
1.2,1.626474,0.8085346,0.13850603,0.47350702,6
1.2,1.3078499,0.5482074,0.31132227,0.55096614,6
1.2,1.8064452,0.84696794,0.29407045,0.59114456,6
1.2,1.2034756,0.65129733,0.35590547,0.5585703,6
1.2,1.2720815,0.6236362,0.31882668,0.569215,6
1.2,1.2854391,0.7220284,0.17236403,0.57058835,6
1.2,1.1129779,0.58295083,0.23807855,0.5667401,6
1.2,1.0103444,0.4513183,0.4,0.56234145,6
1.2,1.3754382,0.71663564,0.4,0.56370735,6
1.2,1.1463984,0.6297525,0.4,0.5101323,6
1.2,1.2115415,0.59557855,0.26440254,0.5349239,6
1.2,2.0,1.0,0.25494325,0.56034493,6
1.2,1.4583995,0.7459019,0.255473,0.4800069,6
1.2,1.2247552,0.571407,0.19483037,0.5232636,6
1.2,1.4608035,0.67458206,0.31592485,0.53733253,6
1.2,1.5727055,0.7244329,0.26017466,0.5189869,6
1.2,1.1821016,0.57657284,0.2521153,0.5404376,6
1.2,1.6583353,0.77413106,0.25939593,0.5767163,6
1.2,1.8483268,0.885414,0.32073966,0.5360579,6
1.2,1.4941807,0.7419232,0.27217928,0.5581368,6
1.2,1.7153537,0.7960419,0.37837255,0.53241384,6
1.2,1.4206803,0.73346835,0.17007977,0.4875497,6
1.2,1.4596705,0.757071,0.4,0.556735,6
1.2,1.4182942,0.66854155,0.32918364,0.5018573,6
1.2,1.5098833,0.84068525,0.17450467,0.5269325,6
1.2,1.8837719,0.8892281,0.37286225,0.5570354,6
1.2,1.1224577,0.6180169,0.4,0.5515745,6
1.2,1.4967252,0.68954253,0.36372986,0.51594955,6
1.2,1.2311027,0.5834069,0.16272113,0.5019821,6
1.2,1.3977764,0.71111643,0.3051772,0.54562324,6
1.2,1.4473394,0.69414675,0.12931706,0.5287624,6
1.2,2.0,1.0,0.12763296,0.51775455,6
1.2,1.3780949,0.6945729,0.22634579,0.5259,6
1.2,1.4243728,0.755499,0.24206379,0.53508866,6
1.2,1.3346499,0.6204012,0.38995638,0.56785506,6
1.2,1.5972415,0.8427005,0.35925797,0.56298566,6
1.2,1.511289,0.7625458,0.2898346,0.5647144,6
1.2,1.2461958,0.5825137,0.14445642,0.49771377,6
1.2,1.6161596,0.74310297,0.2687618,0.48520166,6
1.2,1.645785,0.78667283,0.32936049,0.6196832,6
1.2,1.736639,0.8744089,0.34412497,0.5056855,6
1.2,1.5065423,0.723465,0.32006893,0.550517,6
1.2,1.2838757,0.64297444,0.2893056,0.53064454,6
1.2,1.2533711,0.69328797,0.32228625,0.51249665,6
1.2,1.4178488,0.6377145,0.3422806,0.5460032,6
1.2,1.5026039,0.72114414,0.32425198,0.4790677,6
1.2,1.1784308,0.5745626,0.3845055,0.5748938,6
1.2,1.2599188,0.58030784,0.2543526,0.5676086,6
1.2,1.494599,0.82628244,0.34939316,0.5111429,6
1.2,1.5054826,0.68505275,0.31853265,0.5673704,6
1.2,1.6125863,0.73304653,0.4,0.5901555,6
1.2,1.3349935,0.6979913,0.39316753,0.5758468,6
1.2,1.7622751,0.7911405,0.31161994,0.512966,6
1.2,1.1354231,0.53021896,0.4,0.5336714,6
1.2,1.3976923,0.7047167,0.3390763,0.4674599,6
1.2,1.3153751,0.5757471,0.24787836,0.56567395,6
1.2,1.1623781,0.6156453,0.27431712,0.5395801,6
1.2,1.583851,0.7340558,0.23828101,0.4767301,6
1.2,1.5502908,0.75574315,0.15930869,0.5131315,6
1.2,2.0,0.94501346,0.33497462,0.56151474,6
1.2,1.8370113,0.72648114,0.39420766,0.4617699,6
1.2,1.0995306,0.6013726,0.19225134,0.5654815,6
1.2,1.7804391,0.8791005,0.2751352,0.5531101,6
1.2,1.2562001,0.6124554,0.21196166,0.54322696,6
1.2,0.9854823,0.54785943,0.38474938,0.5798674,6
1.2,1.351371,0.72260386,0.26055583,0.51019454,6
1.2,1.7887262,0.78826743,0.36534777,0.5882798,6
1.2,1.23489,0.614243,0.16799493,0.5142058,6
1.2,0.69002163,0.35664925,0.38645166,0.45425108,6
1.2,1.2031353,0.63472164,0.25435618,0.4972213,6
1.2,1.0404844,0.5227642,0.4,0.4970263,6
1.2,1.120826,0.53500277,0.26163056,0.47070113,6
1.2,1.0734121,0.5180315,0.10701951,0.5549819,6
1.2,1.6304426,0.79461724,0.22763485,0.5344918,6
1.2,1.8637729,0.8975073,0.3498265,0.545294,6
1.2,1.1145322,0.6175177,0.2526315,0.506387,6
1.2,0.8936574,0.42626622,0.2305519,0.44441235,6
1.2,1.5137748,0.65904963,0.3413147,0.5509457,6
1.2,1.4522295,0.7374026,0.2350158,0.5881219,6
1.2,2.0,1.0,0.22041166,0.5226231,6
1.2,0.94871193,0.5155957,0.288377,0.5861572,6
1.2,0.70630664,0.34783217,0.20597155,0.5557429,6
1.2,1.3680505,0.7038125,0.16086291,0.47244248,6
1.2,1.866535,0.8193207,0.29796386,0.48177645,6
1.2,1.5009748,0.66199726,0.29493305,0.5429694,6
1.2,1.6933678,0.81410056,0.30297247,0.5793411,6
1.2,1.4878478,0.7655687,0.33603427,0.54788566,6
1.2,1.3888345,0.664397,0.3015789,0.58195806,6
1.2,1.4697751,0.69500375,0.4,0.57213503,6
1.2,1.0754102,0.5098571,0.3677024,0.5719378,6
1.2,1.313077,0.69077504,0.4,0.5580766,6
1.2,1.4373348,0.75988877,0.12125996,0.49741927,6
1.2,1.5184901,0.7664621,0.4,0.55728763,6
1.2,1.6242851,0.7436389,0.4,0.513997,6
1.2,1.6274636,0.7433351,0.4,0.53801006,6
1.2,1.3113734,0.64468706,0.19813584,0.5529444,6
1.2,1.0348399,0.5030908,0.30914718,0.4767341,6
1.2,1.6429256,0.7462473,0.25408968,0.52222866,6
1.2,1.231626,0.60295695,0.07996433,0.53882253,6
1.2,1.3007859,0.6212073,0.28710434,0.5605209,6
1.2,1.7370292,0.82381195,0.3737187,0.50810546,6
1.2,1.8639383,0.7990266,0.25034264,0.47947118,6
1.2,1.2423234,0.589078,0.16575135,0.5672015,6
1.2,1.3990252,0.71705484,0.06417435,0.5700669,6
1.2,1.4026934,0.68976444,0.39044642,0.5648725,6
1.2,1.3920932,0.6953546,0.31948674,0.5077946,6
1.2,1.3136835,0.7017433,0.34241644,0.5616901,6
1.2,1.3188422,0.6873121,0.26126567,0.5213495,6
1.2,1.6165122,0.7418097,0.2583506,0.54401,6
1.2,1.6978197,0.78373903,0.39088517,0.5851059,6
1.2,1.7720802,0.7981444,0.4,0.50620407,6
1.2,2.0,0.90775865,0.3390453,0.5753905,6
1.2,1.3788933,0.6730155,0.252757,0.53680897,6
1.2,1.7391845,0.8274598,0.3090036,0.5285498,6
1.2,1.0346149,0.54263514,0.37037742,0.56066203,6
1.2,0.88028103,0.44922343,0.4,0.4787484,6
1.2,1.6310222,0.7939784,0.20268042,0.5265111,6
1.2,1.1166165,0.6442818,0.25803715,0.56422305,6
1.2,1.3451792,0.6480478,0.28488135,0.5212158,6
1.2,1.7073599,0.9000749,0.3726265,0.58410645,6
1.2,1.8768568,0.8516686,0.22016628,0.5003023,6
1.2,1.581494,0.78279376,0.2426117,0.5600394,6
1.2,1.475277,0.6776207,0.21857263,0.49429768,6
1.2,1.1568716,0.57297164,0.23017855,0.46233925,6
1.2,1.2370402,0.6048792,0.088294886,0.5400305,6
1.2,1.4634039,0.6770453,0.35067827,0.4779092,6
1.2,1.2986879,0.60887027,0.17172322,0.5811647,6
1.2,1.657529,0.79354876,0.29204023,0.48614782,6
1.2,1.1294646,0.6464946,0.37724862,0.5162814,6
1.2,1.5982689,0.76532984,0.4,0.504067,6
1.2,1.7142985,0.83101445,0.25678152,0.5762137,6
1.2,1.4604716,0.7337924,0.28027496,0.46575215,6
1.2,1.8532044,0.83160794,0.30243942,0.4795408,6
1.2,1.49573,0.7981245,0.23467553,0.48705813,6
1.2,1.2923092,0.650726,0.4,0.4986557,6
1.2,1.418726,0.6723884,0.3215293,0.5550303,6
1.2,1.2183291,0.56610805,0.24113442,0.567498,6
1.2,0.9235916,0.41498873,0.21451798,0.5569478,6
1.2,1.7806951,0.8123321,0.30288294,0.41331196,6
1.2,1.0362822,0.4990627,0.4,0.48796126,6
1.2,1.396601,0.7155553,0.35729778,0.5529388,6
1.2,1.1679759,0.61568636,0.3716014,0.5465326,6
1.2,1.2158455,0.58897346,0.34324202,0.53058493,6
1.2,1.1093974,0.5392218,0.30185866,0.4703515,6
1.2,1.1041107,0.5311652,0.3504215,0.57089716,6
1.2,1.5877014,0.73967457,0.22837833,0.567593,6
1.2,1.8573612,0.9150849,0.19194452,0.52117974,6
1.2,1.4175469,0.6610931,0.4,0.62831277,6
1.2,1.4768089,0.7345173,0.25044584,0.52774245,6
1.2,1.0445958,0.550636,0.36126342,0.53422433,6
1.2,1.7635406,0.8686933,0.09329053,0.5176084,6
1.2,0.98584217,0.38673264,0.34070587,0.50221586,6
1.2,1.5681397,0.70672035,0.18649285,0.51538414,6
1.2,1.9444467,0.94780946,0.2479229,0.53634584,6
1.2,1.4052467,0.72209823,0.2086445,0.6102389,6
1.2,1.645749,0.8037459,0.14574005,0.59086955,6
1.2,2.0,0.99354947,0.3203152,0.5808025,6
1.2,1.5095557,0.7568241,0.21752825,0.48641875,6
1.2,1.4854426,0.72892797,0.39316756,0.5504777,6
1.2,1.4647822,0.61071056,0.4,0.54027855,6
1.2,1.0906906,0.49771988,0.23617782,0.5125391,6
1.2,1.287639,0.65363216,0.11020382,0.55874443,6
1.2,1.4427577,0.6764935,0.3783647,0.5531346,6
1.2,1.4405378,0.72452694,0.25328684,0.6484384,6
1.2,1.5769023,0.72535264,0.27868754,0.5544585,6
1.2,1.7058072,0.8033833,0.3643969,0.48447224,6
1.2,0.8199434,0.42445442,0.36865982,0.5765287,6
1.2,1.3537514,0.6531179,0.33309123,0.5173389,6
1.2,1.6199334,0.7599039,0.4,0.57021815,6
1.2,1.4994549,0.7494443,0.28131303,0.5282725,6
1.2,1.6120725,0.72566426,0.4,0.50464123,6
1.2,1.3108625,0.7100751,0.10989794,0.45941556,6
1.2,1.6469784,0.7563041,0.17682324,0.5323458,6
1.2,1.8354446,0.82486045,0.35988563,0.582433,6
1.2,1.2861706,0.65410453,0.2446066,0.53711617,6
1.2,1.434786,0.677689,0.26506847,0.54847485,6
1.2,1.2186588,0.66311896,0.27568024,0.48981932,6
1.2,1.0041884,0.48217392,0.25631365,0.52324057,6
1.2,1.4486364,0.6788343,0.28189787,0.5520209,6
1.2,1.5683666,0.7558188,0.23903126,0.48142064,6
1.2,1.4417782,0.72313875,0.10477578,0.53209394,6
1.2,1.0153911,0.5110239,0.37396258,0.5090407,6
1.2,1.2635057,0.6051773,0.4,0.5320306,6
1.2,1.4307806,0.6981575,0.28215924,0.49363738,6
1.2,1.0076125,0.51741695,0.32770646,0.51042724,6
1.2,2.0,0.89687943,0.30578893,0.55757064,6
1.2,1.0629259,0.43326998,0.33981043,0.48351622,6
1.2,1.6971773,0.8235514,0.2722439,0.51388323,6
1.2,1.5400094,0.7517434,0.2449864,0.54323536,6
1.2,1.2556055,0.6972295,0.3701515,0.56497926,6
1.2,1.3232634,0.6325539,0.06582319,0.6049535,6
1.2,1.5529195,0.85792994,0.30899686,0.5088535,6
1.2,1.2445474,0.65289307,0.27021646,0.55137086,6
1.2,1.3855157,0.6640685,0.23470306,0.45804995,6
1.2,1.6877228,0.8839625,0.25376108,0.57872707,6
1.2,1.4509313,0.71397704,0.38215643,0.52161515,6
1.2,1.3352492,0.6646388,0.4,0.51217747,6
1.2,1.5200462,0.70148903,0.38747936,0.5548156,6
1.2,1.8677651,0.9248884,0.27462777,0.5474464,6
1.2,1.5894747,0.8375926,0.31821537,0.5934076,6
1.2,1.4104348,0.73985887,0.22972335,0.52584356,6
1.2,1.073829,0.60417056,0.22644337,0.5248615,6
1.2,1.3693962,0.590801,0.32514855,0.5677016,6
1.2,0.729743,0.39794156,0.3695117,0.5268135,6
1.2,1.7921437,0.8127567,0.10830188,0.47863743,6
1.2,1.5151991,0.7662831,0.18155801,0.5419714,6
1.2,1.5790682,0.7597879,0.25958663,0.43168873,6
1.2,1.3857058,0.7183877,0.16080034,0.6065957,6
1.2,1.4326499,0.7720136,0.4,0.5577479,6
1.2,1.4576895,0.7605106,0.4,0.48819536,6
1.2,1.2870784,0.6943929,0.3900358,0.55027026,6
1.2,1.2460209,0.6168072,0.15648384,0.52464694,6
1.2,1.2599025,0.6350071,0.112965085,0.5221764,6
1.2,1.5517409,0.72025794,0.3369982,0.52249146,6
1.2,1.3353568,0.5813196,0.10553758,0.48406515,6
1.2,0.9023501,0.44120404,0.18419865,0.5297199,6
1.2,2.0,0.82907474,0.31105635,0.49829647,6
1.2,1.0255309,0.541902,0.4,0.46956173,6
1.2,1.2982936,0.60982287,0.3694967,0.5154968,6
1.2,1.6376876,0.8191143,0.21492176,0.48758787,6
1.2,1.760689,0.84200627,0.32495773,0.54569876,6
1.2,1.393047,0.6989916,0.24238697,0.5322075,6
1.2,1.0587646,0.5783921,0.2100325,0.5341605,6
1.2,1.5856037,0.6795369,0.24513622,0.5907856,6
1.2,1.5476826,0.8254112,0.35107732,0.47620672,6
1.2,1.0748595,0.4984468,0.29417214,0.4992942,6
1.2,2.0,1.0,0.4,0.47893074,6
1.2,1.4956545,0.72384906,0.22147146,0.49967727,6
1.2,1.3589872,0.622648,0.31372032,0.49554014,6
1.2,2.0,0.99593467,0.31083027,0.5794323,6
1.2,1.3651283,0.7620078,0.27340084,0.4861412,6
1.2,1.5103263,0.69142777,0.29339555,0.55868477,6
1.2,1.1819754,0.6701587,0.17391618,0.57332283,6
1.2,1.2882125,0.64826846,0.320086,0.537557,6
1.2,1.1137855,0.563347,0.36459067,0.61639476,6
1.2,1.4222125,0.6563351,0.36138526,0.48868722,6
1.2,1.3913823,0.68297786,0.30718186,0.51466453,6
1.2,1.876611,0.8447858,0.38529867,0.5210948,6
1.2,1.4709218,0.6623522,0.23435771,0.51791686,6
1.2,1.8380973,0.8076576,0.36715978,0.5208365,6
1.2,1.0222377,0.5128109,0.36898735,0.59897333,6
1.2,1.107168,0.49346155,0.34725624,0.47941428,6
1.2,1.3988929,0.6660197,0.36904955,0.5082262,6
1.2,1.4816366,0.6290145,0.34134242,0.5041767,6
1.2,1.7070405,0.7963867,0.35969394,0.5688459,6
1.2,1.5933576,0.7427427,0.30632573,0.49331152,6
1.2,1.6193482,0.86382365,0.2371925,0.5624348,6
1.2,1.2330655,0.66358626,0.16944954,0.5006704,6
1.2,1.5708727,0.697837,0.32476118,0.50961554,6
1.2,1.3353571,0.57248825,0.3158496,0.5476532,6
1.2,1.1467806,0.5579439,0.342113,0.56234264,6
1.2,1.7061398,0.8765905,0.2993557,0.5291311,6
1.2,1.5950663,0.7430047,0.2453121,0.5456632,6
1.2,1.1560752,0.5924883,0.31839466,0.5395917,6
1.2,1.6992929,0.78192323,0.28654638,0.4333595,6
1.2,1.8245145,0.8666309,0.25709987,0.5076111,6
1.2,1.4802961,0.7007712,0.2934638,0.5240477,6
1.2,1.7950747,0.8959345,0.27611178,0.5749356,6
1.2,1.2990308,0.58242583,0.37428436,0.54266405,6
1.2,1.9565158,0.8343049,0.24339294,0.5774027,6
1.2,1.9645063,0.95426416,0.05,0.5716094,6
1.2,1.3525772,0.77404594,0.13638769,0.5519131,6
1.2,1.4911212,0.6715162,0.4,0.5532049,6
1.2,1.15012,0.6060678,0.20640673,0.52655935,6
1.2,0.886944,0.4525176,0.3865603,0.60756147,6
1.2,1.2938848,0.6093575,0.26851118,0.5349791,6
1.2,1.3692509,0.7384241,0.1701779,0.53713524,6
1.2,1.2905861,0.67281353,0.32134342,0.4882564,6
1.2,1.3609889,0.6079042,0.3152289,0.494981,6
1.2,1.5534292,0.7622885,0.27064234,0.5390789,6
1.2,1.0189333,0.51216555,0.11716288,0.44034532,6
1.2,1.4114187,0.6953073,0.16980393,0.49968314,6
1.2,1.0568874,0.610884,0.13447297,0.5726222,6
1.2,1.3336307,0.71180737,0.3885375,0.5391911,6
1.2,1.2455791,0.5495216,0.08448193,0.541975,6
1.2,1.9650843,0.87946993,0.19930568,0.57348734,6
1.2,1.3936491,0.77115184,0.24936707,0.5188543,6
1.2,1.1380789,0.5271948,0.2629049,0.546094,6
1.2,1.1902127,0.6190698,0.3784285,0.56603414,6
1.2,1.5291739,0.81522346,0.4,0.5388624,6
1.2,1.4498843,0.6900789,0.38164106,0.51294345,6
1.2,1.4404982,0.72916543,0.3302694,0.56065947,6
1.2,1.1510308,0.55152744,0.3221559,0.5800715,6
1.2,1.4029266,0.73204505,0.34636346,0.5303715,6
1.2,1.2718549,0.5803719,0.4,0.6317138,6
1.2,1.4075042,0.6963682,0.4,0.45388624,6
1.2,1.064154,0.52380407,0.22864206,0.55942416,6
1.2,1.4883242,0.7069226,0.4,0.4957403,6
1.2,1.5658839,0.6911641,0.33750758,0.5886113,6
1.2,1.6220627,0.7369974,0.3991067,0.54761004,6
1.2,1.4127344,0.71742016,0.4,0.5488281,6
1.2,1.5923978,0.80142266,0.21993978,0.5482036,6
1.2,1.1269609,0.5791116,0.4,0.51881295,6
1.2,1.4638419,0.6728659,0.31292003,0.60944796,6
1.2,1.8950071,0.9430662,0.15162787,0.5867172,6
1.2,1.0974594,0.5796893,0.15768634,0.53247684,6
1.2,1.4745946,0.6700231,0.27553803,0.55553037,6
1.2,1.4975566,0.7736902,0.27667788,0.62124544,6
1.2,1.390444,0.80190885,0.12000559,0.57668126,6
1.2,1.7386633,0.8232166,0.38500702,0.45048878,6
1.2,1.5387932,0.7484912,0.05,0.53355974,6
1.2,1.352636,0.5828482,0.119569525,0.5461977,6
1.2,1.329971,0.6704735,0.4,0.5105044,6
1.2,0.994226,0.4602685,0.082678646,0.55332136,6
1.2,1.7850304,0.8705939,0.33354205,0.5386161,6
1.2,1.2621557,0.6166871,0.2008124,0.5306277,6
1.2,1.6692064,0.7845232,0.3086259,0.4828337,6
1.2,1.6044811,0.8417164,0.053283785,0.50815487,6
1.2,1.6515595,0.839878,0.38924724,0.55812764,6
1.2,0.82275033,0.3761082,0.38196993,0.5326848,6
1.2,1.4738928,0.7679977,0.3824739,0.49902895,6
1.2,1.933904,0.81940955,0.29549706,0.5513294,6
1.2,1.5161067,0.70040536,0.36017746,0.48042807,6
1.2,1.5076954,0.7431092,0.2599794,0.56805325,6
1.2,1.3593252,0.6604956,0.22062059,0.48387325,6
1.2,1.2367245,0.5586016,0.10788897,0.5591986,6
1.2,1.2811098,0.6046708,0.37416074,0.60152763,6
1.2,1.1916345,0.5819479,0.18523595,0.530114,6
1.2,1.5044949,0.83143014,0.34865734,0.52936155,6
1.2,1.8019925,0.8372235,0.3408647,0.55159324,6
1.2,1.290723,0.6283055,0.27281636,0.5581822,6
1.2,1.3945656,0.6517193,0.22318846,0.54434884,6
1.2,1.5168543,0.83516455,0.21419269,0.52435905,6
1.2,1.3831267,0.71979076,0.3929842,0.48300853,6
1.2,1.2877637,0.54483354,0.26599044,0.51322365,6
1.2,1.3747114,0.62889796,0.33753327,0.4756518,6
1.2,2.0,1.0,0.2932902,0.47803274,6
1.2,1.3961825,0.64569443,0.4,0.48009795,6
1.2,1.3658651,0.73302984,0.4,0.59643346,6
1.2,1.54988,0.7526611,0.4,0.5688329,6
1.2,1.834201,0.9444227,0.14531928,0.5159891,6
1.2,1.4514129,0.7640561,0.30952558,0.5096967,6
1.2,1.2525934,0.70196617,0.3986406,0.5419497,6
1.2,1.4800559,0.7313035,0.26689187,0.5743609,6
1.2,1.4513391,0.6653154,0.24540609,0.6068685,6
1.2,1.3303597,0.6056291,0.25359875,0.52253896,6
1.2,1.3953534,0.6342236,0.13069898,0.5429234,6
1.2,1.2827637,0.6431743,0.33024552,0.4904035,6
1.2,0.86616725,0.39712295,0.35985672,0.49905628,6
1.2,1.3940101,0.69380534,0.1395819,0.5445693,6
1.2,1.4745951,0.7156852,0.4,0.5353555,6
1.2,1.5474327,0.6491962,0.19134061,0.52670425,6
1.2,1.0152403,0.5288764,0.14716034,0.4939678,6
1.2,1.1901494,0.62610257,0.1300095,0.49932766,6
1.2,1.0517317,0.53051156,0.33397588,0.4908397,6
1.2,1.4027861,0.6357829,0.13474713,0.5072083,6
1.2,1.5454352,0.74372506,0.10241499,0.5608861,6
1.2,0.9376873,0.50104135,0.08377503,0.5639901,6
1.2,1.4214212,0.64386636,0.05,0.55348945,6
1.2,1.1488968,0.6099045,0.2953285,0.5434039,6
1.2,1.213187,0.600201,0.31449458,0.58651674,6
1.2,1.474691,0.7401121,0.07036225,0.4917123,6
1.2,1.0475861,0.5362502,0.4,0.5524733,6
1.2,1.5129713,0.65905523,0.4,0.5793154,6
1.2,1.2417401,0.6081908,0.4,0.47922915,6
1.2,1.4824961,0.7106614,0.20725948,0.5496732,6
1.2,1.6780254,0.7944853,0.3888981,0.49133825,6
1.2,1.6976608,0.8195789,0.2719137,0.5642095,6
1.2,1.9002261,0.8007709,0.4,0.5072758,6
1.2,1.4218298,0.7059326,0.2850859,0.48495266,6
1.2,1.8141842,0.8476683,0.25624633,0.50562304,6
1.2,1.7640505,0.9655188,0.19239077,0.5815564,6
1.2,1.0744014,0.5918597,0.13935533,0.53341687,6
1.2,1.9061161,0.91123205,0.26675946,0.5149201,6
1.2,1.0167093,0.5021016,0.28049126,0.5546674,6
1.2,1.7936273,0.90072036,0.4,0.5794548,6
1.2,1.1524427,0.6493227,0.2766377,0.5380888,6
1.2,1.7286252,0.75945264,0.2717458,0.4986156,6
1.2,1.487112,0.6451627,0.4,0.49713174,6
1.2,1.3240501,0.63267225,0.39861968,0.5982483,6
1.2,1.8552128,0.87740594,0.087977,0.46213037,6
1.2,1.3707387,0.7585928,0.07196501,0.5261936,6
1.2,1.6465385,0.8884848,0.2885721,0.5264428,6
1.2,1.3043759,0.7055251,0.2403301,0.502049,6
1.2,1.5451847,0.7527508,0.32245418,0.50779814,6
1.2,1.0981423,0.53613186,0.21274596,0.5500265,6
1.2,1.0939561,0.530956,0.4,0.5557156,6
1.2,1.3320743,0.70482695,0.05,0.49563062,6
1.2,1.138513,0.6113927,0.10938409,0.5626422,6
1.2,1.5079952,0.72901833,0.12603796,0.49514258,6
1.2,1.2677286,0.60833645,0.3056465,0.5405571,6
1.2,0.9012751,0.54664123,0.3864196,0.5736411,6
1.2,1.3034309,0.6615948,0.32047784,0.5244782,6
1.2,1.4336507,0.6572977,0.20068751,0.48366317,6
1.2,1.8027387,0.86459607,0.26702467,0.49108687,6
1.2,1.3251903,0.6628992,0.21841852,0.5409593,6
1.2,1.5670891,0.81136066,0.31870744,0.57748926,6
1.2,1.4852108,0.8592663,0.21189049,0.5216126,6
1.2,2.0,0.9986894,0.19697641,0.51629335,6
1.2,2.0,0.99129236,0.30984005,0.51485133,6
1.2,1.3955827,0.6946076,0.20349923,0.59816194,6
1.2,1.1992097,0.6726437,0.21297155,0.55111736,6
1.2,1.4033163,0.6718669,0.33122656,0.5397431,6
1.2,1.8392152,0.9283179,0.17253277,0.49382704,6
1.2,1.1584383,0.6109245,0.14277355,0.6057711,6
1.2,1.6543295,0.7432578,0.14290692,0.52334374,6
1.2,1.5234858,0.7175179,0.3652224,0.51463264,6
1.2,1.325089,0.6666297,0.10863298,0.5427449,6
1.2,0.95998794,0.48872632,0.4,0.5551855,6
1.2,1.6917073,0.7908962,0.08829391,0.51713336,6
1.2,1.2594748,0.70714885,0.2862758,0.5311919,6
1.2,1.6345401,0.770499,0.19313326,0.53585196,6
1.2,1.4639511,0.74968964,0.3381674,0.5352604,6
1.2,1.6939143,0.8220067,0.3381965,0.56447774,6
1.2,1.37915,0.5901828,0.10833873,0.5409006,7
1.2,1.9721721,0.82736677,0.36876696,0.5734002,7
1.2,2.0,1.0,0.21198796,0.6116292,7
1.2,2.0,0.91091317,0.4,0.46565688,7
1.2,2.0,0.8738841,0.19025186,0.5278695,7
1.2,2.0,0.87081873,0.2482463,0.48504174,7
1.2,2.0,1.0,0.4,0.51463026,7
1.2,2.0,1.0,0.36545756,0.5594948,7
1.2,1.9006314,0.8378546,0.32305214,0.5507466,7
1.2,1.7579938,0.8055312,0.05,0.50639135,7
1.2,2.0,1.0,0.2169608,0.46926972,7
1.2,1.1978756,0.5422895,0.0924917,0.47792023,7
1.2,2.0,1.0,0.2560232,0.5829471,7
1.2,2.0,0.9209758,0.23120469,0.5502378,7
1.2,2.0,0.9450396,0.29736638,0.5289218,7
1.2,1.757259,0.6967605,0.20334439,0.49855748,7
1.2,1.7784649,0.76935804,0.4,0.5326474,7
1.2,2.0,0.8894521,0.05,0.5311568,7
1.2,2.0,0.9158701,0.11021402,0.5329525,7
1.2,1.8834796,0.84826964,0.22875941,0.47878253,7
1.2,2.0,1.0,0.25569412,0.5248632,7
1.2,1.5092549,0.6348306,0.23655152,0.56973815,7
1.2,2.0,1.0,0.2225139,0.52257943,7
1.2,2.0,0.9199324,0.26171637,0.51725847,7
1.2,1.9268755,0.85092354,0.19725747,0.513505,7
1.2,2.0,1.0,0.13246888,0.5096944,7
1.2,1.8752888,0.8762947,0.285831,0.5687443,7
1.2,1.517251,0.69132084,0.2059609,0.5562407,7
1.2,1.723619,0.700336,0.19009067,0.49839455,7
1.2,1.6162437,0.75900954,0.24490689,0.47725138,7
1.2,2.0,1.0,0.3398433,0.5084741,7
1.2,1.6895137,0.752601,0.34793842,0.51208514,7
1.2,2.0,1.0,0.22336891,0.4994258,7
1.2,2.0,0.8686614,0.4,0.5080264,7
1.2,1.8961885,0.7909976,0.21299416,0.46122923,7
1.2,2.0,1.0,0.36613694,0.5812392,7
1.2,1.8052003,0.8221338,0.29553458,0.5360056,7
1.2,1.8569374,0.77734005,0.3574996,0.52552557,7
1.2,2.0,1.0,0.102867514,0.4902592,7
1.2,1.8696887,0.77149266,0.39178374,0.46428376,7
1.2,2.0,1.0,0.24918938,0.52153355,7
1.2,2.0,1.0,0.4,0.5580497,7
1.2,2.0,1.0,0.23025768,0.5299464,7
1.2,1.858967,0.86882764,0.27840674,0.5011102,7
1.2,1.937383,0.8727395,0.30933386,0.5784483,7
1.2,2.0,0.86528873,0.20618676,0.5314134,7
1.2,1.3209344,0.579006,0.25171566,0.45070922,7
1.2,1.9724338,0.87876517,0.18328036,0.58396226,7
1.2,2.0,1.0,0.14116126,0.5409039,7
1.2,2.0,0.8807814,0.4,0.51644385,7
1.2,1.5732713,0.6945444,0.2601073,0.491826,7
1.2,2.0,0.9025862,0.27852383,0.49853075,7
1.2,2.0,0.89565134,0.23468907,0.40233177,7
1.2,1.8488917,0.819683,0.23386085,0.50516075,7
1.2,1.6478441,0.70969284,0.26825973,0.5639731,7
1.2,2.0,1.0,0.15811542,0.5043407,7
1.2,1.9524987,0.820508,0.28436023,0.55172783,7
1.2,2.0,0.89022034,0.34054738,0.4840257,7
1.2,2.0,0.89786136,0.14553343,0.4832614,7
1.2,1.8315749,0.76882607,0.20072922,0.5051086,7
1.2,1.3391815,0.60500985,0.25793347,0.518503,7
1.2,2.0,0.976352,0.27950478,0.49440774,7
1.2,2.0,1.0,0.4,0.5117386,7
1.2,1.6827283,0.7131639,0.32387924,0.48011807,7
1.2,1.6674528,0.73521465,0.24318308,0.55365485,7
1.2,2.0,0.8672402,0.13171518,0.5273517,7
1.2,2.0,0.9512948,0.27989787,0.53279006,7
1.2,2.0,1.0,0.2525501,0.53188187,7
1.2,2.0,0.96582305,0.2986621,0.525199,7
1.2,1.4547431,0.6347058,0.05,0.54261637,7
1.2,1.5906423,0.703719,0.29664105,0.51647776,7
1.2,1.9201953,0.8292311,0.06518405,0.5288085,7
1.2,1.8778452,0.77244234,0.30994427,0.5019747,7
1.2,2.0,0.86816525,0.07316921,0.5263405,7
1.2,1.8846763,0.7920254,0.33781153,0.50582284,7
1.2,1.2734212,0.56453884,0.067447945,0.5212906,7
1.2,1.6837167,0.75301737,0.32862526,0.5827461,7
1.2,2.0,0.99991524,0.2454058,0.5099892,7
1.2,2.0,0.89550847,0.21526004,0.3624478,7
1.2,1.6513591,0.7613646,0.24293159,0.5427215,7
1.2,2.0,1.0,0.4,0.540259,7
1.2,1.6942307,0.80229837,0.33198944,0.5632972,7
1.2,1.6534308,0.71703887,0.12156842,0.5408263,7
1.2,1.9091818,0.8450313,0.26978907,0.51065445,7
1.2,1.7462599,0.7817671,0.13302505,0.4424886,7
1.2,2.0,1.0,0.24751604,0.47726828,7
1.2,2.0,0.87317765,0.14978929,0.50837636,7
1.2,2.0,0.9473449,0.080478095,0.49315804,7
1.2,1.6322056,0.71707296,0.32225436,0.49706742,7
1.2,2.0,1.0,0.168164,0.451722,7
1.2,2.0,0.92311645,0.4,0.525927,7
1.2,2.0,0.95566934,0.07094421,0.46749142,7
1.2,2.0,0.89318097,0.2899994,0.4628086,7
1.2,1.5524707,0.67502296,0.4,0.50410455,7
1.2,1.7074536,0.7490398,0.16064934,0.48691392,7
1.2,2.0,0.903204,0.19375204,0.48873976,7
1.2,1.8843254,0.8154271,0.08971816,0.46900886,7
1.2,1.9487844,0.7860874,0.11700972,0.50645596,7
1.2,1.9856344,0.8740163,0.4,0.53888637,7
1.2,2.0,0.9680483,0.3577211,0.50560796,7
1.2,2.0,0.8982091,0.21946807,0.48306537,7
1.2,2.0,0.8448329,0.26443964,0.4873332,7
1.2,2.0,0.95206094,0.35438472,0.4839893,7
1.2,1.8954047,0.8128265,0.37177053,0.51832217,7
1.2,1.6620619,0.73402774,0.2227233,0.54527414,7
1.2,2.0,0.9172963,0.30449575,0.5450355,7
1.2,2.0,0.98684615,0.21991165,0.4833087,7
1.2,1.5973917,0.6967341,0.05,0.46223107,7
1.2,2.0,0.9732612,0.34593642,0.48472232,7
1.2,2.0,1.0,0.05,0.54252106,7
1.2,2.0,1.0,0.29658964,0.5855331,7
1.2,1.7601954,0.7396238,0.16193119,0.5394728,7
1.2,2.0,0.89985317,0.26929983,0.4715639,7
1.2,2.0,0.929817,0.32944062,0.48714754,7
1.2,2.0,0.89428777,0.05,0.5476519,7
1.2,1.8998088,0.8166323,0.05,0.5187644,7
1.2,1.753911,0.82321656,0.29386225,0.44124186,7
1.2,2.0,0.93373317,0.14688028,0.5304298,7
1.2,2.0,0.8912426,0.11101236,0.51495785,7
1.2,2.0,1.0,0.19542697,0.5456841,7
1.2,1.9716219,0.88262874,0.32652408,0.5153062,7
1.2,2.0,0.90901536,0.34227094,0.52347875,7
1.2,2.0,1.0,0.05,0.49450573,7
1.2,2.0,0.9170504,0.21402575,0.5159538,7
1.2,1.3129005,0.57722414,0.18696994,0.5202639,7
1.2,2.0,0.8951594,0.15266359,0.50131583,7
1.2,1.9546051,0.8028334,0.06769501,0.52308846,7
1.2,1.9662682,0.9089059,0.05,0.51973057,7
1.2,2.0,0.8778181,0.28315037,0.5246775,7
1.2,2.0,0.9718707,0.32221088,0.55046535,7
1.2,2.0,0.8501953,0.1582037,0.5812995,7
1.2,1.9148543,0.811864,0.4,0.48846272,7
1.2,2.0,0.93352115,0.3654711,0.5486583,7
1.2,2.0,0.92003375,0.26908815,0.5432958,7
1.2,2.0,0.9369287,0.051152315,0.46868053,7
1.2,2.0,0.9401411,0.12368466,0.51064247,7
1.2,1.8079776,0.81668377,0.32902443,0.52218586,7
1.2,1.7206645,0.7336205,0.22782585,0.48318842,7
1.2,1.9994514,0.888447,0.39304736,0.6018748,7
1.2,1.2789623,0.56987864,0.11750839,0.5435421,7
1.2,1.5270694,0.64655745,0.4,0.51124364,7
1.2,1.9637992,0.79622746,0.17954198,0.52158684,7
1.2,1.7152048,0.73853314,0.4,0.47183663,7
1.2,2.0,0.9321124,0.28612512,0.48970848,7
1.2,1.6697819,0.7463341,0.4,0.5289333,7
1.2,2.0,1.0,0.18630478,0.4971827,7
1.2,2.0,1.0,0.14091586,0.46558604,7
1.2,2.0,0.9570135,0.25967067,0.53474146,7
1.2,2.0,0.96337575,0.4,0.5197758,7
1.2,1.7301619,0.7200102,0.14986931,0.50757176,7
1.2,1.742792,0.7322769,0.24589458,0.5270709,7
1.2,2.0,0.9785795,0.158177,0.5265432,7
1.2,1.5648762,0.69702,0.19528659,0.53861696,7
1.2,1.7178046,0.75579673,0.13361228,0.57237375,7
1.2,1.9681864,0.8360784,0.080126606,0.49605843,7
1.2,1.8241503,0.7634258,0.16701262,0.51890624,7
1.2,1.5519111,0.67951554,0.4,0.52898073,7
1.2,2.0,0.88847685,0.4,0.5572157,7
1.2,2.0,1.0,0.24637699,0.467237,7
1.2,1.9711305,0.8443212,0.15164408,0.52566427,7
1.2,2.0,0.9333479,0.4,0.47399336,7
1.2,2.0,0.85131234,0.22445661,0.5535246,7
1.2,2.0,1.0,0.3782935,0.48186573,7
1.2,2.0,0.9420616,0.4,0.49844941,7
1.2,2.0,0.98718935,0.19300988,0.46311167,7
1.2,2.0,0.90261567,0.084450595,0.5551982,7
1.2,2.0,1.0,0.38385105,0.4962154,7
1.2,2.0,0.93467337,0.31658033,0.5115318,7
1.2,2.0,0.8955752,0.060562972,0.5536882,7
1.2,2.0,0.86075354,0.3300374,0.47132972,7
1.2,2.0,0.9433102,0.11896487,0.48346844,7
1.2,2.0,1.0,0.2336188,0.6253697,7
1.2,1.8098552,0.8249275,0.10750777,0.49857002,7
1.2,2.0,1.0,0.1995136,0.4819994,7
1.2,2.0,0.87429804,0.23410664,0.5677993,7
1.2,2.0,1.0,0.18879429,0.4748743,7
1.2,2.0,1.0,0.25882253,0.50689083,7
1.2,1.7101882,0.7188453,0.25083327,0.57101214,7
1.2,2.0,0.897276,0.20852035,0.4502386,7
1.2,1.8813698,0.8145227,0.3678901,0.49157324,7
1.2,1.9372677,0.8045628,0.27506912,0.5055955,7
1.2,2.0,0.91661775,0.29727316,0.49040103,7
1.2,2.0,1.0,0.35413545,0.513762,7
1.2,1.6817539,0.7611028,0.20226401,0.50646156,7
1.2,1.8012111,0.77169794,0.3620194,0.52515,7
1.2,1.5893068,0.7151463,0.3248106,0.47283825,7
1.2,2.0,0.9376593,0.24874805,0.4567863,7
1.2,2.0,1.0,0.25274554,0.52640414,7
1.2,2.0,0.8567649,0.14635281,0.56527054,7
1.2,2.0,0.95473313,0.20264584,0.58864677,7
1.2,2.0,1.0,0.4,0.53771454,7
1.2,2.0,0.9273367,0.27742478,0.52710474,7
1.2,2.0,0.8333371,0.2574608,0.5286433,7
1.2,1.4105464,0.5871073,0.24536368,0.5989045,7
1.2,2.0,0.92672306,0.32546797,0.43002066,7
1.2,1.6546786,0.71219933,0.05,0.45061108,7
1.2,2.0,0.95914406,0.4,0.48868683,7
1.2,2.0,1.0,0.31836826,0.46724105,7
1.2,1.8267171,0.79485273,0.36714017,0.618215,7
1.2,2.0,1.0,0.13760108,0.54773885,7
1.2,2.0,0.9449389,0.2805028,0.52196527,7
1.2,2.0,0.9057411,0.23162161,0.523018,7
1.2,1.7722245,0.72601604,0.36159045,0.43930128,7
1.2,1.9974478,0.91200656,0.19685166,0.5222244,7
1.2,2.0,0.91604143,0.25746942,0.4933943,7
1.2,2.0,1.0,0.16896833,0.462973,7
1.2,2.0,0.9092082,0.21801455,0.49026218,7
1.2,1.9388249,0.88750565,0.23077421,0.624817,7
1.2,1.7303185,0.7466097,0.21112874,0.49936727,7
1.2,2.0,0.9157107,0.05,0.51682967,7
1.2,2.0,1.0,0.110641606,0.58993036,7
1.2,2.0,0.953898,0.10094904,0.49692014,7
1.2,1.8430396,0.7611645,0.3117129,0.5008741,7
1.2,2.0,0.89490813,0.29919404,0.5586633,7
1.2,2.0,1.0,0.22390778,0.5303233,7
1.2,1.9331399,0.84105146,0.32691962,0.5805796,7
1.2,2.0,0.9878409,0.17707765,0.49956733,7
1.2,2.0,0.84168494,0.19251686,0.5222959,7
1.2,1.9409794,0.8192937,0.3424819,0.5594458,7
1.2,2.0,0.9095786,0.4,0.51197654,7
1.2,1.9108882,0.85850465,0.21161166,0.5195377,7
1.2,2.0,0.9093924,0.24894679,0.44429436,7
1.2,1.3911659,0.6734003,0.24835455,0.48724076,7
1.2,1.7925229,0.7516407,0.15633218,0.43264008,7
1.2,2.0,1.0,0.32608488,0.4991775,7
1.2,2.0,0.8284246,0.2258572,0.55859864,7
1.2,2.0,0.8555392,0.27382556,0.541634,7
1.2,1.7431738,0.75138384,0.17474581,0.53975505,7
1.2,2.0,0.8684887,0.34974003,0.51864845,7
1.2,1.6605997,0.7312007,0.12978669,0.483405,7
1.2,2.0,0.95309687,0.09622254,0.49179077,7
1.2,1.8898044,0.86186737,0.38569945,0.4899526,7
1.2,1.9412299,0.8191103,0.30083182,0.56227124,7
1.2,2.0,0.9918614,0.39725775,0.5053859,7
1.2,2.0,0.8451276,0.4,0.49610305,7
1.2,1.6030252,0.71587557,0.14772604,0.5079898,7
1.2,2.0,0.92581135,0.124370046,0.47682294,7
1.2,2.0,1.0,0.13245301,0.53976625,7
1.2,2.0,1.0,0.31759602,0.55313355,7
1.2,1.4626625,0.70035696,0.35653397,0.53523314,7
1.2,1.8750741,0.8578731,0.109152064,0.47723857,7
1.2,1.7952062,0.7750023,0.15307166,0.56836295,7
1.2,1.9066317,0.8761879,0.2651932,0.5520343,7
1.2,2.0,0.8955218,0.32681304,0.5694308,7
1.2,2.0,0.9629676,0.21012037,0.6204005,7
1.2,2.0,0.8779172,0.3274877,0.49827415,7
1.2,2.0,0.84492177,0.05,0.5576336,7
1.2,2.0,1.0,0.23049626,0.5319786,7
1.2,2.0,0.9007762,0.4,0.4829885,7
1.2,1.9269567,0.86114603,0.20694079,0.57220536,7
1.2,2.0,0.9374072,0.15052992,0.55877936,7
1.2,2.0,1.0,0.25741008,0.57602334,7
1.2,1.4792812,0.7121125,0.13728307,0.51405334,7
1.2,1.3787196,0.62051946,0.23942417,0.5167296,7
1.2,2.0,0.8554047,0.3958848,0.54262775,7
1.2,1.6761761,0.79157424,0.14419022,0.5445074,7
1.2,2.0,0.9632516,0.18294986,0.57600045,7
1.2,2.0,1.0,0.31314495,0.5976956,7
1.2,2.0,0.8669615,0.18212098,0.6169963,7
1.2,1.9537678,0.8350785,0.30268112,0.5126162,7
1.2,2.0,0.8556661,0.4,0.54072213,7
1.2,2.0,0.9510914,0.16305971,0.5260366,7
1.2,2.0,0.9699062,0.26953346,0.4750409,7
1.2,1.6835238,0.7286542,0.20648123,0.4902198,7
1.2,2.0,1.0,0.31807506,0.5478913,7
1.2,1.7632332,0.7558931,0.30851674,0.54187,7
1.2,2.0,1.0,0.23691663,0.5183238,7
1.2,1.9095459,0.88001,0.26193097,0.58994436,7
1.2,1.7406418,0.7582128,0.1193411,0.46671242,7
1.2,1.4026296,0.6350708,0.12647282,0.5118403,7
1.2,1.6973153,0.73967594,0.18540241,0.54019046,7
1.2,2.0,0.9035446,0.26289555,0.5338077,7
1.2,2.0,0.9787626,0.25709066,0.5114762,7
1.2,2.0,1.0,0.33681816,0.5113913,7
1.2,1.9768801,0.84499377,0.24984749,0.5798832,7
1.2,1.5048465,0.66833884,0.34468243,0.54898643,7
1.2,2.0,0.9149444,0.17756918,0.49541092,7
1.2,1.9738642,0.89622545,0.18880534,0.48235416,7
1.2,2.0,0.8757499,0.23657453,0.48310816,7
1.2,1.9835455,0.80318385,0.25035685,0.54185075,7
1.2,2.0,0.9301935,0.22104953,0.5745679,7
1.2,2.0,0.9467698,0.057559147,0.4568316,7
1.2,1.6563405,0.73164546,0.37784368,0.4954763,7
1.2,2.0,0.9285215,0.33575225,0.52187544,7
1.2,2.0,1.0,0.12401031,0.48091686,7
1.2,1.9454601,0.8043755,0.22482418,0.5387617,7
1.2,1.755666,0.8064497,0.35099134,0.48955524,7
1.2,2.0,0.86835605,0.18402793,0.5442015,7
1.2,2.0,0.8705443,0.16790746,0.46686664,7
1.2,2.0,0.90725404,0.3735617,0.61644644,7
1.2,2.0,0.9688831,0.1796944,0.5029565,7
1.2,2.0,0.96379894,0.12779859,0.52716106,7
1.2,2.0,1.0,0.31215006,0.59925187,7
1.2,2.0,1.0,0.32875475,0.4361038,7
1.2,2.0,1.0,0.39004198,0.4544153,7
1.2,1.9595493,0.8469543,0.254789,0.4788553,7
1.2,2.0,1.0,0.3888825,0.5842086,7
1.2,2.0,0.9252104,0.4,0.4709215,7
1.2,1.7334111,0.72857106,0.309472,0.4640718,7
1.2,1.4851298,0.6610349,0.2287701,0.52725554,7
1.2,2.0,1.0,0.24358156,0.49487662,7
1.2,2.0,1.0,0.23632018,0.5469578,7
1.2,2.0,1.0,0.15613961,0.55209965,7
1.2,2.0,1.0,0.232929,0.51045007,7
1.2,2.0,1.0,0.31068805,0.5024223,7
1.2,1.9506307,0.8568191,0.19991326,0.49996275,7
1.2,2.0,1.0,0.4,0.5753078,7
1.2,2.0,0.9125898,0.35662678,0.556997,7
1.2,2.0,0.97040576,0.29140398,0.55668586,7
1.2,2.0,0.85229206,0.31203243,0.47500202,7
1.2,1.9253985,0.7761158,0.111874044,0.48167562,7
1.2,1.7764881,0.7941794,0.31455463,0.55540466,7
1.2,2.0,0.93324435,0.081927374,0.51487494,7
1.2,2.0,0.93626523,0.25669542,0.5207198,7
1.2,1.9289238,0.78095657,0.23550414,0.5405759,7
1.2,2.0,0.9906563,0.24743877,0.5763891,7
1.2,2.0,1.0,0.3395604,0.4846363,7
1.2,1.9593444,0.890748,0.14330842,0.6572601,7
1.2,2.0,0.9843992,0.25465617,0.55057424,7
1.2,2.0,1.0,0.2627614,0.5098644,7
1.2,1.6028094,0.6698544,0.32734165,0.52359724,7
1.2,2.0,0.93365985,0.2691232,0.4734752,7
1.2,2.0,1.0,0.4,0.5743387,7
1.2,2.0,1.0,0.4,0.5399079,7
1.2,1.968427,0.82271945,0.28906077,0.48259097,7
1.2,1.9604589,0.8464301,0.22625133,0.5777434,7
1.2,2.0,0.97861505,0.25205773,0.4837789,7
1.2,1.9602069,0.83430564,0.13637257,0.5456747,7
1.2,2.0,0.9776337,0.1879208,0.54051644,7
1.2,1.3610252,0.5839201,0.3916551,0.56602514,7
1.2,1.7662476,0.7773664,0.18548246,0.6404464,7
1.2,2.0,0.849833,0.10028724,0.5296178,7
1.2,1.9920557,0.8912159,0.29328737,0.52298605,7
1.2,2.0,1.0,0.34618157,0.54688793,7
1.2,1.3475637,0.6427336,0.3797044,0.43813437,7
1.2,1.8605013,0.78324175,0.37964177,0.5446559,7
1.2,1.6886467,0.7374706,0.11861318,0.5082745,7
1.2,1.8039137,0.82016414,0.3316164,0.5329564,7
1.2,1.8390137,0.77962977,0.22958355,0.46826336,7
1.2,2.0,0.95112944,0.3696773,0.43475762,7
1.2,1.8270103,0.8439202,0.24335615,0.5359361,7
1.2,2.0,0.80027056,0.08680059,0.5291585,7
1.2,1.7089981,0.7340793,0.22081213,0.50939935,7
1.2,1.694643,0.6870625,0.05,0.4771037,7
1.2,2.0,1.0,0.4,0.50941014,7
1.2,2.0,0.8929834,0.21232364,0.633315,7
1.2,1.9404794,0.81038195,0.28841192,0.53406435,7
1.2,1.7897776,0.7922751,0.2640339,0.559874,7
1.2,1.4797715,0.659487,0.30511332,0.5380151,7
1.2,2.0,1.0,0.30741638,0.51628304,7
1.2,2.0,0.93243206,0.18961665,0.42846328,7
1.2,2.0,1.0,0.4,0.539059,7
1.2,1.7526181,0.7275782,0.4,0.47950372,7
1.2,2.0,0.8767934,0.24339157,0.51649326,7
1.2,1.4243567,0.61336285,0.34380677,0.6083271,7
1.2,1.7315235,0.770721,0.4,0.6288702,7
1.2,2.0,0.94439286,0.20258197,0.49829373,7
1.2,1.731231,0.7817448,0.23476954,0.5853372,7
1.2,1.345184,0.5652836,0.4,0.46333668,7
1.2,1.5862515,0.6907141,0.4,0.5132579,7
1.2,1.8179533,0.78733075,0.25674847,0.44986296,7
1.2,2.0,0.9982925,0.19541436,0.47818795,7
1.2,1.9864639,0.8233249,0.19189422,0.46505746,7
1.2,1.434949,0.5819286,0.37727106,0.52826416,7
1.2,1.3084067,0.59682846,0.30304384,0.47595897,7
1.2,2.0,0.96587354,0.25161645,0.50945175,7
1.2,1.8083733,0.7710509,0.05390108,0.44255915,7
1.2,2.0,0.9972129,0.06717198,0.4653383,7
1.2,2.0,1.0,0.26464748,0.54152364,7
1.2,1.8536631,0.8688545,0.2941662,0.5342719,7
1.2,1.7084507,0.77793705,0.33554402,0.5141365,7
1.2,2.0,0.82726115,0.34306037,0.4876052,7
1.2,1.7563882,0.7716941,0.1923079,0.45754212,7
1.2,1.9643573,0.80164886,0.15533803,0.53210723,7
1.2,1.7538339,0.81324506,0.16536441,0.4585826,7
1.2,1.3819127,0.6464368,0.4,0.4721062,7
1.2,1.6056267,0.75164276,0.07789869,0.5281765,7
1.2,1.3818332,0.5920014,0.20184453,0.48925003,7
1.2,1.6210518,0.7426039,0.06352886,0.49373484,7
1.2,1.5674266,0.68893486,0.4,0.5226719,7
1.2,2.0,0.9786964,0.17001866,0.56454355,7
1.2,2.0,1.0,0.2511096,0.5169679,7
1.2,1.6531565,0.7854713,0.35143432,0.5225881,7
1.2,1.3788675,0.5640447,0.21980311,0.52116376,7
1.2,2.0,0.88762665,0.09781545,0.5743583,7
1.2,1.5515671,0.66728365,0.05,0.53051835,7
1.2,1.8545021,0.8552444,0.4,0.5439025,7
1.2,2.0,1.0,0.19467667,0.428312,7
1.2,2.0,0.9626659,0.3973512,0.4173644,7
1.2,2.0,0.94891906,0.13339218,0.53497875,7
1.2,2.0,1.0,0.15870076,0.5120015,7
1.2,1.9695419,0.84314156,0.14762631,0.5577466,7
1.2,2.0,0.90443504,0.18953538,0.55129707,7
1.2,1.7312813,0.66666377,0.21832614,0.59701777,7
1.2,2.0,0.9732745,0.1764585,0.5054582,7
1.2,2.0,0.94570273,0.26085863,0.4921074,7
1.2,2.0,0.93070567,0.20361626,0.5535938,7
1.2,2.0,1.0,0.26917198,0.40659085,7
1.2,2.0,1.0,0.15490404,0.5494271,7
1.2,2.0,0.96009076,0.062495194,0.52274257,7
1.2,2.0,0.9039113,0.20422451,0.4517977,7
1.2,2.0,1.0,0.33744514,0.5275079,7
1.2,1.9067246,0.86353207,0.3078439,0.53730273,7
1.2,1.8269324,0.74903023,0.26583806,0.47254375,7
1.2,2.0,0.9068589,0.18374561,0.49151564,7
1.2,1.957082,0.76734734,0.37368515,0.4748997,7
1.2,2.0,0.81295264,0.2727869,0.5623243,7
1.2,1.5410502,0.7178259,0.2777065,0.56726843,7
1.2,2.0,1.0,0.31676283,0.5496759,7
1.2,1.7141948,0.741317,0.2900854,0.51903087,7
1.2,2.0,0.95335436,0.32182854,0.4993035,7
1.2,1.8940614,0.8574193,0.13193698,0.5114029,7
1.2,2.0,1.0,0.05,0.56226444,7
1.2,2.0,1.0,0.19517064,0.5143241,7
1.2,1.9704632,0.8568501,0.1507926,0.49963644,7
1.2,2.0,0.9363071,0.3867952,0.5737091,7
1.2,2.0,1.0,0.4,0.45170507,7
1.2,1.4167321,0.61262393,0.4,0.48991325,7
1.2,1.7065727,0.7705112,0.11166775,0.506123,7
1.2,1.924357,0.85993284,0.30593678,0.51040554,7
1.2,1.8785813,0.789129,0.4,0.49636802,7
1.2,2.0,0.9402974,0.31929764,0.6153701,7
1.2,1.9697661,0.7948628,0.36728963,0.53534675,7
1.2,1.9148228,0.80952984,0.20091318,0.49696416,7
1.2,2.0,0.99149424,0.20367509,0.44849816,7
1.2,2.0,1.0,0.08223587,0.49247196,7
1.2,2.0,0.9243371,0.37351573,0.5522607,7
1.2,2.0,0.95418113,0.2795694,0.5103426,7
1.2,1.5657583,0.6896377,0.30006132,0.43386924,7
1.2,1.4460596,0.66807044,0.15544783,0.52575016,7
1.2,1.6052426,0.72983867,0.2214399,0.51226753,7
1.2,2.0,1.0,0.05,0.49744403,7
1.2,1.4499756,0.59531116,0.25813863,0.5131009,7
1.2,1.8405975,0.76900524,0.37434703,0.5271053,7
1.2,1.6616387,0.7255114,0.23573343,0.5421904,7
1.2,2.0,0.92513156,0.4,0.48153487,7
1.2,1.8238151,0.77057207,0.35079908,0.5196562,7
1.2,1.9598619,0.84917724,0.19619259,0.5298319,7
1.2,2.0,0.97997695,0.26209334,0.50323665,7
1.2,1.6867402,0.732099,0.05,0.46390685,7
1.2,2.0,1.0,0.21291952,0.51285034,7
1.2,1.7416689,0.7511652,0.32007092,0.54876393,7
1.2,2.0,0.85855865,0.09286962,0.5049907,7
1.2,2.0,0.9067547,0.19158344,0.46884498,7
1.2,1.910606,0.8206985,0.3698362,0.45554447,7
1.2,2.0,0.95276815,0.37782148,0.54625577,7
1.2,2.0,0.883725,0.2012603,0.49613878,7
1.2,2.0,0.9682331,0.30924484,0.5679781,7
1.2,1.7517679,0.74423414,0.18370555,0.47863752,7
1.2,1.5522522,0.67936534,0.18708001,0.5141641,7
1.2,2.0,0.9172465,0.3409132,0.5102478,7
1.2,2.0,1.0,0.05,0.48192513,7
1.2,1.9388784,0.84046596,0.22721103,0.51392573,7
1.2,2.0,0.9661756,0.13111241,0.5888873,7
1.2,2.0,0.9436907,0.2110794,0.57160866,7
1.2,1.7876884,0.80807775,0.37419987,0.49730295,7
1.2,1.8695862,0.7433842,0.4,0.5595433,7
1.2,2.0,0.9304111,0.2676595,0.5451387,7
1.2,1.9991285,0.83042306,0.29374176,0.56017214,7
1.2,1.9211509,0.85614914,0.26125488,0.42175192,7
1.2,1.6695411,0.72142106,0.1452901,0.59624773,7
1.2,1.766382,0.711244,0.3371899,0.478842,7
1.2,2.0,0.9218038,0.20985252,0.50912946,7
1.2,2.0,0.86323005,0.30647862,0.5231341,7
1.2,2.0,0.8377821,0.35709608,0.51698583,7
1.2,1.6794703,0.7088945,0.12535478,0.5304018,7
1.2,2.0,0.97923857,0.19130789,0.5229666,7
1.2,1.8661094,0.8290858,0.20064089,0.4757056,7
1.2,1.249629,0.54975516,0.11211063,0.5027446,7
1.2,2.0,0.9349171,0.4,0.48654604,7
1.2,1.3928301,0.60124874,0.16179541,0.57078534,7
1.2,2.0,0.84315586,0.12827376,0.56519496,7
1.2,2.0,0.89489466,0.3505175,0.5628007,7
1.2,2.0,0.93100274,0.24433675,0.5546407,7
1.2,2.0,0.9402359,0.4,0.52077997,7
1.2,1.8627548,0.84311664,0.17187494,0.53606015,7
1.2,2.0,0.8929015,0.22024637,0.4884522,7
1.2,1.6391433,0.7802223,0.09608093,0.42629787,7
1.2,1.8257977,0.7999534,0.39215857,0.43486622,7
1.2,1.9152029,0.914431,0.37811372,0.46367195,7
1.2,1.4769573,0.6548796,0.15721098,0.5522998,7
1.2,1.9918913,0.85099536,0.31416506,0.43443784,7
1.2,1.0903809,0.47656408,0.05,0.5254348,7
1.2,2.0,1.0,0.06868403,0.5260124,7
1.2,1.9467964,0.89360416,0.4,0.5150542,7
1.2,2.0,1.0,0.08368233,0.4885439,7
1.2,2.0,0.9593962,0.21494897,0.6530907,7
1.2,1.4324555,0.64300746,0.28679633,0.55227304,7
1.2,2.0,0.96939504,0.30468774,0.51120204,7
1.2,2.0,0.93830746,0.15371554,0.44607246,7
1.2,2.0,0.95538133,0.05,0.44346234,7
1.2,2.0,0.9503012,0.4,0.47691533,7
1.2,2.0,0.99691105,0.16874751,0.5809675,7
1.2,2.0,0.9766672,0.15249307,0.52242035,7
1.2,1.7877172,0.80495936,0.12762769,0.54013705,7
1.2,2.0,1.0,0.30283847,0.47928503,7
1.2,1.505251,0.6472592,0.33868,0.5378843,7
1.2,1.8557941,0.85316044,0.24458376,0.4785684,7
1.2,1.7175782,0.70075506,0.28762245,0.49365485,7
1.2,2.0,0.9683683,0.05,0.50735307,7
1.2,1.812611,0.85376346,0.24189036,0.5498152,7
1.2,1.7260344,0.7901603,0.39562374,0.5821194,7
1.2,2.0,1.0,0.33693463,0.4606621,7
1.2,2.0,1.0,0.13327923,0.49655366,7
1.2,2.0,1.0,0.16839956,0.48123294,7
1.2,2.0,0.9471133,0.34460717,0.440502,7
1.2,2.0,1.0,0.4,0.5352008,7
1.2,1.7758652,0.7944385,0.24763978,0.52181935,7
1.2,2.0,0.98288584,0.21333241,0.45763522,7
1.2,2.0,0.8722607,0.3077549,0.47170502,7
1.2,2.0,0.98821855,0.4,0.46829987,7
1.2,2.0,1.0,0.11054347,0.46349323,7
1.2,2.0,1.0,0.16469209,0.47286412,7
1.2,2.0,1.0,0.36205953,0.44192892,7
1.2,2.0,1.0,0.22848514,0.4345742,7
1.2,2.0,0.8519402,0.061388183,0.5073915,7
1.2,2.0,0.9513221,0.35665464,0.5406859,7
1.2,1.4571246,0.70819795,0.30154914,0.54184246,7
1.2,1.9691572,0.85820377,0.11267886,0.4503109,7
1.2,2.0,1.0,0.2775878,0.57541794,7
1.2,2.0,1.0,0.19620024,0.5044266,7
1.2,2.0,0.9781981,0.08008598,0.47631592,7
1.2,2.0,0.9976495,0.19925815,0.52175164,7
1.2,2.0,1.0,0.2537656,0.5744612,7
1.2,2.0,0.87889636,0.3146113,0.57758117,7
1.2,2.0,0.84819347,0.4,0.53399384,7
1.2,1.4072014,0.6017256,0.28486952,0.58008915,7
1.2,2.0,0.91260535,0.09500768,0.5547316,7
1.2,2.0,1.0,0.25158107,0.5298068,7
1.2,1.9770733,0.8551102,0.15864404,0.53520286,7
1.2,1.6288778,0.7390249,0.26079968,0.49903733,7
1.2,2.0,0.99681664,0.2818156,0.56971014,7
1.2,1.8589331,0.8677542,0.13271144,0.52107173,7
1.2,2.0,0.9829053,0.30864015,0.49763143,7
1.2,1.7550093,0.750387,0.37499434,0.5114507,7
1.2,1.9477289,0.7768939,0.09106492,0.5187316,7
1.2,1.942968,0.8372346,0.26262188,0.50735545,7
1.2,1.7287774,0.72204673,0.18379617,0.53421855,7
1.2,1.5614061,0.6563244,0.30726475,0.48151216,7
1.2,1.8815458,0.8020786,0.09963893,0.54494303,7
1.2,2.0,0.97147936,0.33582625,0.5861603,7
1.2,1.4592011,0.67749494,0.20544015,0.50563014,7
1.2,1.9464039,0.8246253,0.10993288,0.47457322,7
1.2,1.6745182,0.73114556,0.21050814,0.48770285,7
1.2,1.5062071,0.67866445,0.2686313,0.57647985,7
1.2,2.0,0.9213545,0.4,0.46142125,7
1.2,2.0,1.0,0.32845536,0.529673,7
1.2,1.8835429,0.8626466,0.16276088,0.5310845,7
1.2,2.0,0.8734342,0.23867212,0.45335758,7
1.2,1.9386436,0.8325051,0.24898003,0.504433,7
1.2,1.5590397,0.6505594,0.36212665,0.5601627,7
1.2,2.0,1.0,0.2216275,0.49146593,7
1.2,2.0,1.0,0.18511622,0.5172194,7
1.2,1.8486329,0.8944837,0.18633996,0.49462816,7
1.2,2.0,1.0,0.4,0.44130757,7
1.2,2.0,0.89045095,0.05,0.64077383,7
1.2,1.7325062,0.75670004,0.28250596,0.50547254,7
1.2,1.7727019,0.7494356,0.14550573,0.5436907,7
1.2,2.0,1.0,0.05,0.44616395,7
1.2,1.4508754,0.65938807,0.24719259,0.4741556,7
1.2,2.0,0.921864,0.33464134,0.5145534,7
1.2,1.7422127,0.73618525,0.15275294,0.48489213,7
1.2,2.0,1.0,0.4,0.4769831,7
1.2,1.9429502,0.8447084,0.10094417,0.4964988,7
1.2,2.0,1.0,0.15876979,0.54931957,7
1.2,2.0,0.86687887,0.19641094,0.5674135,7
1.2,2.0,0.93476224,0.05,0.47007015,7
1.2,1.7448796,0.76477486,0.26715055,0.5347821,7
1.2,2.0,0.8838218,0.36960864,0.4472468,7
1.2,2.0,0.92132705,0.38452455,0.52318287,7
1.2,1.9201742,0.8469279,0.4,0.48487318,7
1.2,2.0,1.0,0.09738336,0.533405,7
1.2,1.7142478,0.74187946,0.37288618,0.44037414,7
1.2,2.0,1.0,0.22316886,0.5443612,7
1.2,2.0,0.921365,0.19076324,0.585839,7
1.2,2.0,0.91413355,0.4,0.46979523,7
1.2,2.0,1.0,0.16472462,0.45130116,7
1.2,2.0,0.92254174,0.28813714,0.5099687,7
1.2,2.0,0.9468302,0.19855337,0.53218937,7
1.2,1.5557048,0.7154178,0.05,0.51862884,7
1.2,2.0,0.8641537,0.22813623,0.5100405,7
1.2,1.8985147,0.8504151,0.28433934,0.590474,7
1.2,2.0,1.0,0.12101824,0.5195407,7
1.2,1.9838645,0.84245324,0.05,0.51250887,7
1.2,2.0,1.0,0.25848466,0.5350976,7
1.2,1.9058601,0.8505249,0.2327386,0.49476212,7
1.2,1.2222067,0.58240485,0.12842403,0.534999,7
1.2,2.0,0.8842339,0.05,0.56103206,7
1.2,1.485085,0.6626788,0.20101859,0.5463268,7
1.2,1.8533807,0.7997332,0.22130027,0.5724383,7
1.2,1.5259585,0.67701,0.27368408,0.5325119,7
1.2,1.7023255,0.7364403,0.08175474,0.6019589,7
1.2,1.9396622,0.77867776,0.26051527,0.49699965,7
1.2,1.7415075,0.73638153,0.20300475,0.5488894,7
1.2,1.4699173,0.60577494,0.08119545,0.49902233,7
1.2,1.9163607,0.8436984,0.4,0.5835176,7
1.2,2.0,0.93380183,0.27957,0.5122332,7
1.2,2.0,0.85269415,0.4,0.4709604,7
1.2,2.0,1.0,0.16127257,0.552198,7
1.2,1.7150155,0.7824167,0.27507514,0.48753494,7
1.2,2.0,1.0,0.17079912,0.5057418,7
1.2,2.0,1.0,0.3017046,0.56246674,7
1.2,1.9254688,0.80614763,0.2721505,0.5497312,7
1.2,2.0,0.959536,0.4,0.47745284,7
1.2,2.0,1.0,0.1694648,0.5307145,7
1.2,1.7007979,0.7902585,0.21299283,0.53217477,7
1.2,1.9285954,0.8076231,0.4,0.5450726,7
1.2,2.0,1.0,0.4,0.48560753,7
1.2,2.0,0.9005816,0.2093948,0.48784804,7
1.2,1.8560777,0.8178409,0.05,0.570522,7
1.2,1.9467546,0.83277285,0.18751855,0.5178979,7
1.2,1.8315105,0.85200685,0.24431401,0.52080756,7
1.2,1.5733145,0.724109,0.055636067,0.46981373,7
1.2,2.0,0.8682683,0.4,0.52669024,7
1.2,1.8631098,0.769997,0.27817178,0.57130647,7
1.2,2.0,1.0,0.24603274,0.5052456,7
1.2,1.6990799,0.73736644,0.12949987,0.49516007,7
1.2,1.4930147,0.65885735,0.4,0.49223638,7
1.2,1.8285925,0.82383925,0.19368276,0.47667938,7
1.2,2.0,0.91198254,0.13473801,0.60108984,7
1.2,2.0,0.8839891,0.05,0.53558046,7
1.2,1.9884661,0.8288023,0.20965868,0.50333303,7
1.2,1.8633263,0.80167663,0.22690016,0.5022219,7
1.2,2.0,1.0,0.11276757,0.56336564,7
1.2,1.5819538,0.68924475,0.36885208,0.52497256,7
1.2,2.0,0.8285661,0.17279293,0.5695119,7
1.2,1.6186178,0.71881586,0.25958356,0.51918024,7
1.2,1.4650394,0.6462799,0.17735444,0.48822662,7
1.2,1.6058838,0.73541874,0.29131594,0.5269173,7
1.2,2.0,1.0,0.27166194,0.5337434,7
1.2,1.8244717,0.81378096,0.20069928,0.48264414,7
1.2,1.1068511,0.50204456,0.26327193,0.4941317,7
1.2,2.0,0.9547581,0.07866789,0.55153686,7
1.2,2.0,1.0,0.13804822,0.44422263,7
1.2,2.0,1.0,0.124961995,0.52864426,7
1.2,2.0,1.0,0.28839663,0.5844333,7
1.2,1.7532232,0.7410703,0.19574949,0.53855145,7
1.2,2.0,0.9970997,0.05,0.50766,7
1.2,2.0,0.91023827,0.4,0.5125208,7
1.2,2.0,1.0,0.32785344,0.48178408,7
1.2,2.0,1.0,0.1725095,0.4195159,7
1.2,2.0,0.9659358,0.18950589,0.5563597,7
1.2,1.7911975,0.8015532,0.05,0.5309322,7
1.2,2.0,0.99210525,0.19621529,0.42914987,7
1.2,2.0,1.0,0.2635236,0.5317898,7
1.2,2.0,1.0,0.4,0.52100706,7
1.2,2.0,0.8413401,0.2898828,0.5175194,7
1.2,0.93743813,0.46392968,0.14976823,0.55111074,7
1.2,1.9488217,0.8482572,0.26270902,0.5130197,7
1.2,1.5492699,0.75062263,0.4,0.49243936,7
1.2,1.8135152,0.82920533,0.4,0.6014772,7
1.2,2.0,0.896443,0.23238192,0.53117985,7
1.2,2.0,0.91415226,0.4,0.5173628,7
1.2,2.0,0.88783586,0.29831287,0.5235526,7
1.2,1.801613,0.8436134,0.05,0.4827884,7
1.2,2.0,0.9527892,0.17967723,0.48327985,7
1.2,1.9129894,0.82995427,0.19909969,0.5269587,7
1.2,2.0,1.0,0.21327333,0.44505143,7
1.2,1.975223,0.9256109,0.05,0.5426928,7
1.2,1.4553022,0.6820754,0.4,0.57414865,7
1.2,2.0,1.0,0.25319868,0.5019348,7
1.2,1.8856955,0.81163424,0.23352282,0.58932275,7
1.2,1.9180635,0.8357992,0.24236664,0.48681706,7
1.2,1.6074317,0.6559497,0.17117903,0.49116606,7
1.2,2.0,1.0,0.19507779,0.5658383,7
1.2,2.0,1.0,0.15929699,0.52893764,7
1.2,2.0,1.0,0.4,0.5414419,7
1.2,1.9534943,0.7883156,0.36591008,0.5100584,7
1.2,1.8809881,0.85887873,0.3544698,0.5006139,7
1.2,2.0,0.8470616,0.36160135,0.54775864,7
1.2,2.0,1.0,0.3286618,0.52737176,7
1.2,1.8001217,0.7583281,0.21983075,0.45394075,7
1.2,2.0,1.0,0.12067172,0.49398708,7
1.2,2.0,1.0,0.24377269,0.5143747,7
1.2,1.9295907,0.9044986,0.20653307,0.4670571,7
1.2,2.0,1.0,0.16405052,0.5434651,7
1.2,2.0,0.96208996,0.29460323,0.4763452,7
1.2,1.9093604,0.8401343,0.21075642,0.5294148,7
1.2,2.0,0.86889833,0.15967569,0.4142069,7
1.2,2.0,1.0,0.22706696,0.5413894,7
1.2,2.0,0.91450775,0.4,0.54842913,7
1.2,2.0,0.94552004,0.23792848,0.4336362,7
1.2,1.8146015,0.7988666,0.12939832,0.5177071,7
1.2,2.0,0.8753695,0.3993309,0.49636036,7
1.2,1.1415391,0.57472885,0.1888768,0.47167313,7
1.2,1.937826,0.8220492,0.33062622,0.532572,7
1.2,2.0,0.9546236,0.4,0.6123898,7
1.2,2.0,1.0,0.37516826,0.54605806,7
1.2,1.6137012,0.6948888,0.29161486,0.57147336,7
1.2,2.0,0.989091,0.2507321,0.5378509,7
1.2,1.8269676,0.8243605,0.39900953,0.48146152,7
1.2,1.8917109,0.7973108,0.2857383,0.55350363,7
1.2,2.0,0.888161,0.29010007,0.5316659,7
1.2,2.0,0.97081894,0.23533851,0.44086987,7
1.2,2.0,0.88801545,0.4,0.5527857,7
1.2,1.5329351,0.6567126,0.23743221,0.60752994,7
1.2,1.9033852,0.84057164,0.16613038,0.60391587,7
1.2,1.911567,0.86581475,0.32038185,0.5176998,7
1.2,2.0,1.0,0.26929617,0.48385563,7
1.2,2.0,0.9515197,0.065155216,0.48958036,7
1.2,1.8621494,0.796999,0.3085705,0.5064407,7
1.2,2.0,1.0,0.32736847,0.511156,7
1.2,2.0,0.9618775,0.29740366,0.60111004,7
1.2,1.7726147,0.8287528,0.30923247,0.47601408,7
1.2,2.0,0.9974213,0.24345969,0.49670258,7
1.2,2.0,1.0,0.30310532,0.5409263,7
1.2,2.0,0.8797215,0.3334995,0.6083925,7
1.2,2.0,0.8063248,0.32666737,0.5311386,7
1.2,1.8604022,0.82896745,0.3293548,0.47918326,7
1.2,1.544743,0.66518056,0.31318587,0.4879654,7
1.2,2.0,1.0,0.22608884,0.38135868,7
1.2,1.8749287,0.87160206,0.18989284,0.47500005,7
1.2,2.0,0.9888751,0.25133526,0.56315374,7
1.2,2.0,0.88726926,0.2358393,0.49942607,7
1.2,1.8640815,0.7701495,0.20477526,0.4991876,7
1.2,2.0,0.96770453,0.16909818,0.51220673,7
1.2,2.0,0.8990192,0.23401739,0.5206584,7
1.2,1.1125995,0.5193002,0.13074185,0.45259738,7
1.2,2.0,1.0,0.388069,0.5332124,7
1.2,2.0,0.89348954,0.16855171,0.5047764,7
1.2,2.0,1.0,0.20616306,0.50143427,7
1.2,1.8314877,0.733135,0.30648962,0.47222292,7
1.2,1.5095994,0.71521384,0.10307221,0.5251164,7
1.2,1.9295568,0.7850473,0.34074277,0.55416876,7
1.2,1.9287826,0.81117237,0.12591803,0.4926814,7
1.2,1.8857844,0.8361112,0.4,0.47911227,7
1.2,2.0,0.8764744,0.10144529,0.5046544,7
1.2,2.0,0.92945135,0.07724339,0.46877572,7
1.2,2.0,0.96527594,0.064179815,0.5675173,7
1.2,1.5677005,0.6371942,0.17022578,0.48889622,7
1.2,1.5778359,0.7632519,0.26382738,0.50789726,7
1.2,2.0,0.9482238,0.23442452,0.54580724,7
1.2,2.0,0.95902216,0.21654722,0.53657246,7
1.2,2.0,0.9810691,0.4,0.5495552,7
1.2,1.4008371,0.64758646,0.33245006,0.48991516,7
1.2,1.4248956,0.66417974,0.37579575,0.5070283,7
1.2,2.0,1.0,0.13131817,0.58437926,7
1.2,1.9892368,0.944404,0.1730994,0.5175599,7
1.2,2.0,1.0,0.16896978,0.4663311,7
1.2,1.5024214,0.64636457,0.17802985,0.47462797,7
1.2,2.0,1.0,0.21648541,0.5362367,7
1.2,1.8695503,0.7752552,0.24726029,0.51531065,7
1.2,1.730547,0.66901225,0.05,0.5617184,7
1.2,1.6773437,0.72099686,0.4,0.528685,7
1.2,2.0,0.9548198,0.23943923,0.5160202,7
1.2,2.0,0.93652135,0.13482685,0.46690905,7
1.2,1.8049898,0.83001715,0.24941422,0.5222732,7
1.2,2.0,1.0,0.3467667,0.48614937,7
1.2,1.7673649,0.76919967,0.19439587,0.42382732,7
1.2,1.7453388,0.7744404,0.21902966,0.53826445,7
1.2,1.9797816,0.8332739,0.4,0.53192496,7
1.2,1.7729805,0.7751935,0.18798411,0.47200835,7
1.2,1.6332775,0.6849392,0.08578449,0.49146768,7
1.2,2.0,0.97986436,0.123277806,0.4865768,7
1.2,2.0,0.83491975,0.33593675,0.4639147,7
1.2,2.0,0.86111945,0.35437173,0.51111025,7
1.2,2.0,1.0,0.306301,0.52451336,7
1.2,2.0,0.87118536,0.39078265,0.51531595,7
1.2,1.9647384,0.87289417,0.06975084,0.5119242,7
1.2,2.0,0.8999308,0.14835308,0.4587054,7
1.2,2.0,0.93157595,0.099706985,0.5698625,7
1.2,2.0,1.0,0.15693784,0.5030743,7
1.2,1.9084984,0.7973668,0.054550197,0.5110602,7
1.2,2.0,1.0,0.07963529,0.5048623,7
1.2,2.0,1.0,0.36604595,0.50138825,7
1.2,1.8677287,0.79601175,0.4,0.5494178,7
1.2,1.7046585,0.7999827,0.26354164,0.56655234,7
1.2,1.8633854,0.8275796,0.35334328,0.44836447,7
1.2,1.6856219,0.74322665,0.37771845,0.4251862,7
1.2,2.0,1.0,0.29183564,0.54252565,7
1.2,2.0,1.0,0.19748388,0.4396357,7
1.2,2.0,0.9243374,0.3433883,0.50622654,7
1.2,1.9378713,0.8113401,0.24487124,0.46998408,7
1.2,1.3411343,0.6152575,0.3899326,0.48357114,7
1.2,2.0,1.0,0.29317823,0.4993221,7
1.2,1.6495094,0.7661816,0.4,0.5034042,7
1.2,2.0,1.0,0.09606226,0.5380612,7
1.2,1.6107574,0.72753435,0.3129364,0.45513132,7
1.2,1.9936607,0.88190454,0.05,0.48355392,7
1.2,2.0,0.9094669,0.27889624,0.4768028,7
1.2,1.8618137,0.8122548,0.3568216,0.4801865,7
1.2,1.7121084,0.75460935,0.15138754,0.47862136,7
1.2,2.0,0.97693515,0.22064593,0.5116747,7
1.2,2.0,1.0,0.37415183,0.52161944,7
1.2,1.8092598,0.7842688,0.33524287,0.5461272,7
1.2,2.0,1.0,0.05,0.5138137,7
1.2,1.9640758,0.92025226,0.2232132,0.43490258,7
1.2,1.7268455,0.7973191,0.4,0.4597457,7
1.2,2.0,0.8782253,0.3963653,0.48429778,7
1.2,2.0,0.9555613,0.32087922,0.55555475,7
1.2,2.0,1.0,0.3601281,0.56459856,7
1.2,1.5682153,0.7017055,0.3709614,0.5277951,7
1.2,1.7642384,0.7357159,0.21074612,0.559062,7
1.2,1.5506694,0.6835958,0.27839953,0.5572622,7
1.2,2.0,0.86174434,0.37937978,0.5807813,7
1.2,1.5781848,0.65222925,0.1811444,0.5100528,7
1.2,1.9357057,0.78187376,0.20330608,0.520985,7
1.2,1.9330919,0.8044793,0.3183404,0.5737022,7
1.2,1.7852501,0.77371985,0.4,0.5172983,7
1.2,2.0,0.8679192,0.4,0.53340715,7
0.7675817,0.29464376,0.6122118,0.4,0.5304906,8
0.54093426,0.1,0.69581854,0.24963073,0.45844528,8
0.6350439,0.2576644,0.46692201,0.4,0.4858835,8
0.9786463,0.91435426,1.0,0.07200864,0.50102556,8
0.7989541,0.5061951,0.9579102,0.16683702,0.4400571,8
0.6173213,0.21699926,0.851124,0.37987557,0.5061234,8
0.42450824,0.2578193,0.8287998,0.4,0.51557064,8
0.4824489,0.17109734,0.9055256,0.05,0.4142776,8
0.38541704,0.14634201,0.84372485,0.2651329,0.5683694,8
0.6558437,0.26015884,0.7914269,0.24401948,0.5209437,8
0.93468124,0.5447982,0.7349003,0.2856495,0.44908813,8
1.0210057,0.61679333,0.7540088,0.32587218,0.4524353,8
1.0689105,0.5961274,0.6516678,0.23469561,0.57312125,8
0.78392845,0.39478922,0.73706067,0.14505082,0.5408418,8
0.92378837,0.43936875,0.6116968,0.05,0.4472437,8
0.4568202,0.1,0.52795964,0.12501118,0.52228516,8
0.95941734,0.30874762,0.51133424,0.31181675,0.44182536,8
0.5984449,0.21589644,0.90581083,0.2643552,0.56347656,8
0.3086549,0.11546502,0.8498315,0.11378416,0.5124955,8
0.63863313,0.22169097,0.5228676,0.4,0.49283636,8
0.31661063,0.1,0.8300814,0.4,0.45145938,8
0.8351754,0.5323562,0.75436264,0.07963104,0.45694324,8
0.58152956,0.2829862,0.82282174,0.30890492,0.528747,8
0.45265,0.14443715,0.8537889,0.05,0.5225272,8
1.2,0.96100885,0.77713835,0.32273486,0.50748897,8
0.6421747,0.28971523,0.7700216,0.3734844,0.4406195,8
0.8068543,0.19210391,0.32778418,0.31324497,0.56057274,8
0.8366068,0.5234221,0.9337397,0.05,0.48034266,8
1.0353439,0.97280705,1.0,0.29094243,0.5557964,8
0.83753353,0.39996514,0.6483585,0.2283397,0.48581323,8
0.5161442,0.1,0.5335402,0.05,0.48558414,8
0.7742489,0.42408523,0.781328,0.22132252,0.47182298,8
0.923549,0.6552951,1.0,0.21829908,0.48128012,8
0.8682581,0.23239698,0.4841466,0.13194345,0.5383288,8
0.6020071,0.28272763,0.8235842,0.19520755,0.56654364,8
0.50037104,0.11077436,1.0,0.36420774,0.48470518,8
0.9265701,0.4686558,0.7598632,0.05,0.46957177,8
0.4975181,0.19741896,0.87998396,0.19038753,0.45597705,8
0.3,0.1,0.43422285,0.3394002,0.5363258,8
0.57479995,0.17122938,0.64801645,0.21548511,0.5473995,8
0.3,0.1,0.8065189,0.110878445,0.4872015,8
0.7575331,0.3844976,0.92219055,0.35810933,0.51794046,8
0.87825614,0.62604266,0.8316198,0.053062793,0.4821282,8
0.5923262,0.36935073,1.0,0.16103545,0.5119886,8
0.7020986,0.4753817,0.9314773,0.29099783,0.5244412,8
0.85787797,0.3853451,0.690793,0.35140482,0.5493964,8
0.52391034,0.23747623,0.90342015,0.25548032,0.48804292,8
0.6740521,0.2783792,0.6484664,0.28024715,0.5145564,8
0.768939,0.31240776,0.7921214,0.09663485,0.56027406,8
0.6166441,0.29313567,0.7366373,0.08461668,0.5328187,8
0.9095533,0.49386907,0.7349801,0.08379999,0.45650324,8
0.9268226,0.42032778,0.60337836,0.4,0.49480364,8
0.81861395,0.4195137,0.85743415,0.32449365,0.47542325,8
0.6390184,0.37550333,1.0,0.28533608,0.48773742,8
0.6356036,0.1497863,0.6898758,0.1487996,0.45418763,8
0.845809,0.5214057,0.8434475,0.21992,0.5234312,8
0.7749842,0.38403878,0.75135463,0.38722685,0.45788383,8
0.99878734,0.51573265,0.5889638,0.05,0.5153309,8
0.40469137,0.1,0.70955735,0.13275212,0.46239078,8
0.4433314,0.1,0.82961965,0.3257388,0.47820896,8
0.39522547,0.1,0.610675,0.3071891,0.5161028,8
1.1791794,1.0723196,0.95073795,0.4,0.5509379,8
1.0706944,0.42535806,0.5067267,0.05,0.5499085,8
0.5495801,0.23664081,0.6534325,0.05,0.5411302,8
0.3475062,0.1,0.9549224,0.19620658,0.4595403,8
0.7558717,0.4824293,1.0,0.130364,0.40805194,8
0.83274627,0.42186257,0.70999604,0.387986,0.49359468,8
0.57194877,0.23636596,0.8391926,0.272591,0.50389904,8
0.5860355,0.34275308,1.0,0.09701491,0.46108112,8
0.51255,0.20910259,0.750898,0.4,0.5320024,8
0.94231844,0.52442366,0.8108651,0.23749204,0.4870409,8
0.8678762,0.45587942,0.7396566,0.4,0.5219349,8
0.8635248,0.46383643,0.7411064,0.35686815,0.4810553,8
0.8843719,0.48790208,0.80808705,0.19215623,0.46254897,8
0.66482055,0.36973226,1.0,0.22006999,0.48450947,8
0.960894,0.59607404,0.76247495,0.17526029,0.55835754,8
0.71258444,0.36845237,0.8866167,0.05,0.5411081,8
0.6103412,0.17683247,0.55915475,0.11171324,0.44667137,8
0.34100068,0.1,0.55529195,0.11760443,0.53910494,8
0.5106853,0.18081346,0.65825117,0.22813979,0.496641,8
0.8755295,0.4203781,0.80534625,0.18637685,0.48607785,8
0.77247924,0.36401743,0.7693984,0.36414185,0.5080218,8
0.6340574,0.35713616,0.89628774,0.119000934,0.4122951,8
0.8978826,0.24467719,0.3833158,0.05,0.53064394,8
0.6486558,0.33591864,1.0,0.24781038,0.5175878,8
0.75613594,0.5027975,0.83769506,0.21762392,0.5062076,8
0.36410847,0.1,0.70338756,0.29551238,0.47072804,8
0.91375816,0.5231849,0.7605526,0.23367645,0.51663417,8
0.82798076,0.42428315,0.94075084,0.06009592,0.5601212,8
0.6706219,0.11826816,0.49624252,0.14806613,0.5165215,8
0.5045673,0.13830465,0.67650855,0.054848228,0.49859014,8
0.8219931,0.4351013,0.8966131,0.13314442,0.486509,8
0.7771987,0.26767156,0.5101134,0.4,0.5129145,8
0.83808815,0.38700834,0.6038719,0.17961755,0.50535315,8
0.38925445,0.1,0.49476394,0.4,0.47006685,8
0.6671842,0.36201942,0.87192166,0.26688433,0.456255,8
0.3492454,0.1,1.0,0.28253075,0.49244088,8
0.6892425,0.29115897,0.8998298,0.25490353,0.49515623,8
0.69638604,0.19744669,0.6127583,0.39400992,0.45796752,8
0.98667234,0.4486041,0.6511982,0.3626511,0.4439304,8
0.3,0.1,0.3825884,0.37533042,0.57627535,8
0.6175267,0.3326911,0.8747833,0.21864153,0.4721539,8
0.8246113,0.25081035,0.45680597,0.4,0.52638686,8
0.7928875,0.3374761,0.6390838,0.4,0.49626368,8
0.5627967,0.2188797,0.9324699,0.20619562,0.5242441,8
0.79670966,0.36788356,0.7629664,0.09258392,0.49138382,8
0.6497028,0.41745773,1.0,0.05,0.5015697,8
0.33413142,0.1,0.6382324,0.4,0.4335255,8
0.9860342,0.5354227,0.7207681,0.29955935,0.49028093,8
0.60793513,0.2766638,1.0,0.0675799,0.53245527,8
0.3,0.1,0.70725274,0.17839684,0.4586887,8
0.5312704,0.19726114,0.7965887,0.10965442,0.49573943,8
0.8414283,0.29198036,0.5625259,0.4,0.48852617,8
0.5845898,0.21232149,0.8389063,0.07483039,0.5339536,8
0.65194637,0.14111744,0.5753359,0.33204374,0.45060322,8
0.44067442,0.16586353,1.0,0.31612447,0.5415534,8
0.45103532,0.13975444,0.5766956,0.1547266,0.49085045,8
0.6280273,0.22922179,1.0,0.32254568,0.5356199,8
0.5250257,0.18825953,0.61312526,0.07423346,0.48170522,8
0.74807686,0.27460307,0.7315997,0.30425736,0.5328327,8
0.3,0.108234,0.9194526,0.36313665,0.4799405,8
0.542234,0.16903897,0.8175159,0.1849524,0.46998805,8
0.70341885,0.23842733,0.7479092,0.39590383,0.4484556,8
0.3,0.1,0.8812454,0.32439214,0.49628016,8
0.6623386,0.40417263,1.0,0.2526683,0.52166826,8
0.5189604,0.19040507,0.67857045,0.083301984,0.47185683,8
0.3,0.1,0.5479117,0.08772515,0.47010863,8
0.55707026,0.19237305,0.67249006,0.17481068,0.45207682,8
0.8718783,0.32826662,0.56279427,0.4,0.52410275,8
0.36400566,0.1,0.7527114,0.08085689,0.4725478,8
0.44960833,0.20729859,0.97277445,0.16323178,0.47470087,8
0.8548916,0.6909622,1.0,0.25563765,0.45226675,8
0.3650785,0.10793913,0.642113,0.19732212,0.5173155,8
0.545716,0.3844509,1.0,0.2091744,0.5441229,8
0.5138861,0.16499619,0.9570159,0.15855908,0.5024192,8
0.98181957,0.71290344,0.89406174,0.31766483,0.50512075,8
0.41585094,0.11407655,0.80934554,0.13226596,0.49163255,8
0.69099814,0.25111836,0.57734203,0.3259414,0.5322459,8
0.64701825,0.1,0.56119996,0.1185815,0.56817204,8
0.7130004,0.299677,0.6579609,0.14687812,0.53329647,8
0.8018142,0.26267383,0.40313506,0.19065945,0.46789527,8
0.3,0.1,0.66379315,0.4,0.47195306,8
1.0210607,0.6695674,0.68377477,0.37028125,0.4443801,8
0.69244176,0.23503266,0.8489513,0.12865844,0.4410692,8
0.5294248,0.2868127,1.0,0.13810566,0.50992954,8
0.5241255,0.2046532,0.74628913,0.29475766,0.44679937,8
0.5252432,0.16019441,0.7066068,0.27922037,0.49472123,8
0.71655583,0.28960693,0.8158725,0.16117987,0.54191524,8
0.3,0.1,0.72418386,0.05,0.49447787,8
0.6253211,0.38971302,1.0,0.15928786,0.49601844,8
0.5762006,0.19329561,0.6277877,0.35572183,0.5903703,8
0.3,0.1,0.90399325,0.05,0.5392581,8
0.7412895,0.44038182,1.0,0.05,0.38967457,8
0.70535547,0.3197387,0.7453757,0.061486818,0.4999023,8
0.6554172,0.21419741,0.5862066,0.4,0.508594,8
0.4879646,0.17424008,0.8419943,0.28030366,0.5401654,8
0.7914146,0.3512779,0.63057774,0.14140883,0.50356996,8
0.9332299,0.8429956,1.0,0.09340673,0.5067904,8
0.45136002,0.14609185,0.69125164,0.4,0.46389318,8
0.6873802,0.3288784,0.79370457,0.06571401,0.40451494,8
0.81146836,0.4602384,0.92485887,0.29134336,0.49455297,8
0.635678,0.19139414,0.64207727,0.35562146,0.500701,8
0.55587125,0.28694284,0.68465203,0.4,0.50784624,8
0.9305982,0.6173674,0.9176386,0.25642636,0.50257784,8
0.6247089,0.28196838,0.9509494,0.05,0.49270916,8
0.9094866,0.33882475,0.55209774,0.05,0.46213484,8
0.70136607,0.27216733,0.7076885,0.3305576,0.49397486,8
0.6595058,0.32390594,0.71973234,0.20457476,0.51417893,8
0.51394457,0.18799454,0.84300154,0.258134,0.5466706,8
0.4379898,0.17481476,0.93771225,0.122824945,0.5127198,8
0.59470606,0.19180883,0.57888526,0.19138633,0.490946,8
0.63418555,0.25510636,0.8777077,0.05,0.4632273,8
0.8436693,0.563789,0.9516794,0.09065658,0.55935484,8
0.8493467,0.4221115,0.80630565,0.05,0.43936372,8
0.60487294,0.2614786,1.0,0.24779713,0.48724416,8
0.5030706,0.18764122,0.9955396,0.16697614,0.47377953,8
0.54144275,0.1763174,0.83902323,0.4,0.515793,8
0.56907946,0.1,0.5258741,0.24449444,0.54857165,8
1.0253085,0.535034,0.63897425,0.14874059,0.56853753,8
0.64043593,0.303928,0.8976065,0.05,0.46707296,8
0.32379746,0.10864229,0.7092794,0.05,0.44514105,8
0.32486105,0.14761096,0.7861026,0.15558772,0.48119447,8
0.7612604,0.2764716,0.50941783,0.27499914,0.5433488,8
0.72706246,0.46214607,1.0,0.23945162,0.53021115,8
0.8103805,0.392649,0.98403037,0.05,0.5142872,8
0.59862244,0.3421969,0.8057718,0.07401166,0.51939356,8
0.84286827,0.54820454,0.7865824,0.26113212,0.48658243,8
0.5361563,0.23522432,0.6922765,0.15873532,0.42535743,8
0.42564422,0.10515292,0.84679526,0.4,0.46940777,8
0.81035435,0.5218352,0.83520716,0.19857408,0.46736526,8
0.73399395,0.2330667,0.6703341,0.4,0.49398428,8
0.3841573,0.1,0.7056876,0.2151015,0.52590925,8
0.9292714,0.5192974,0.75774044,0.07313065,0.49100137,8
0.3243512,0.1,0.66544044,0.3205499,0.5523597,8
0.5495912,0.1878735,0.8283442,0.31792837,0.4676824,8
0.36231542,0.110413715,0.8614285,0.2658683,0.47912383,8
0.3,0.1,0.54109114,0.05,0.5342273,8
0.40036988,0.1,0.671523,0.05,0.48507324,8
0.48691905,0.13754426,0.91966236,0.33944708,0.5221747,8
0.84468776,0.59779644,1.0,0.1439474,0.594038,8
0.7651649,0.28723836,0.68444216,0.14524193,0.44477472,8
0.3,0.1,0.86437917,0.4,0.48391476,8
0.6141764,0.42987546,1.0,0.098223455,0.5150322,8
0.41263092,0.109292865,0.99301016,0.18138057,0.53290945,8
0.531103,0.25890622,0.9961849,0.4,0.5261464,8
0.85796744,0.49587286,0.7932444,0.28340125,0.5153848,8
0.89654523,0.49876058,0.7281213,0.26131266,0.47534734,8
0.8665922,0.4366316,0.6868952,0.4,0.5223552,8
1.0729992,0.7573102,0.756461,0.4,0.53968817,8
0.3,0.1,0.9061593,0.29002064,0.55116767,8
0.8015872,0.16204858,0.43816715,0.4,0.568448,8
0.683716,0.46208197,1.0,0.15590043,0.50880533,8
0.7285089,0.50639933,0.9679579,0.22325045,0.50555897,8
0.5381789,0.180112,0.6761531,0.21819478,0.5292785,8
0.7287867,0.28545415,0.6500436,0.19424602,0.4892463,8
0.67558247,0.3074618,0.93202645,0.37911388,0.47748432,8
0.6546793,0.19794336,0.6334447,0.054634437,0.5390394,8
0.7114582,0.34862807,1.0,0.25094926,0.5102753,8
0.8274603,0.31130284,0.6120515,0.29249606,0.4664573,8
0.74537516,0.35364762,0.6951059,0.31436664,0.45582333,8
0.83913314,0.5278112,0.8151021,0.31916276,0.53541,8
0.3,0.1,0.93942356,0.32770193,0.48094726,8
0.6835683,0.2237626,0.70643663,0.18692288,0.46612537,8
0.5578566,0.17327547,0.628663,0.28604466,0.4745585,8
0.4506451,0.10187338,0.9140366,0.36831886,0.5086522,8
0.8165092,0.45698977,0.8813705,0.31927773,0.4604602,8
0.4484863,0.1,0.79073995,0.27142182,0.476765,8
0.40431228,0.10158278,0.85895807,0.26191446,0.49598104,8
0.4098654,0.18183836,0.9107024,0.17806953,0.4778723,8
0.8977041,0.80854726,1.0,0.13549481,0.5151771,8
0.64288497,0.212604,0.7181014,0.3558206,0.47753793,8
0.3198395,0.1,0.6974179,0.2980717,0.5173324,8
0.9565848,0.51978403,0.7200902,0.05148207,0.50677013,8
0.51962584,0.1,0.58470196,0.34340873,0.4374285,8
0.66310865,0.40811935,1.0,0.15164444,0.4923583,8
0.6949707,0.19718565,0.4360771,0.12737791,0.45751488,8
0.30375427,0.1,0.82353926,0.05,0.5833462,8
0.54608434,0.2205349,0.9164697,0.3021052,0.43591014,8
0.6677804,0.34306538,0.8847179,0.26475897,0.4503497,8
1.1521584,0.8315234,0.7736376,0.1598579,0.48774296,8
0.837471,0.4633658,0.8348038,0.16217293,0.43645117,8
0.32446477,0.1,0.86886555,0.2178384,0.52229,8
0.3,0.1,0.63490784,0.31467405,0.5227968,8
0.4568231,0.1725916,1.0,0.2139396,0.5292408,8
0.4512933,0.13784897,0.8165111,0.102935076,0.48903772,8
0.6993367,0.35814658,0.89469606,0.1560959,0.4388594,8
0.6570494,0.30417857,0.8809568,0.3230183,0.5344392,8
0.48785567,0.1,0.71105194,0.15481438,0.57612324,8
0.38578653,0.12428629,0.9338725,0.06008796,0.48096663,8
0.9417294,0.6119289,0.72193176,0.38562304,0.6089765,8
0.6431144,0.13934748,0.5320316,0.29490712,0.50023633,8
0.3,0.1,0.6213891,0.05,0.5202186,8
0.917362,0.5937134,0.7507935,0.24671485,0.49322796,8
0.9437007,0.5886063,0.95051575,0.3304116,0.54701424,8
0.779365,0.34033734,0.7083938,0.21304488,0.537894,8
0.75533336,0.45524246,0.935323,0.3521023,0.46768805,8
0.54739124,0.12322827,0.52876616,0.11538553,0.4311825,8
0.6856406,0.3779515,0.80991143,0.34357437,0.45964837,8
0.68532705,0.23534863,0.7632108,0.22519904,0.52120984,8
1.0124645,0.53354365,0.6943144,0.1364167,0.46705353,8
1.2,1.0789737,0.8563194,0.22070627,0.52986413,8
1.1265078,0.7557574,0.67418885,0.23925617,0.52832425,8
0.7071625,0.46271527,0.9638692,0.1671177,0.49696764,8
1.0232599,0.70267457,0.71902686,0.22565286,0.50915223,8
0.4557658,0.14862724,0.79939187,0.4,0.5333175,8
0.30273768,0.1,0.6479554,0.19356379,0.55649644,8
0.72946775,0.56672704,1.0,0.39452875,0.4623446,8
0.8179545,0.38621056,0.80497104,0.05,0.4655506,8
0.8364635,0.54607695,0.90749717,0.13664854,0.4862725,8
0.5144813,0.12640776,0.802973,0.20181909,0.555248,8
0.730217,0.3456253,1.0,0.26794553,0.51013434,8
0.79915726,0.43992946,0.85677534,0.05,0.5069984,8
0.3,0.1,1.0,0.05,0.47789532,8
1.2,1.1974922,0.91253704,0.05429532,0.53435767,8
0.83844846,0.49575904,0.6368609,0.2075512,0.56877,8
0.39069113,0.15922517,0.7831197,0.063988574,0.50425535,8
0.42425743,0.14790958,0.46854052,0.05,0.5028835,8
0.83086646,0.3402856,0.6375249,0.14114474,0.48833638,8
0.80377215,0.5556409,1.0,0.14341725,0.49137855,8
0.88163996,0.6411082,0.9157183,0.16507746,0.45173287,8
0.6852068,0.36555567,0.932682,0.25806686,0.5037614,8
0.3,0.1,0.81451726,0.15739453,0.4794541,8
0.69362926,0.2288688,0.60941684,0.11696378,0.503936,8
0.6806546,0.42936406,1.0,0.061770383,0.47469324,8
0.3958717,0.1,0.7584074,0.05,0.5155615,8
1.0973612,1.0057757,1.0,0.37893736,0.5125461,8
0.5108781,0.19239733,0.6570191,0.05,0.538857,8
0.81296384,0.2864241,0.56801164,0.17272997,0.5266925,8
0.3,0.1,0.76287174,0.19537954,0.46742997,8
0.9698891,0.5724318,0.72481316,0.05,0.45385376,8
0.58228,0.2890775,0.87593365,0.34361786,0.5046261,8
0.80090296,0.3982711,0.6767643,0.4,0.48775852,8
0.3,0.10807678,0.60178506,0.33905736,0.48034334,8
0.69452965,0.43382692,1.0,0.2771312,0.46980125,8
0.3,0.1,1.0,0.05,0.538856,8
0.30626342,0.1,0.7541923,0.29267406,0.5482698,8
0.7497049,0.30882773,0.7057863,0.05,0.48932892,8
0.5243762,0.15927152,0.7179071,0.4,0.56543213,8
0.72915983,0.27983648,0.82899815,0.05,0.41766647,8
0.48943073,0.19623367,0.70676106,0.16571829,0.5048686,8
0.934888,0.43433097,0.631588,0.21409835,0.50074315,8
0.80603814,0.37899396,0.79723155,0.05,0.56611776,8
0.5652374,0.1,0.61111957,0.11776002,0.48768365,8
0.64487475,0.19636698,0.80854964,0.14034651,0.46658382,8
0.3,0.11403829,0.9250657,0.4,0.52028483,8
0.5785904,0.24890435,0.90716064,0.054345798,0.5057428,8
0.33399853,0.13675882,0.9360026,0.4,0.47832036,8
0.72699666,0.17899211,0.610101,0.05,0.49142143,8
0.7626682,0.3181552,0.6811097,0.4,0.5010482,8
0.43118036,0.14330663,1.0,0.16113338,0.45167083,8
0.7476194,0.19157195,0.6273155,0.109122,0.50659776,8
0.7449887,0.4319224,0.7707026,0.05,0.51421016,8
0.6951365,0.30655357,0.88952976,0.05,0.50297576,8
0.6284899,0.1899064,0.5590073,0.08986074,0.48080775,8
0.7587415,0.42469272,0.82458156,0.19778706,0.4658723,8
0.8045075,0.43423653,0.92560333,0.28590775,0.43281645,8
1.0411456,0.6485195,0.6542517,0.4,0.532134,8
0.5959852,0.17024733,0.7061123,0.05,0.44054213,8
0.61183447,0.27747953,1.0,0.10442285,0.5413211,8
0.78404295,0.3954164,0.7338155,0.22722605,0.50601083,8
0.49283513,0.10711322,0.7337728,0.32395908,0.50051177,8
0.74215126,0.45053923,1.0,0.15973791,0.5083853,8
1.0827755,0.6833516,0.77375925,0.20705333,0.51366645,8
0.5082298,0.1,0.63336277,0.20574804,0.48854503,8
0.4410498,0.1,0.7395785,0.29037607,0.48900566,8
1.1714531,1.0318222,0.90751207,0.34023103,0.5635495,8
0.68467695,0.35480034,0.8825472,0.1380813,0.42896667,8
1.1415129,0.6705737,0.6884928,0.4,0.42624363,8
0.3,0.1,0.97570723,0.39122352,0.55705565,8
0.49817908,0.23060933,1.0,0.12145804,0.50301445,8
0.47982353,0.19043055,0.8737683,0.19253635,0.5030871,8
0.43408504,0.1,0.6995759,0.24829738,0.4607446,8
0.645012,0.3227479,0.94889367,0.4,0.44334543,8
0.44826084,0.1,0.5586733,0.4,0.47173494,8
0.6592819,0.22248927,0.6611279,0.3915182,0.55823445,8
0.7664322,0.26588392,0.65349174,0.10535155,0.50018257,8
0.86162114,0.1383911,0.2461935,0.2310044,0.52105355,8
0.59405416,0.12905583,0.5591842,0.3511214,0.5082879,8
0.7706343,0.58627963,1.0,0.1298242,0.4819462,8
0.3,0.13231568,1.0,0.09156327,0.5633783,8
0.3888614,0.16927356,0.87798023,0.05,0.47991484,8
0.7933753,0.48926246,0.9112059,0.05,0.46045434,8
0.7596154,0.42235488,0.9390685,0.32813174,0.45457664,8
0.5031092,0.20890775,0.92595345,0.090220705,0.50266916,8
0.68235147,0.34669945,0.850405,0.21777044,0.42557693,8
0.8040058,0.41463217,0.7787045,0.05,0.45335883,8
0.67849976,0.22740532,0.8283239,0.4,0.5259274,8
0.78003114,0.4591215,0.75530356,0.26233694,0.54285556,8
0.79728526,0.4687867,1.0,0.15203694,0.5575225,8
0.8640689,0.37174115,0.634756,0.18133584,0.51538455,8
0.65670323,0.20903407,0.84042203,0.05,0.53701407,8
0.81845105,0.43294042,0.7675717,0.13445841,0.44696203,8
0.51828754,0.16719165,0.60279316,0.07025167,0.5072684,8
0.85053384,0.4659628,0.8004463,0.29331598,0.48764688,8
0.74124676,0.373151,0.8305521,0.20267354,0.5075563,8
0.3,0.11917495,0.8720198,0.4,0.48497054,8
0.846856,0.45458505,0.8755704,0.3928663,0.5406379,8
0.38289356,0.21463579,0.85076463,0.2106997,0.46728775,8
0.9690166,0.609417,0.88527906,0.24440883,0.4514992,8
0.7542921,0.14147949,0.53875434,0.14991562,0.4820822,8
0.4112981,0.1,0.7775826,0.2660011,0.47996262,8
0.5886971,0.17041384,0.5263601,0.25135377,0.56333447,8
0.5029998,0.14855136,0.71193135,0.32914412,0.4386992,8
0.8766022,0.18600601,0.38067892,0.05,0.47988716,8
1.1835665,1.1847206,1.0,0.14703138,0.46914288,8
0.63663876,0.40230146,0.9639764,0.13093257,0.52873254,8
0.71937215,0.29604483,0.644998,0.05,0.5351138,8
0.72168803,0.26179734,0.52424973,0.23702948,0.52115864,8
0.36315313,0.1,0.6983506,0.25260073,0.553349,8
1.2,1.3803915,1.0,0.11854653,0.5362838,8
0.60655046,0.29881698,0.98927826,0.12295613,0.46875402,8
0.531498,0.13727355,0.8318236,0.23021844,0.49339917,8
0.86491686,0.60352564,0.8060682,0.06940752,0.50372225,8
0.47489497,0.14241897,0.8623734,0.05,0.53595895,8
0.8151793,0.55769336,0.99061537,0.24923675,0.4336404,8
0.8736338,0.2753031,0.63594764,0.12194523,0.47907588,8
0.606279,0.25814924,0.9043268,0.19883832,0.464529,8
0.63329035,0.15632343,0.5430844,0.116257906,0.4666909,8
0.5022574,0.1,0.65921897,0.3325167,0.5660617,8
0.71928406,0.29262358,0.59005886,0.16739003,0.47105563,8
0.6536873,0.28625563,0.7824513,0.1482703,0.48592368,8
0.67536795,0.34229264,0.8051324,0.17745085,0.54470813,8
0.88689655,0.40446204,0.72576827,0.25231537,0.47318575,8
0.65137327,0.25554687,0.76701653,0.05,0.49039945,8
1.0552813,0.61053693,0.69413793,0.20101596,0.44354403,8
0.7459316,0.4218874,0.89170045,0.25819683,0.51112676,8
0.4848685,0.2925662,1.0,0.21901883,0.5258876,8
0.74000454,0.2969571,0.783005,0.20504841,0.5132462,8
0.459777,0.1,0.5683992,0.20804343,0.55271256,8
0.41840592,0.17048426,0.93417406,0.22661686,0.46961418,8
0.3,0.1,0.9318879,0.16717564,0.47462168,8
0.5799567,0.16377002,0.753906,0.11314269,0.50966215,8
0.8594446,0.49428076,0.8304666,0.3018581,0.47247756,8
0.48063344,0.1,0.7079374,0.27128214,0.5575985,8
0.6197803,0.23817225,0.7190022,0.29837084,0.5484023,8
0.3,0.1,0.9512973,0.100150526,0.4905411,8
0.7836483,0.46353215,0.82484233,0.22522567,0.5605573,8
0.8591886,0.45844954,0.7318327,0.29465994,0.5106312,8
0.53003335,0.23516747,0.7869362,0.35942754,0.51693213,8
0.6468693,0.35649648,1.0,0.33045247,0.5027986,8
0.60813004,0.24605209,1.0,0.08238288,0.5102853,8
0.3,0.1,0.4215744,0.3976893,0.5315095,8
0.9117546,0.47603178,0.7177534,0.17553815,0.4733336,8
0.39867526,0.1,0.3174221,0.10062501,0.5323383,8
0.8744737,0.61013347,0.88959557,0.24439389,0.5130759,8
0.9252546,0.20277753,0.3639768,0.28759572,0.4733584,8
0.6696575,0.44268447,1.0,0.14354166,0.41217768,8
0.83646286,0.37148,0.6696333,0.30448735,0.44166815,8
0.5106556,0.2774645,1.0,0.16903116,0.44758436,8
0.3,0.1,0.6986409,0.05,0.5324511,8
0.5176884,0.17473486,0.72098196,0.14814332,0.44154012,8
0.55151224,0.11296432,0.79129064,0.23065078,0.4807659,8
0.6047301,0.30546507,0.94748944,0.4,0.53507084,8
0.81103843,0.5282942,1.0,0.05,0.5280445,8
0.40456063,0.1,0.8950389,0.1488273,0.5446341,8
0.62042403,0.16371049,0.6753192,0.24138814,0.40634266,8
0.31657696,0.1,0.95578146,0.27821863,0.49718624,8
0.6706132,0.19949847,0.6702073,0.24870893,0.50111943,8
0.48615462,0.20515187,0.8515171,0.17838964,0.5025556,8
0.5906923,0.28192398,0.7285148,0.23643053,0.5177785,8
0.5698648,0.24453534,0.70726043,0.21821192,0.48782456,8
0.6940468,0.3222871,0.7580765,0.34018952,0.5162951,8
0.72856724,0.33536875,0.7197243,0.1322769,0.45364645,8
0.5725396,0.27875713,0.8331189,0.089431226,0.49636936,8
1.0600526,0.81468016,0.86500096,0.05,0.38324374,8
0.89497393,0.31476974,0.54668796,0.33248442,0.5597693,8
0.5277495,0.1822982,0.89267266,0.3312961,0.531688,8
0.45637232,0.1,0.4124282,0.07030652,0.59892595,8
1.0198922,0.749621,0.83435893,0.4,0.51935506,8
0.8263048,0.36804897,0.6746748,0.1445394,0.4972365,8
0.3,0.1,1.0,0.05,0.48343033,8
0.7733809,0.4959367,1.0,0.4,0.53792286,8
0.46477318,0.101672,0.51209056,0.23204914,0.5159132,8
0.38349295,0.1,0.6238658,0.05,0.5453196,8
0.8950706,0.28270936,0.47927395,0.2503474,0.5027462,8
0.80547774,0.42545727,0.8491442,0.07992716,0.43120465,8
0.71212,0.2518519,0.5525278,0.14223996,0.5072061,8
0.88796234,0.48604348,0.7447828,0.19881113,0.5539708,8
0.5754255,0.25617772,0.7765646,0.4,0.45021302,8
0.49833325,0.13315669,0.97856146,0.4,0.49490157,8
0.7207043,0.42646948,0.8830532,0.080743976,0.51151735,8
0.7075083,0.34473613,0.8363142,0.20777637,0.53012466,8
0.42026058,0.1,0.5117376,0.2734131,0.55516654,8
0.6491186,0.2781959,0.60487115,0.052837137,0.46782884,8
0.40282953,0.16398558,1.0,0.084735654,0.4499077,8
0.45416823,0.1,0.783343,0.4,0.55247486,8
0.5020975,0.1858171,0.8313337,0.374599,0.45213926,8
0.49238095,0.1,0.2134968,0.22672252,0.5644767,8
0.5450686,0.17995352,0.95476574,0.13127285,0.4671326,8
0.8293152,0.34852085,0.64223576,0.36069745,0.4893149,8
0.7031737,0.36031136,0.9165491,0.15382786,0.5164151,8
0.70577216,0.32063726,0.75170785,0.38209412,0.46450934,8
0.6933965,0.33182466,0.71030366,0.07792831,0.45260257,8
0.87750155,0.37342438,0.60324234,0.2565394,0.49229476,8
0.7579885,0.30550638,0.5824114,0.091814056,0.53649235,8
0.70499253,0.2497167,0.7488489,0.05,0.43487704,8
0.42084002,0.11102974,0.6941093,0.4,0.36246666,8
0.81052315,0.4785562,0.8824726,0.055094242,0.47090366,8
0.57660794,0.3072829,0.75774807,0.269623,0.47299418,8
0.5398458,0.1,0.33922383,0.11848012,0.5110754,8
0.7897137,0.5401264,1.0,0.05,0.46126178,8
0.68382955,0.34109113,0.89926773,0.26897967,0.48426715,8
0.96069807,0.5877363,0.82726026,0.05,0.55159295,8
0.6982389,0.21726665,0.6351159,0.2544755,0.5106022,8
0.5363085,0.2013827,0.9069909,0.2464199,0.5613715,8
0.54861164,0.27446222,1.0,0.22605821,0.49293295,8
0.815429,0.33668053,0.62063026,0.05,0.4324367,8
0.39565727,0.1,0.7032071,0.25184935,0.49252504,8
0.8251927,0.6071163,1.0,0.30152458,0.42498013,8
0.7028654,0.24864742,0.67643374,0.15902855,0.51697403,8
0.45138794,0.1822848,0.7856964,0.05,0.54845524,8
1.0210984,0.36705664,0.4517069,0.2805868,0.49974626,8
0.3,0.1,0.86074984,0.2914114,0.5173377,8
0.52156657,0.1,0.48576632,0.092093356,0.5235692,8
0.8906451,0.54292303,0.74799263,0.39928013,0.51635706,8
0.66426283,0.38094032,1.0,0.26771402,0.5163138,8
0.80423665,0.323391,0.71256095,0.32579497,0.47813874,8
0.91460854,0.57693505,0.799028,0.1488164,0.50430346,8
0.4496309,0.1,0.57180405,0.059123755,0.44852835,8
0.83903146,0.38705042,0.83969146,0.11353668,0.53292453,8
0.31166753,0.1,0.7870185,0.20474684,0.5659457,8
0.7391851,0.4366787,0.87654597,0.17324977,0.4938415,8
1.1946055,1.1270804,0.88755065,0.29348862,0.48515102,8
0.58359057,0.2577952,0.7942806,0.4,0.4581573,8
0.60850143,0.21163683,0.88991463,0.32530248,0.52473706,8
0.6430875,0.20892476,0.63728243,0.32076317,0.438773,8
0.6965686,0.18863468,0.6640585,0.21471904,0.5221555,8
0.89280707,0.48601624,0.834256,0.19415677,0.49087653,8
0.66039884,0.4220271,1.0,0.32025757,0.5520149,8
0.69725144,0.40820238,1.0,0.22851713,0.5069358,8
0.49762583,0.14907123,0.64079475,0.18163416,0.39361975,8
0.6731229,0.38010776,0.96419597,0.24598283,0.4677181,8
0.9185554,0.5445177,0.7635759,0.2813891,0.555562,8
0.57593036,0.18124111,0.87947565,0.17793025,0.46340987,8
0.48672032,0.16425873,0.87620544,0.093900606,0.5499293,8
0.754885,0.4745845,1.0,0.3653834,0.5178111,8
0.8984557,0.44364285,0.76736814,0.4,0.47266093,8
0.68569773,0.38040242,0.9540195,0.05,0.5613769,8
0.7097509,0.34826422,0.8661262,0.2514772,0.57509726,8
0.56203556,0.16935289,0.65666336,0.25919908,0.5418974,8
0.604825,0.34935048,1.0,0.21550494,0.47189915,8
0.65847534,0.24118799,0.61643946,0.121877156,0.54594636,8
0.3,0.1,0.4042157,0.16212642,0.44148332,8
0.9070358,0.50128263,0.8666731,0.4,0.54097813,8
0.80592513,0.42739537,0.8882072,0.069058925,0.47835478,8
0.4875507,0.1,0.6279394,0.15317637,0.5148168,8
0.44083795,0.1,0.45680812,0.21926562,0.49868426,8
0.66479605,0.18996996,0.5130901,0.05,0.56680626,8
0.8351185,0.4663511,0.9133104,0.23505634,0.47935444,8
0.54347956,0.2599656,0.73634744,0.05453108,0.45898217,8
0.6844649,0.31456777,0.7262029,0.05,0.5264053,8
0.3,0.10945126,0.5953723,0.4,0.5135073,8
1.2,1.137123,0.9265307,0.29725733,0.5032143,8
0.7932272,0.45752564,0.91955763,0.05,0.4938707,8
0.7439266,0.37646323,0.72295177,0.14106226,0.5133789,8
0.70513487,0.36332107,0.7865677,0.05,0.5190464,8
0.8539193,0.36375594,0.5697688,0.24752863,0.5528475,8
0.99066126,0.7129761,0.8725279,0.071769595,0.52972007,8
0.4335717,0.23243664,1.0,0.22484417,0.5536501,8
0.989198,0.49194464,0.6473069,0.17926303,0.5496451,8
0.43039748,0.1,0.6752299,0.36720255,0.4844444,8
0.3,0.12776868,0.8214431,0.4,0.48970014,8
0.5180437,0.22782359,0.8636844,0.14254335,0.48130423,8
0.40184212,0.13677916,0.9564646,0.05,0.4760532,8
0.62192696,0.29734007,0.7792799,0.2584589,0.507909,8
0.79238117,0.2752964,0.47133985,0.05,0.4475451,8
1.2,1.0160655,0.8337903,0.2966742,0.46848145,8
0.7785058,0.46070817,0.970289,0.31833413,0.4261253,8
0.69552326,0.31659678,0.7955633,0.1683621,0.54551375,8
0.78911835,0.434689,0.92095214,0.15726793,0.4936735,8
1.0412039,0.9583591,0.9914037,0.099949546,0.45408797,8
0.7629601,0.43493456,0.8494929,0.4,0.5337524,8
0.4432208,0.12533256,0.6213227,0.23810218,0.5341025,8
0.6708453,0.32541355,1.0,0.13251014,0.55312353,8
0.68162334,0.29847136,0.8019101,0.31604373,0.55280066,8
1.0519695,0.7404984,0.8331736,0.3972857,0.51808196,8
0.85741717,0.3904886,0.59187657,0.4,0.48898757,8
0.59180516,0.20442905,0.7444599,0.27076006,0.462939,8
0.65588987,0.3457735,0.9147216,0.09577007,0.4472291,8
0.64129496,0.30136463,0.8977039,0.30668715,0.5049682,8
0.73074746,0.30638254,0.4977137,0.30157247,0.5304512,8
0.58461124,0.19352359,0.8172944,0.05,0.52523625,8
0.9687164,0.6036314,0.7375795,0.117141664,0.5256713,8
0.445369,0.1,0.7000401,0.28925034,0.53147167,8
0.4715095,0.19998518,0.8384569,0.17740344,0.60637826,8
0.5739427,0.16313432,0.44559488,0.11644684,0.5029402,8
0.4073954,0.10687098,0.64811486,0.32890755,0.506341,8
0.5729899,0.17697561,0.95051247,0.12819041,0.50027984,8
0.75693524,0.38190815,0.9277319,0.4,0.48444805,8
0.5127691,0.18912461,0.84591496,0.18469606,0.52916163,8
0.9302563,0.5250444,0.7527478,0.10883652,0.5268404,8
0.91309667,0.6831957,0.96158993,0.4,0.5567813,8
0.31714433,0.1,0.86797386,0.1755966,0.50482345,8
0.7699811,0.524595,1.0,0.3406773,0.5771927,8
0.97002095,0.7109968,0.9411292,0.3067901,0.5359978,8
1.0962375,0.96577096,1.0,0.20399846,0.43106523,8
0.70013946,0.49991006,1.0,0.05,0.45145318,8
0.5166727,0.17586155,0.72627485,0.1726973,0.47426325,8
0.7758332,0.36937004,0.7855832,0.13257521,0.5202743,8
0.98839164,0.7897664,1.0,0.21953292,0.5051759,8
0.8537515,0.24965194,0.35686252,0.28278345,0.4827408,8
1.1091864,0.8331495,0.7905025,0.05,0.5351999,8
0.41630435,0.12274065,1.0,0.05,0.49878913,8
0.53912544,0.2704093,0.7543268,0.16244234,0.59012794,8
0.7900237,0.38968098,0.66255295,0.3907017,0.5352498,8
1.0232364,0.5623514,0.6677575,0.10002162,0.5371711,8
0.3,0.1,0.8836366,0.05,0.55141985,8
0.91712976,0.39563417,0.5743241,0.3449047,0.4565599,8
0.7867486,0.48920763,0.8852404,0.15917982,0.48509902,8
0.8565828,0.32386488,0.59442234,0.17694014,0.50618094,8
0.62629527,0.20790888,0.50266683,0.05,0.45759752,8
0.9105022,0.4654635,0.6970936,0.3487789,0.567738,8
0.3,0.1,0.81306845,0.3080881,0.46022356,8
0.8456218,0.6324215,1.0,0.10290525,0.447192,8
0.63191664,0.33351597,0.9576643,0.17652509,0.48805153,8
0.42836806,0.10515223,0.6452783,0.18811895,0.4894416,8
0.43764904,0.10395442,0.8337828,0.09603225,0.5091961,8
1.1761391,0.70380425,0.6830389,0.05,0.5002673,8
0.4333867,0.11694072,0.7285751,0.32572958,0.456386,8
0.3,0.1,0.7465444,0.13715507,0.5071977,8
0.3,0.1,0.75649047,0.2591562,0.50777435,8
0.3,0.1,0.6404309,0.21716997,0.48189384,8
0.65939355,0.13456337,0.76797974,0.05,0.50414246,8
0.7720405,0.3441335,0.68299776,0.4,0.4809215,8
0.6811854,0.37774304,1.0,0.24669687,0.50168264,8
0.50848246,0.1960196,0.69441044,0.26127276,0.47670195,8
0.8671271,0.48757088,0.9594037,0.067465715,0.5607557,8
0.3122154,0.1,0.7595465,0.05,0.5057409,8
0.76356196,0.28889793,0.8376435,0.11632409,0.53856766,8
0.424895,0.11434348,0.77951336,0.39610958,0.5305255,8
0.98430914,0.7105293,0.75493133,0.24252012,0.5572372,8
0.690189,0.31034872,1.0,0.07038048,0.5149914,8
0.6561497,0.20013903,0.93066025,0.08708642,0.5095684,8
0.83854467,0.38549218,0.70346016,0.19497165,0.6041468,8
0.639404,0.18240814,0.52063334,0.16587965,0.44607234,8
0.791616,0.4459874,0.9085503,0.20558278,0.53742594,8
0.5954249,0.23093839,0.84522396,0.05,0.43588176,8
0.7682462,0.1,0.28104618,0.32199603,0.54482526,8
0.80819196,0.3125586,0.6270156,0.10392697,0.49151418,8
0.5984184,0.23517089,0.73737204,0.22931194,0.5132385,8
0.44216594,0.1,0.5804264,0.381983,0.45337635,8
0.53627145,0.18538658,0.97504604,0.27546638,0.41723838,8
0.71353406,0.3452381,0.9670853,0.05,0.45688042,8
1.1977953,0.8601311,0.78849536,0.33999312,0.4320479,8
0.56443036,0.1348828,0.8716795,0.3346048,0.5130695,8
0.4660674,0.13190125,0.6706559,0.28413355,0.49783498,8
0.3,0.1,0.73853767,0.3700388,0.45764822,8
0.62263054,0.18709587,0.5634955,0.13431506,0.54075104,8
0.66074234,0.3295451,0.9326011,0.16872196,0.50628376,8
0.40413406,0.15183496,0.60390854,0.3004887,0.5531892,8
0.5707372,0.18114795,0.7489194,0.39219093,0.49883825,8
0.66244054,0.3321421,0.907824,0.20936735,0.51327175,8
0.6821613,0.37706408,1.0,0.22603759,0.55771154,8
0.8446627,0.28718475,0.57340115,0.2583205,0.53567636,8
0.503531,0.19491395,0.5766646,0.14087956,0.4844669,8
0.60868955,0.3076207,0.9642903,0.05,0.47410244,8
0.54998505,0.22966361,0.8495015,0.27981856,0.5093882,8
0.9662305,0.5757109,0.7533753,0.31841362,0.48593038,8
0.43212214,0.14094341,0.7612517,0.13206172,0.58203274,8
1.2,0.9792672,0.819687,0.2833884,0.47307947,8
0.64045495,0.12065127,0.59274226,0.39686337,0.4808436,8
0.55387205,0.2208266,0.5414328,0.12128036,0.5625394,8
0.8422157,0.5972537,0.99876374,0.28369927,0.49228686,8
0.67667973,0.25840765,0.47757778,0.2118348,0.5171189,8
0.5201748,0.13103779,0.8962409,0.22020291,0.45388478,8
0.46558008,0.12903586,0.5697682,0.3000859,0.45181745,8
0.83143985,0.36513916,0.8119935,0.21797144,0.43110368,8
0.76443785,0.33179134,0.67178565,0.24735907,0.46388018,8
0.46923226,0.13584949,0.7530974,0.4,0.49838996,8
0.59274054,0.18397336,0.5754062,0.2026518,0.5169881,8
0.58131033,0.23592168,0.55397236,0.17493641,0.45343727,8
0.40898526,0.1,0.6304512,0.34309012,0.48415262,8
0.752081,0.46355876,0.89259046,0.05,0.434628,8
0.7480238,0.3217149,0.7203966,0.33093187,0.46556422,8
1.044848,0.65236425,0.82133514,0.22528262,0.40724346,8
0.84872,0.30764076,0.5070734,0.26726788,0.46908748,8
0.45890772,0.22380626,0.9144265,0.22007729,0.50473964,8
0.39644116,0.17002212,0.8180444,0.39190006,0.5259753,8
0.7489398,0.42746794,0.9236986,0.08729479,0.52224326,8
0.7805223,0.56684893,0.9306709,0.13874185,0.46841747,8
1.100183,0.66062415,0.66942054,0.09886605,0.477699,8
0.48700744,0.20343094,0.9047865,0.3778237,0.54403484,8
0.64369315,0.15826412,0.5713969,0.24820796,0.45440114,8
0.84781486,0.32921913,0.5132797,0.23724236,0.47402656,8
0.48445868,0.13780361,0.95122284,0.09614316,0.548802,8
0.74868596,0.32239217,0.794562,0.24825044,0.49543837,8
0.58311886,0.20185803,0.63606787,0.18914878,0.47327298,8
0.45197675,0.17615367,0.8463074,0.1555417,0.46945202,8
0.3,0.1,0.7050882,0.4,0.49140695,8
0.83244723,0.39165318,0.7204771,0.23250689,0.45637414,8
1.0031282,0.69811475,0.84781665,0.16912839,0.4905401,8
0.63726914,0.2829877,0.7351091,0.1101122,0.47341654,8
0.90020204,0.45530242,0.8204158,0.05,0.43472752,8
0.6814289,0.4601848,1.0,0.3610498,0.56160593,8
0.8941991,0.4227631,0.5936147,0.1656234,0.43034938,8
0.67739165,0.3340051,0.94653404,0.09919407,0.5061453,8
0.3,0.1,0.7210423,0.35582897,0.49825802,8
0.53438437,0.1,0.58456284,0.3115388,0.43719873,8
0.42795464,0.15426518,1.0,0.12374688,0.49688482,8
0.69462675,0.34994563,0.75044304,0.20872223,0.5253632,8
0.66703665,0.29850137,0.8906963,0.05,0.46484542,8
0.6066205,0.20986244,0.67301255,0.25851128,0.4248925,8
0.7710768,0.3778338,0.7353635,0.2599422,0.3772682,8
0.7535721,0.4006399,0.9536302,0.11848782,0.5113733,8
0.50411123,0.10735709,0.82865804,0.06715519,0.5294765,8
0.67042226,0.24283493,0.8055114,0.4,0.5262412,8
0.47033137,0.1,0.762653,0.16380532,0.5367677,8
0.58064175,0.19767377,1.0,0.22785659,0.40361288,8
0.6445804,0.3287424,0.77204686,0.38457647,0.52767724,8
0.33720574,0.1723036,0.77338314,0.05,0.47730437,8
0.7863669,0.28290156,0.72493964,0.24706839,0.5143731,8
0.5294724,0.1609566,0.74111706,0.17775543,0.48804975,8
0.9560551,0.5231876,0.62565506,0.063206896,0.5206531,8
1.0918516,0.7180646,0.693213,0.07621259,0.47195995,8
0.81053334,0.60933363,1.0,0.4,0.52127314,8
0.68531245,0.3341431,0.7303719,0.24556448,0.47423095,8
0.52878886,0.12460118,0.5364541,0.123949625,0.5204537,8
0.46575972,0.17753613,0.7971199,0.32191488,0.4095618,8
0.594763,0.16410841,0.83084697,0.16431873,0.43448818,8
1.0424223,0.9389305,1.0,0.05,0.46958047,8
0.6146363,0.11878393,0.7139479,0.07372145,0.46149403,8
0.45120832,0.1,0.7530218,0.1314567,0.49387017,8
0.62584484,0.13115631,0.62729734,0.19578446,0.55996794,8
0.3,0.14339772,0.84295464,0.25027084,0.49268413,8
0.92622775,0.6695235,0.96783084,0.24942134,0.3971379,8
0.3,0.1,0.5604248,0.12667207,0.45565736,8
0.44033167,0.1,0.6973771,0.4,0.54320544,8
0.5090347,0.1,0.47249988,0.07475016,0.5059916,8
0.38657922,0.1,0.6760407,0.065057546,0.4991183,8
0.42674777,0.24848972,0.74856335,0.16507612,0.54132307,8
0.5640718,0.119442746,0.65024596,0.25075868,0.58461154,8
0.45636055,0.1,0.24776475,0.4,0.5260127,8
0.99958235,0.6886375,0.8639923,0.07282764,0.42953423,8
0.49248722,0.21734817,0.6177668,0.4,0.4253199,8
0.65133893,0.2000377,0.58975524,0.35083696,0.5109794,8
0.52819896,0.15078188,0.71916854,0.23767078,0.47096938,8
0.5028178,0.2306129,1.0,0.22048318,0.48287085,8
0.9827584,0.84630555,1.0,0.3093223,0.484358,8
0.8557678,0.3771153,0.6359078,0.4,0.5538347,8
0.73596257,0.24442841,0.69705445,0.15683745,0.5167549,8
0.4099119,0.1,0.84693617,0.24266568,0.448564,8
0.9287708,0.67365986,1.0,0.11284622,0.45584846,8
0.5505932,0.1,0.3490162,0.4,0.49477673,8
0.4982514,0.16669583,0.80243075,0.24482565,0.5220424,8
0.64147085,0.37501287,0.8923995,0.25898635,0.53896165,8
0.8101895,0.6761216,1.0,0.21409813,0.5127355,8
0.55603963,0.21660542,0.86474496,0.38192773,0.5024931,8
0.5841423,0.27249983,0.6644719,0.05,0.41935822,8
0.8423423,0.48054907,0.828077,0.27976924,0.49769273,8
1.0105379,0.49668348,0.61247253,0.1891771,0.56220937,8
0.5534753,0.20545296,0.7408438,0.22277181,0.5381572,8
0.7126404,0.24002017,0.6285313,0.06329357,0.44216573,8
0.3,0.1,0.7916583,0.28873798,0.45496985,8
0.9379025,0.6394447,0.8924748,0.05,0.5646419,8
0.6446276,0.3768147,1.0,0.067407906,0.49251798,8
0.9312152,0.56489193,0.88301057,0.05,0.506403,8
0.62960094,0.26767766,0.8129782,0.32822567,0.514581,8
0.6366151,0.22896679,0.68813354,0.16861464,0.59910303,8
0.34803656,0.1,0.7948195,0.35018408,0.4584772,8
0.74174523,0.437997,0.92792225,0.24336515,0.48219463,8
0.7829077,0.5553274,1.0,0.15374944,0.47917727,8
0.7767567,0.2832243,0.64789534,0.4,0.53739434,8
0.38440168,0.1,0.8551584,0.05,0.48195788,8
0.5041972,0.15407245,0.8732132,0.35601264,0.54482895,8
0.3,0.1,0.7159255,0.057660386,0.54657096,8
0.55956656,0.23651293,0.63520473,0.24183485,0.44968435,8
0.4755302,0.22589022,0.9909091,0.12717173,0.47966874,8
1.0236474,0.8095692,0.94271857,0.3061963,0.44478413,8
0.3,0.1,0.9518465,0.05025143,0.5851003,8
0.49638307,0.2858668,0.8908882,0.31630194,0.54757893,8
1.0112653,0.5087496,0.6400471,0.079541765,0.42751917,8
0.8061866,0.46506518,0.8992602,0.05,0.50546986,8
0.70340014,0.26289526,0.6649469,0.15106769,0.4774552,8
0.40396318,0.108628,0.6409509,0.05,0.47807926,8
0.32209367,0.10207793,0.5897819,0.05,0.49873644,8
0.5729201,0.16339551,0.47125733,0.15192018,0.5470619,8
0.6351991,0.18788804,0.8509205,0.24559575,0.5079823,8
0.48130417,0.10190296,0.49474972,0.2283664,0.562759,8
0.56679684,0.31388184,0.9128398,0.374689,0.5024333,8
0.63421476,0.3889685,1.0,0.102023005,0.5258119,8
0.7105495,0.18739358,0.6901146,0.4,0.49927318,8
0.6123581,0.17468204,0.6238969,0.17602594,0.4599919,8
0.5184155,0.16757669,0.7177191,0.21505733,0.51123303,8
0.611515,0.23936443,0.89362127,0.35992637,0.44430462,8
0.64719146,0.17869425,0.4557379,0.17407967,0.43460706,8
0.4844968,0.23206341,0.6643395,0.24535319,0.4951948,8
0.8610921,0.57597053,1.0,0.05,0.43422765,8
0.8541718,0.833195,1.0,0.10232185,0.4352869,8
0.64918464,0.22780624,0.56797177,0.22934528,0.4719309,8
0.40531197,0.1,0.6116467,0.18368125,0.47887108,8
0.739921,0.3595691,0.86488575,0.053605504,0.4780472,8
0.7079938,0.40711668,0.9274167,0.20982072,0.45905668,8
0.44747806,0.11028314,0.8594925,0.1078676,0.540043,8
0.7477773,0.31294006,0.65898204,0.05,0.52173394,8
0.3,0.1,0.65800875,0.4,0.46385458,8
0.6473375,0.26373088,0.6931309,0.24374169,0.487892,8
1.0041429,0.74769336,0.8909392,0.24167526,0.40700203,8
0.57569355,0.19721629,0.76505613,0.10474511,0.46000642,8
0.5275147,0.17341577,0.85681736,0.19107673,0.50455767,8
0.8637714,0.5916287,0.9671138,0.05,0.52282685,8
0.7842071,0.34308892,0.7688733,0.32668453,0.45562777,8
0.56393355,0.17170541,0.62354314,0.05,0.5100633,8
0.60535157,0.2776058,0.8825231,0.11729255,0.5212616,8
0.6074372,0.17005682,0.80035645,0.23566616,0.5586204,8
0.3,0.1,0.5246239,0.19704172,0.5268415,8
0.7521722,0.28426546,0.61626923,0.3341468,0.5512775,8
1.1173822,1.0597866,1.0,0.09590173,0.62767774,8
0.4229059,0.1,0.72777176,0.339122,0.49026418,8
0.6920763,0.21052945,0.64862126,0.05,0.43665975,8
0.3923213,0.18344536,0.77074,0.38176963,0.47335973,8
0.85738325,0.6091086,0.97968197,0.07296665,0.5260496,8
0.40257978,0.1,0.91740704,0.05,0.43908423,8
0.9150916,0.7187953,0.8788449,0.12051383,0.47769618,8
0.5850359,0.20779584,0.6477567,0.20686013,0.44956487,8
0.52340835,0.14582509,0.7794956,0.20477822,0.39171135,8
0.67854345,0.33255714,0.7298614,0.05,0.4798381,8
1.1533126,0.91535234,0.7798541,0.1693861,0.45587516,8
0.47726244,0.22452585,1.0,0.05,0.5033923,8
1.2,1.2638901,0.76755357,0.22632696,0.5025607,8
0.60244185,0.27952585,1.0,0.23138289,0.48086932,8
0.7945928,0.39401856,0.7736673,0.05,0.5499781,8
0.5575934,0.19710204,0.94918877,0.05,0.5801573,8
0.6754217,0.18907838,0.61980426,0.21099767,0.5787776,8
1.0258083,0.42600068,0.57931215,0.17028853,0.5192962,8
0.82361513,0.30740097,0.6776147,0.31445324,0.5787898,8
0.73557955,0.21820553,0.48300147,0.35350153,0.4341076,8
0.6452224,0.26996794,0.88561475,0.11933943,0.48448446,8
0.67114764,0.3043273,0.8237492,0.1576903,0.52618283,8
0.3161092,0.1,0.68477035,0.241594,0.48878294,8
0.8692819,0.49238792,0.95018953,0.19683771,0.41308552,8
0.44168743,0.21421911,0.9453207,0.16014405,0.42908752,8
1.0004745,0.57781726,0.77872777,0.3971593,0.544634,8
0.76832414,0.35246956,0.84881294,0.4,0.4795553,8
0.61318296,0.35654336,1.0,0.075962804,0.44767708,8
0.6993723,0.35529453,0.8251221,0.35922194,0.53286386,8
0.6585336,0.28643987,0.8386995,0.099237636,0.41752967,8
0.68444973,0.39057198,1.0,0.05,0.49789718,8
0.44723925,0.12413729,0.7188208,0.05,0.52235025,8
0.9655766,0.5150789,0.7798795,0.09096721,0.46110243,8
1.1481904,0.60525155,0.5361887,0.4,0.50730175,8
0.7005727,0.26170298,0.75860876,0.37927324,0.48160326,9
0.7224465,0.34553522,1.0,0.28411838,0.6125026,9
0.8653893,0.40480566,0.7122345,0.23966399,0.52974725,9
0.6345111,0.23586082,0.9445669,0.18890871,0.4623965,9
0.78458583,0.34511435,0.8062131,0.32480693,0.544945,9
0.820663,0.41269004,0.85826784,0.23118892,0.62277627,9
0.8634407,0.409036,0.6589202,0.16573457,0.5965094,9
0.7764569,0.32782677,0.8528135,0.18573678,0.48558572,9
0.77565503,0.4648632,1.0,0.291924,0.4646271,9
0.5975448,0.26168016,0.9288199,0.4,0.5020014,9
0.74412644,0.28686276,0.91902125,0.31327492,0.50692517,9
0.89288336,0.7154471,0.96439654,0.27509415,0.5444064,9
0.75906914,0.34852895,0.7161849,0.22071531,0.4941864,9
0.7610631,0.5623247,1.0,0.3979291,0.5213384,9
0.7939281,0.40191162,0.78297037,0.29699865,0.56793827,9
0.68555814,0.38901204,0.98965675,0.4,0.5515162,9
0.77757293,0.52602774,1.0,0.35806635,0.6152888,9
0.62090904,0.17756183,0.84504664,0.28753442,0.57748014,9
0.83560616,0.52197224,0.93787616,0.4,0.5590037,9
0.85199505,0.53530127,0.9125768,0.4,0.5200324,9
0.9424686,0.66253936,0.9331641,0.22673075,0.61134964,9
0.9019934,0.6037358,0.8051139,0.3823892,0.51561654,9
0.670158,0.3498757,0.91680396,0.4,0.56071234,9
0.66775954,0.36088175,0.78375626,0.2689459,0.4659303,9
0.8557545,0.5361774,0.90079916,0.4,0.5167694,9
0.7671902,0.36447504,0.89435524,0.10777712,0.51463217,9
0.8930273,0.64922744,0.86714,0.20247944,0.5073203,9
0.6244501,0.21030182,0.7886201,0.3969646,0.5318402,9
0.76713884,0.5614789,1.0,0.30077487,0.6228795,9
0.6441701,0.29883397,0.90842605,0.22039811,0.5501379,9
0.6708664,0.35554424,0.98187536,0.4,0.6194561,9
0.81659263,0.436845,0.9545242,0.27882951,0.5677353,9
0.77790135,0.3921256,0.9938641,0.3143645,0.46067065,9
0.71972764,0.3448136,0.8853221,0.14934482,0.4590714,9
1.0188755,0.9911019,1.0,0.4,0.5688899,9
0.85687876,0.6266196,0.9419615,0.37254277,0.5164302,9
0.71745497,0.38803405,0.8244002,0.1219203,0.46899086,9
0.719682,0.47731715,1.0,0.36362985,0.52193755,9
0.715634,0.36503014,0.89454085,0.2216572,0.51429003,9
0.74976355,0.37987632,0.78429735,0.4,0.5468932,9
0.9316887,0.6878802,0.9811429,0.4,0.49728423,9
0.8043788,0.67100227,1.0,0.4,0.56438804,9
0.79836726,0.22593875,0.6733382,0.361965,0.5518328,9
0.51117206,0.18061462,0.7392832,0.29207546,0.58026946,9
0.6807296,0.22649604,0.7518049,0.3699579,0.5109965,9
0.52355313,0.22965692,1.0,0.4,0.5350071,9
0.6959253,0.37658074,0.85671467,0.3344378,0.50991577,9
0.5831936,0.17874044,0.91152734,0.26113692,0.50208616,9
0.85797244,0.551995,0.84384465,0.30493313,0.5444993,9
0.6111083,0.17356893,0.7785021,0.29665738,0.50934243,9
0.8763687,0.62228686,0.97326356,0.4,0.5696932,9
0.77039194,0.40999106,0.9938663,0.22760026,0.55969024,9
0.7472616,0.27695444,0.8209215,0.22161886,0.6066446,9
0.8650983,0.43109414,0.8339156,0.2482322,0.5441322,9
0.70806366,0.2531317,0.72901773,0.12082779,0.55853313,9
0.6664606,0.37076038,0.70885676,0.18908784,0.54253757,9
0.7086259,0.31559557,1.0,0.15250126,0.59091246,9
0.881762,0.49262387,0.7774541,0.20162363,0.56268334,9
0.8575307,0.7937317,1.0,0.4,0.5412982,9
0.8833201,0.5984696,0.88490677,0.29173988,0.56405175,9
0.84032387,0.6033382,0.9088695,0.4,0.5822873,9
0.62905777,0.29669133,1.0,0.21884912,0.52877194,9
0.8474934,0.53689635,0.9276701,0.27804106,0.605589,9
0.6796728,0.43696406,1.0,0.3387607,0.5473842,9
0.8138119,0.442504,0.8835028,0.4,0.5675185,9
0.76411396,0.38869858,0.97519726,0.2971225,0.48465338,9
0.5993187,0.35348526,0.86566204,0.19997549,0.5854832,9
0.7973114,0.35181752,0.701332,0.07580589,0.56135446,9
0.636133,0.31021783,0.8581279,0.16206732,0.5263267,9
0.7160156,0.45443666,0.847791,0.39812657,0.5579548,9
0.7312225,0.33519876,0.89541817,0.4,0.49213457,9
0.88992476,0.69210637,1.0,0.24937074,0.55293703,9
0.8697379,0.5543971,0.9356625,0.23376784,0.5842094,9
0.7100988,0.3303256,0.84369457,0.23082599,0.5736958,9
0.62962174,0.17784324,0.8324355,0.4,0.55483544,9
0.6308131,0.38475588,0.9424519,0.3009343,0.4446553,9
0.710726,0.29494882,0.8148958,0.24347165,0.54865634,9
0.74901944,0.4834873,1.0,0.4,0.6019718,9
0.7611059,0.37476918,0.91445905,0.29060405,0.49402264,9
0.75130266,0.3432481,0.840384,0.4,0.4776171,9
0.89632046,0.5266686,0.80740196,0.20979942,0.53431636,9
0.80506986,0.5515739,1.0,0.23730634,0.51675767,9
0.7212529,0.37484807,0.947282,0.23679174,0.47596666,9
0.821111,0.48680204,0.964769,0.4,0.55468637,9
0.62181425,0.32240036,1.0,0.3114676,0.5837572,9
0.545924,0.23611975,0.923301,0.3737026,0.568586,9
0.8998737,0.647081,0.92486805,0.3076859,0.5237887,9
0.7507995,0.42211765,0.91694736,0.21594828,0.5372423,9
0.74591947,0.29993,0.7319489,0.4,0.5097308,9
0.8317055,0.41317424,0.7816567,0.32240182,0.47659907,9
0.5274817,0.24043113,1.0,0.29280242,0.5573604,9
0.7777731,0.4505757,0.96172905,0.24069877,0.57931405,9
0.7762751,0.43744537,0.826026,0.4,0.55962366,9
0.74248165,0.38295045,0.86080235,0.31255972,0.5291319,9
0.8986266,0.50439984,0.7208044,0.14348318,0.58831996,9
0.8090871,0.2859398,0.7641787,0.17929894,0.5163659,9
0.7585349,0.47075197,0.91622335,0.2805185,0.53027755,9
0.7329971,0.34758988,0.96489686,0.3037771,0.5730988,9
0.73028123,0.330549,0.8164836,0.4,0.5330913,9
0.9091076,0.6501584,1.0,0.21163647,0.50370526,9
0.69464064,0.33994997,0.7421963,0.25669557,0.5403531,9
0.7482806,0.37840956,1.0,0.39215192,0.49947992,9
0.74768287,0.21544148,0.54866594,0.27588594,0.5366477,9
0.65737665,0.2771135,0.78611416,0.12226846,0.54413134,9
0.7954474,0.53912795,0.99521136,0.27238905,0.5548149,9
0.62701154,0.22912745,0.735527,0.16648376,0.65033245,9
0.7619304,0.5379289,0.9752299,0.26959634,0.5539983,9
0.87819475,0.51171833,0.88375884,0.23753192,0.5216906,9
0.65656996,0.41841775,1.0,0.29285714,0.48137963,9
0.87850386,0.53059405,0.8394428,0.26219368,0.5393004,9
0.8965815,0.5781989,0.9358954,0.34653187,0.53112847,9
0.74209666,0.4749913,0.9942139,0.4,0.43136775,9
0.74602085,0.3901572,0.7869625,0.2538575,0.55680174,9
0.61764437,0.19863951,0.69428957,0.27380237,0.57798773,9
0.7232893,0.3782995,1.0,0.19345397,0.49791598,9
0.6336024,0.30745316,0.97563094,0.3884317,0.5257083,9
0.5646275,0.21757255,0.92249763,0.26020652,0.5342766,9
0.7481125,0.4992543,0.9252235,0.26609656,0.56053245,9
0.7138995,0.32644486,0.90285814,0.38642064,0.57923996,9
0.7395411,0.33157185,0.71665585,0.21576527,0.5150367,9
0.77485806,0.5572206,1.0,0.287611,0.5664255,9
0.72250456,0.33207494,0.82363874,0.4,0.54063886,9
0.86356604,0.73273134,1.0,0.30890226,0.5807525,9
0.739825,0.24108765,0.6917567,0.34131894,0.45946863,9
0.72805554,0.44001693,0.99679893,0.2694326,0.48540157,9
0.69844776,0.37014663,0.9896556,0.16456847,0.5930661,9
0.5552151,0.18741398,0.8542434,0.28611425,0.521688,9
0.76694316,0.34584278,0.59424835,0.4,0.532459,9
0.56368417,0.17329279,1.0,0.3761407,0.46949065,9
0.76070255,0.38163665,0.856572,0.36305586,0.5962653,9
0.8359163,0.48827597,0.8840978,0.20115785,0.5464602,9
0.84303385,0.42991906,0.8067951,0.22766826,0.5169497,9
0.5755336,0.21972956,0.84676903,0.19940487,0.5320813,9
0.8242616,0.5448861,0.9380335,0.18858604,0.56287724,9
0.7331197,0.40485427,0.93698394,0.4,0.5528709,9
0.76197517,0.47300702,1.0,0.05,0.5179479,9
0.6112179,0.27707875,0.83257186,0.32800573,0.53790706,9
0.82267654,0.49624565,0.8340847,0.31562856,0.616125,9
0.61655635,0.28076154,0.9018297,0.4,0.59805185,9
0.7167104,0.35653892,0.82365,0.3776916,0.509867,9
0.73445225,0.5795518,1.0,0.4,0.57163674,9
0.7698666,0.41218033,0.9254155,0.3757317,0.48919448,9
0.80587596,0.40972394,0.80575603,0.4,0.49404556,9
0.89742243,0.58870673,0.85441995,0.13113566,0.52446383,9
0.83667684,0.77655613,1.0,0.18522313,0.42939347,9
0.6932038,0.3661333,0.8394362,0.363507,0.5644119,9
0.6829401,0.3099104,0.95982337,0.20855227,0.51196927,9
0.80026,0.549821,0.8722026,0.24186923,0.5797483,9
0.7636092,0.34438807,0.9145718,0.36932763,0.4722913,9
0.7237069,0.4755766,1.0,0.31875557,0.5100753,9
0.7368904,0.23769102,0.61085296,0.4,0.5736937,9
0.7632602,0.48560044,0.95535743,0.37329277,0.5743912,9
0.86276644,0.5699586,1.0,0.4,0.585557,9
0.7767513,0.35630572,0.8513493,0.27322862,0.535396,9
0.6377574,0.22956286,0.61406726,0.14373174,0.5706446,9
0.8299884,0.49757242,0.86344165,0.4,0.47359762,9
0.6694047,0.20289825,0.7645089,0.4,0.52550644,9
0.70563215,0.40743852,1.0,0.3391805,0.58872545,9
0.89780056,0.67531055,1.0,0.12598152,0.50972855,9
0.5350792,0.15913185,0.76139694,0.1802196,0.52404714,9
0.8648753,0.4840174,0.90494704,0.23646577,0.42241564,9
0.8284671,0.7047151,1.0,0.2988204,0.56327164,9
0.9002254,0.5968559,0.9800842,0.30055973,0.5724136,9
0.61027384,0.30162218,0.9693343,0.15989593,0.50986594,9
0.7854096,0.37264368,0.72716254,0.2916766,0.574297,9
0.60770243,0.29180753,1.0,0.4,0.56517625,9
0.79888946,0.39652893,0.9053128,0.30093288,0.6175107,9
0.7519477,0.41775563,1.0,0.25888962,0.53081024,9
0.97070664,0.73949,0.8869308,0.4,0.5608247,9
0.7295337,0.40397197,0.8334717,0.3550748,0.5653191,9
0.5772102,0.28276053,0.87682956,0.29013574,0.55619544,9
0.58462787,0.21330981,0.93223655,0.15599464,0.5724608,9
0.82847595,0.61145854,0.9725174,0.31489217,0.5417673,9
0.883311,0.59730095,1.0,0.39556947,0.49842432,9
0.8432064,0.55898213,1.0,0.3312215,0.58415633,9
0.7566912,0.4718932,0.98284143,0.3561103,0.51305395,9
0.62254703,0.28099978,0.9300813,0.36611012,0.54826236,9
0.60149,0.39803055,1.0,0.32193977,0.5664494,9
0.81994605,0.31849632,0.64057064,0.3877583,0.47144872,9
0.7745736,0.49319658,0.87667334,0.3581977,0.53793514,9
0.6744944,0.42649925,0.9319649,0.32510096,0.51759094,9
0.687124,0.27446464,0.8935711,0.30999506,0.50109696,9
0.7607191,0.45539173,1.0,0.4,0.5273692,9
0.70825875,0.32664162,0.9134153,0.13806286,0.47915092,9
0.6889099,0.41180503,1.0,0.2423852,0.5368156,9
0.86347115,0.5473182,0.9001758,0.29093063,0.5630893,9
0.7402091,0.3770524,0.91474813,0.06422104,0.5226403,9
0.8090495,0.51365125,0.93936926,0.2177802,0.5887888,9
0.809907,0.37376514,0.7054633,0.4,0.5662301,9
0.83002573,0.46821952,0.853878,0.3831675,0.5593324,9
0.7056891,0.3069472,0.7530195,0.4,0.52247316,9
0.61709636,0.2796439,0.8993792,0.4,0.57269037,9
0.7066833,0.42943436,1.0,0.22014762,0.5707008,9
0.6745742,0.40978065,0.9249568,0.29307842,0.595194,9
0.87392455,0.6887711,1.0,0.35866517,0.5600586,9
0.69489473,0.42003557,0.86322844,0.4,0.5089465,9
0.84911454,0.53422606,0.9143415,0.13545589,0.47198546,9
0.8629149,0.58663684,0.76801103,0.3336343,0.54725444,9
0.6720161,0.3249972,0.933425,0.05,0.47810343,9
0.7084231,0.36760008,0.9627701,0.4,0.5315815,9
0.60695195,0.27768484,0.955803,0.17947951,0.5234093,9
0.77052456,0.40976742,0.8822895,0.3420867,0.5297719,9
0.7513524,0.2574831,0.73812395,0.4,0.52812046,9
0.7228893,0.41712368,0.8553042,0.39099902,0.50118476,9
0.6788995,0.22039673,0.732454,0.1824232,0.5666735,9
0.71100765,0.26735052,0.7517249,0.35988992,0.5340457,9
0.8288351,0.52920544,0.84867036,0.2551038,0.5563062,9
0.6293757,0.19161378,0.66791064,0.23098354,0.5319518,9
0.87192005,0.6247559,1.0,0.32180566,0.48045558,9
0.6110138,0.30703905,1.0,0.16561212,0.5674961,9
0.7978229,0.3492985,0.7967597,0.26136607,0.53782856,9
0.87037486,0.35697925,0.6371918,0.4,0.49900374,9
0.746534,0.39751446,0.76233995,0.4,0.5713905,9
0.66198874,0.29053634,0.72220385,0.35645905,0.55619663,9
0.8590674,0.637873,0.98320705,0.26421165,0.49869102,9
0.7123707,0.3291319,0.824115,0.23008314,0.47287846,9
0.8568487,0.5596391,0.98681694,0.3669391,0.55511546,9
0.73095983,0.2566641,0.78033507,0.34097302,0.5108228,9
0.7964995,0.5392571,0.9601041,0.30778354,0.54986054,9
0.8747942,0.53891,0.91679764,0.083419524,0.5384049,9
0.5507442,0.20022792,0.9887406,0.4,0.5903228,9
0.8423878,0.5547925,0.8573091,0.4,0.56681675,9
0.7012097,0.29328182,0.8629946,0.1840194,0.49545133,9
0.7514315,0.46150282,0.9004692,0.30622065,0.48827904,9
0.8162267,0.65553683,1.0,0.15453939,0.5066546,9
0.7120642,0.26321918,0.7502877,0.3833306,0.5338526,9
0.68489313,0.24962476,0.69852483,0.34856772,0.45270145,9
0.7625056,0.29832765,0.76622736,0.4,0.53473043,9
0.79947937,0.5211668,0.88824844,0.3224227,0.54419357,9
1.0393556,0.841088,0.98976487,0.3172638,0.5372278,9
0.8092357,0.42108703,0.8280116,0.32770863,0.50078696,9
0.7923169,0.5405042,0.8448855,0.20136794,0.52165365,9
0.5955018,0.20350358,0.87766826,0.28243905,0.5435257,9
0.816631,0.48113942,0.9324674,0.2846904,0.61123914,9
0.7499174,0.40754837,0.9517153,0.23997091,0.55239666,9
0.8967818,0.75846434,1.0,0.3161161,0.5021791,9
0.79542226,0.545506,0.91590255,0.3715934,0.5657233,9
0.75900984,0.32876095,0.774235,0.3495644,0.5421148,9
0.56065214,0.20796259,0.8621395,0.4,0.5551085,9
0.8118939,0.543549,1.0,0.34951046,0.5772904,9
0.7176226,0.44021893,1.0,0.20846586,0.5220986,9
0.61545134,0.16380127,0.79988897,0.26972422,0.5235758,9
0.7330474,0.49475598,1.0,0.05,0.49666315,9
0.55462766,0.23198856,1.0,0.38586643,0.5652432,9
0.84788144,0.5283993,0.8758379,0.3539059,0.5463338,9
0.75124854,0.43089053,0.9816024,0.19266562,0.5821372,9
0.6766915,0.21527345,0.60364497,0.3991794,0.5946805,9
0.89362407,0.7176525,1.0,0.32135943,0.500113,9
0.813705,0.5981179,1.0,0.3650531,0.55638707,9
0.71619856,0.47516993,1.0,0.318381,0.5738888,9
0.42429546,0.113398835,0.92376137,0.4,0.47165948,9
0.74703616,0.30492234,0.74186224,0.116843306,0.5397147,9
0.6444938,0.28604284,0.93860334,0.31974748,0.48824474,9
0.5733244,0.28323647,0.92834455,0.36346892,0.5488864,9
0.73513216,0.41819778,0.8107732,0.38626215,0.5532638,9
0.7275192,0.3381545,0.8127341,0.32430947,0.55645245,9
0.942999,0.609177,0.84175307,0.39111048,0.40440425,9
0.7670635,0.51168597,1.0,0.18571563,0.4320119,9
0.6005592,0.17479339,0.82709795,0.26723105,0.608432,9
0.7970341,0.51209426,0.88259846,0.31295073,0.5939248,9
0.66782695,0.2957317,0.72170234,0.4,0.4561692,9
0.75890833,0.3141508,0.76622844,0.4,0.51239836,9
0.51428574,0.1896318,0.78270376,0.17725901,0.51461154,9
0.80777526,0.43515164,0.7889836,0.32954708,0.5908403,9
0.76455355,0.49493638,0.9061526,0.3346292,0.5023813,9
0.8233869,0.38562164,0.7718404,0.32544756,0.5117617,9
0.7424433,0.60309607,1.0,0.30009422,0.5416585,9
0.6755457,0.33954886,1.0,0.2965905,0.5654546,9
0.7512321,0.35591567,0.8282119,0.4,0.538571,9
0.6369087,0.30851832,0.9841464,0.3800331,0.54558134,9
0.5748053,0.31606898,0.96512634,0.3304006,0.49555597,9
0.71600586,0.24889836,0.9227572,0.31002468,0.581387,9
0.61326605,0.3161692,0.79145664,0.05,0.46868527,9
0.73769784,0.4444046,1.0,0.12062759,0.58616537,9
0.6562736,0.26916882,0.90002143,0.32549763,0.5622478,9
0.67019,0.3933895,1.0,0.11626506,0.52011055,9
0.6033878,0.1969523,0.6836506,0.24194103,0.52655727,9
0.58660656,0.24448481,0.75044256,0.4,0.56074977,9
0.864564,0.30425903,0.49881846,0.30946633,0.51675767,9
0.8855435,0.49558002,0.731108,0.25002173,0.4961546,9
0.7483778,0.4522145,0.87964207,0.4,0.57438976,9
0.5944299,0.28556004,0.9195339,0.26496822,0.52008456,9
0.7714049,0.49563318,0.9769854,0.3241615,0.5454736,9
0.7095238,0.3464908,1.0,0.25936592,0.5684983,9
0.8773645,0.49773598,0.81265855,0.13291638,0.52880853,9
0.7915735,0.47602043,0.85638905,0.36590403,0.53437346,9
0.70168346,0.3745327,1.0,0.4,0.5900071,9
0.8109591,0.5791828,1.0,0.2345836,0.5454932,9
0.8594675,0.43445414,0.8450074,0.283716,0.5584098,9
0.80638206,0.45926455,0.9214126,0.4,0.5484261,9
0.690717,0.30234376,0.9211948,0.29430065,0.5571507,9
0.709416,0.38600162,0.7628979,0.4,0.5268559,9
0.5436116,0.20020661,0.93557996,0.21365696,0.5060473,9
0.6839741,0.48072055,1.0,0.38940057,0.48035383,9
0.83728474,0.5156078,1.0,0.39620247,0.52990746,9
0.5243241,0.22331177,0.8101917,0.2547223,0.48307964,9
0.4842959,0.15009663,0.86650145,0.33387196,0.5523149,9
0.822581,0.4775062,0.82795286,0.2165298,0.5032797,9
0.5419825,0.2863424,1.0,0.4,0.5279542,9
0.63301516,0.21281362,0.72537756,0.39136165,0.5294272,9
0.7655326,0.45187905,0.95890063,0.4,0.49975473,9
0.844066,0.46125165,0.77979636,0.4,0.53922445,9
0.57106566,0.30754122,1.0,0.36411837,0.5439295,9
0.86419857,0.5814774,0.98483694,0.3347429,0.4892423,9
0.7877358,0.45687473,0.7834349,0.33710653,0.58449274,9
0.7390011,0.366343,0.69196516,0.34916073,0.48201734,9
0.7703971,0.5441765,0.97084516,0.4,0.6076668,9
0.9531822,0.656643,0.93998724,0.2023753,0.5821856,9
0.7262678,0.47692132,0.97164357,0.35224214,0.59784377,9
0.7553741,0.45800632,0.8065544,0.298193,0.5536037,9
0.66824967,0.2600783,0.87770945,0.1283825,0.5478682,9
0.6467525,0.3090837,0.866287,0.12928157,0.580268,9
0.9383238,0.71452,0.9799478,0.32024056,0.53662413,9
0.6937444,0.51798785,1.0,0.32157946,0.641722,9
0.85903317,0.4981457,0.8434483,0.278922,0.5303064,9
0.6958252,0.52248144,1.0,0.33614743,0.48751405,9
0.71591127,0.34613436,0.9766156,0.4,0.5104061,9
0.87607,0.6638194,0.956839,0.20632279,0.50620335,9
0.772929,0.20600833,0.6301743,0.39200145,0.5586161,9
0.8033385,0.48680475,0.81206053,0.25126842,0.52810454,9
0.6877659,0.18095462,0.5351821,0.34886795,0.5323134,9
0.86522734,0.6493866,0.9380739,0.2925113,0.5086652,9
0.68612,0.22090551,0.8251863,0.12947944,0.5620742,9
0.8089324,0.58519626,0.8842223,0.35037982,0.5582273,9
0.55399555,0.29642546,1.0,0.32876113,0.52439606,9
0.6985309,0.41508266,1.0,0.09019576,0.49043167,9
0.7600913,0.3608816,0.81628466,0.28330237,0.5074269,9
0.6960796,0.32234633,0.9678853,0.4,0.5659898,9
0.51469815,0.17329708,1.0,0.18377762,0.59831476,9
0.7662434,0.39279583,0.861424,0.19602838,0.55155474,9
0.8132111,0.52100986,1.0,0.30048853,0.5037107,9
0.75776637,0.5729368,1.0,0.4,0.50534445,9
0.7578164,0.41380617,0.69203436,0.24001457,0.6215554,9
0.6353477,0.29585296,0.78580636,0.4,0.5899371,9
0.6347642,0.31201026,0.9315021,0.14020784,0.63926715,9
0.7540703,0.26401854,0.6807972,0.4,0.51953673,9
0.9606961,0.7836795,1.0,0.38372326,0.56650245,9
0.71291924,0.36263412,0.87286264,0.3288585,0.57811314,9
0.67091626,0.22675303,0.70637566,0.3593363,0.53663635,9
0.9030586,0.5406625,0.787807,0.37123793,0.5355916,9
0.6541772,0.39707053,1.0,0.36160794,0.5486581,9
0.7878774,0.43640238,0.9604112,0.30085582,0.49564213,9
0.6993312,0.31134552,0.82807946,0.2993053,0.5105498,9
0.69750726,0.42824343,0.97997296,0.3584774,0.58430326,9
0.74436396,0.3133403,0.8127564,0.21198463,0.5538087,9
0.55997735,0.23536484,1.0,0.30625868,0.5836249,9
0.6833048,0.27533627,0.7583607,0.1892339,0.54334956,9
0.7985818,0.5287011,0.984919,0.4,0.5162894,9
0.88664454,0.5256359,0.7967668,0.4,0.49434012,9
0.62909484,0.20576756,0.7167013,0.39752552,0.5974973,9
0.69382507,0.33756855,0.8453459,0.4,0.5237159,9
0.816202,0.4891845,0.9866258,0.34571323,0.51253635,9
0.8446203,0.7210612,1.0,0.32611075,0.5650207,9
0.8054471,0.4728756,0.77250236,0.35017005,0.5466502,9
0.727586,0.33828613,0.8009138,0.29955685,0.49708742,9
0.7655944,0.4152157,0.8164256,0.22493751,0.4905816,9
0.7462656,0.3997825,0.84429866,0.11637177,0.5248023,9
0.6970242,0.35165983,0.908457,0.31864953,0.5465318,9
0.74688864,0.5061479,1.0,0.31547302,0.49964342,9
0.6071527,0.33174032,1.0,0.39012483,0.5200974,9
0.75069803,0.42705846,0.9769446,0.4,0.598161,9
0.706313,0.18554346,0.57997286,0.4,0.6049809,9
0.8965112,0.6593383,1.0,0.37161958,0.49236777,9
0.69983125,0.333354,0.8085789,0.4,0.5782469,9
0.72957164,0.28323558,0.9835675,0.4,0.61074287,9
0.8284356,0.48666224,0.9501274,0.4,0.59319544,9
0.7171308,0.3524324,0.99362975,0.27521068,0.53962064,9
0.7337124,0.3764754,0.9278096,0.30107924,0.51758856,9
0.65486693,0.15639646,0.52699757,0.319757,0.5369472,9
0.7257715,0.34930378,0.80637354,0.31137264,0.47079292,9
0.95405126,0.73277956,0.92414683,0.30934313,0.5520603,9
0.9002885,0.5773447,1.0,0.27829933,0.54187065,9
0.7738722,0.34694633,0.82874745,0.4,0.48917133,9
0.72577137,0.3167946,0.9780472,0.34736502,0.5589178,9
0.8554773,0.6288551,0.96129894,0.3682264,0.5040251,9
0.6963808,0.40659595,0.9446844,0.4,0.48931834,9
0.7181384,0.372301,1.0,0.32706618,0.5538102,9
0.86384654,0.44259566,0.8208209,0.33080548,0.5376531,9
0.756162,0.44136286,0.91581935,0.4,0.5798838,9
0.60694504,0.33673725,1.0,0.3548399,0.49773437,9
0.79859287,0.5145882,0.8922461,0.12647694,0.5262614,9
0.8252699,0.53250897,1.0,0.4,0.56870824,9
0.5023902,0.14605954,0.965855,0.19698675,0.5476276,9
0.6523769,0.30720997,1.0,0.4,0.53604376,9
0.48300555,0.21195376,0.86531866,0.4,0.5558007,9
0.6054723,0.15711029,0.791038,0.21096109,0.53648704,9
0.7219189,0.27627283,0.7206394,0.30216837,0.50998545,9
0.7779943,0.37707517,0.7683944,0.24869661,0.5572458,9
0.81278974,0.42468092,0.76333827,0.26004297,0.57662183,9
0.7279481,0.30916154,0.9396291,0.30879402,0.5378057,9
0.62747246,0.24507615,0.7523089,0.4,0.52156574,9
0.946885,0.7413995,1.0,0.4,0.4547709,9
0.692506,0.4155675,0.98455894,0.4,0.5220302,9
0.7512148,0.5275706,1.0,0.3618449,0.5942389,9
0.6549172,0.40530595,1.0,0.29748264,0.51771784,9
0.6793926,0.37452745,0.9843638,0.4,0.4980469,9
0.5291149,0.20589726,0.9515239,0.344879,0.5484897,9
0.68550384,0.28623754,0.7086253,0.3369003,0.514622,9
0.89923716,0.6885167,0.9575565,0.4,0.5304739,9
0.7102227,0.36204547,1.0,0.4,0.5582775,9
0.73262405,0.48482978,1.0,0.2968007,0.5425147,9
0.8877506,0.4627732,0.6486531,0.4,0.52315855,9
0.8356533,0.5546506,1.0,0.11242915,0.57434106,9
0.7717905,0.4348417,0.97280663,0.37534657,0.53586996,9
0.8114601,0.23139463,0.5460635,0.3055679,0.5128978,9
0.75201225,0.2653092,0.700458,0.27176532,0.54540133,9
0.677768,0.3203605,1.0,0.4,0.4961371,9
0.81690866,0.68130803,1.0,0.179695,0.5542281,9
0.73571974,0.42187342,0.9110249,0.3421384,0.5350215,9
0.78944564,0.46280298,0.76721305,0.33831984,0.5197573,9
0.67802566,0.29463956,1.0,0.2996411,0.5789498,9
0.6817784,0.42799178,1.0,0.4,0.5639934,9
0.8017888,0.44026342,0.9044074,0.2477946,0.53357494,9
0.7563728,0.418159,0.7807407,0.2777208,0.57187384,9
0.6923969,0.36835736,1.0,0.25159505,0.5469351,9
0.87273645,0.59244174,0.8570571,0.29036164,0.5577909,9
0.7679583,0.42401075,0.8837611,0.34298366,0.55391407,9
0.66566163,0.29493493,0.797509,0.36836314,0.55975133,9
0.80854535,0.45649782,0.90038496,0.4,0.5659424,9
0.78718364,0.5601276,0.9823497,0.28717119,0.50080913,9
0.7859689,0.41983178,0.9077265,0.30649978,0.5866759,9
0.7545281,0.3212807,0.67765456,0.29129508,0.59737605,9
0.7245446,0.4631405,0.9156798,0.29825583,0.52843124,9
1.0225992,0.941806,1.0,0.3421159,0.54217255,9
0.9222265,0.5479229,0.81517226,0.32187212,0.5146219,9
0.5903864,0.20811488,0.849946,0.36183017,0.5174353,9
0.8217026,0.38694656,0.8906961,0.35812697,0.50510496,9
0.8412008,0.5317527,0.8797805,0.4,0.5570801,9
0.71003735,0.38971877,0.84224343,0.33173585,0.5576825,9
0.7659545,0.41607773,0.98305225,0.16134275,0.60064644,9
0.87432325,0.48311597,0.8160976,0.39575028,0.53850895,9
0.94909954,0.6129351,0.904201,0.4,0.46983826,9
0.77011317,0.41898203,0.849435,0.4,0.51434803,9
0.7123293,0.2961782,0.7299404,0.35356033,0.5415935,9
0.734908,0.40821195,0.93908376,0.14292726,0.5233741,9
0.78538865,0.43449488,0.85341305,0.11951419,0.53896815,9
0.8613226,0.5971291,0.9271908,0.3361489,0.52985126,9
0.7846846,0.4941874,1.0,0.124336325,0.5702919,9
0.61980057,0.20275033,0.84321475,0.4,0.5684592,9
0.83770674,0.68794805,1.0,0.4,0.53698486,9
0.7885522,0.30652446,0.61978465,0.4,0.47384894,9
0.9353647,0.56774324,0.79204285,0.4,0.4687509,9
0.72421575,0.48478216,1.0,0.38889787,0.5719122,9
0.7778246,0.60767,1.0,0.23979266,0.5340783,9
0.7056217,0.30970243,0.82306224,0.22366753,0.52829576,9
0.79387444,0.5025455,0.98927647,0.25663772,0.5326957,9
0.93881285,0.65793663,0.9143015,0.4,0.5367203,9
0.8123396,0.6223133,1.0,0.28873068,0.5445192,9
0.7119378,0.36811978,0.93803304,0.34204996,0.5049888,9
0.6841489,0.26813617,0.74501395,0.4,0.46941173,9
0.7233059,0.40062007,1.0,0.3885625,0.5159527,9
0.751987,0.44228107,1.0,0.19023876,0.53939027,9
0.65959823,0.38353553,0.873471,0.4,0.53052634,9
0.8413866,0.48468608,0.90551287,0.20678549,0.5352916,9
0.58440965,0.27569216,1.0,0.39007923,0.5542153,9
0.8334171,0.46848825,0.7702665,0.13967644,0.5158186,9
0.64948595,0.34689584,1.0,0.33507764,0.53724504,9
0.79374087,0.53473824,0.9746376,0.33181062,0.5325545,9
0.71371645,0.3742815,0.72521085,0.15811706,0.51589566,9
0.74052423,0.32748407,0.82866675,0.3434999,0.50569266,9
0.7410318,0.34189165,0.8182637,0.4,0.47852615,9
0.8705993,0.72040975,1.0,0.27162203,0.57370603,9
0.84829396,0.45215166,0.8492346,0.23846653,0.48211285,9
0.678029,0.3326995,0.8514353,0.26949686,0.5868818,9
0.6549502,0.32222766,1.0,0.24642196,0.5130708,9
0.87881285,0.6455955,0.93389815,0.26713213,0.53412193,9
0.74664253,0.33568913,0.77596945,0.27196848,0.5120397,9
0.6762368,0.35958695,1.0,0.31445327,0.56843066,9
0.7826827,0.3978642,0.8565798,0.4,0.54206777,9
0.6999861,0.39702314,0.7850837,0.32025927,0.55639684,9
0.7977833,0.59997404,1.0,0.32067305,0.54001653,9
0.6836937,0.2153243,0.7276947,0.2574653,0.5821064,9
0.73953116,0.35886338,0.8802808,0.39020658,0.50442874,9
0.7384606,0.3368679,0.88049585,0.32315978,0.59208554,9
0.5598284,0.2559066,0.99547446,0.29349232,0.46047753,9
0.72270095,0.35430405,0.7968364,0.21908279,0.594176,9
0.80556524,0.3481427,0.7339497,0.3356974,0.5787287,9
0.7000319,0.35191086,0.86853546,0.31712577,0.5819607,9
0.74354786,0.5010626,1.0,0.27848184,0.5225907,9
0.92354643,0.62720597,0.99166876,0.4,0.5433793,9
0.70998335,0.46655855,1.0,0.4,0.47180372,9
0.74483776,0.26871672,0.7814723,0.37991542,0.5694614,9
0.505733,0.118028045,0.7711466,0.4,0.56049776,9
0.57593447,0.18424673,0.85254383,0.10373544,0.52141345,9
0.6102964,0.23046799,0.70617336,0.16130212,0.51258945,9
1.0495685,0.8123221,1.0,0.4,0.49385765,9
0.86459315,0.5691256,0.85924953,0.22168878,0.51815,9
0.78735965,0.51727325,0.8859944,0.3165475,0.5166219,9
0.6383401,0.3585216,1.0,0.3900156,0.5269643,9
0.7564631,0.39230308,0.8621426,0.3346355,0.5222754,9
0.6630432,0.10163694,0.62669903,0.4,0.57579136,9
0.6161401,0.27072525,0.8147163,0.4,0.5464114,9
0.89232683,0.5478325,0.830728,0.1898142,0.5500744,9
0.76883334,0.4204537,0.78961307,0.4,0.53364193,9
0.7445806,0.5414076,1.0,0.22226807,0.60496604,9
0.8735802,0.45792618,0.7790883,0.33993992,0.6110928,9
0.7152757,0.3575681,1.0,0.3987137,0.52275187,9
0.7928089,0.35278502,0.92982626,0.24353598,0.6132194,9
0.7500992,0.4921005,0.8670819,0.2646832,0.5440427,9
0.53683084,0.16166966,0.8571312,0.29568875,0.5742971,9
0.80703944,0.47094283,0.8351098,0.3569693,0.48037595,9
0.6917332,0.32716107,0.977007,0.4,0.57930285,9
0.77320015,0.5707161,1.0,0.2902115,0.62008244,9
0.709123,0.33683392,0.77468514,0.23542856,0.5424906,9
0.74804676,0.30235937,0.75666785,0.35413748,0.4770858,9
0.7755716,0.45770898,1.0,0.35804528,0.55534655,9
0.61572665,0.25265127,0.859695,0.4,0.5650437,9
0.5122848,0.26431954,0.84178317,0.4,0.5471542,9
0.70341796,0.4532824,1.0,0.31083632,0.4624033,9
0.6969172,0.35748908,0.9601453,0.14797083,0.5665578,9
0.68565196,0.40061378,1.0,0.2892917,0.5275967,9
0.77628845,0.46130413,1.0,0.31027892,0.5039472,9
0.7612873,0.4359283,1.0,0.36305696,0.6304466,9
0.86041105,0.7063787,1.0,0.4,0.55321306,9
0.7875566,0.6061988,1.0,0.13718614,0.5829232,9
0.6964701,0.24615125,0.7303172,0.4,0.5382371,9
0.718232,0.50820094,1.0,0.4,0.49304503,9
0.7203865,0.26569262,0.7732732,0.20099103,0.54439294,9
0.75110584,0.3262194,0.8000903,0.3088201,0.5129287,9
0.7431167,0.577516,1.0,0.4,0.5822305,9
0.6111976,0.3296604,0.87612194,0.22690342,0.4964948,9
0.6400817,0.4214767,1.0,0.37955442,0.5682169,9
0.92351794,0.59018934,0.8744031,0.39762524,0.4978315,9
0.80730534,0.5422744,0.92259634,0.4,0.5608002,9
0.67376065,0.3701118,0.9330074,0.13017239,0.5106998,9
0.6739788,0.17064136,0.7126209,0.3337505,0.5158992,9
0.7710704,0.3779102,0.86042047,0.2007542,0.50889874,9
0.72203475,0.23925947,0.60367054,0.27070728,0.5380354,9
0.74714565,0.43116787,1.0,0.220396,0.6231562,9
0.65514666,0.20425825,0.6151562,0.23233956,0.5340705,9
0.73375714,0.4458044,1.0,0.18092085,0.5466376,9
0.77833986,0.4838154,0.941949,0.37849414,0.6150118,9
0.6339367,0.23526594,0.86580324,0.32016185,0.53937453,9
0.7242836,0.52152234,1.0,0.4,0.59083027,9
0.7964455,0.36666375,0.86211306,0.3884137,0.47459906,9
0.6678412,0.3633777,0.7897304,0.28748882,0.50737584,9
0.9004883,0.6428238,0.9248912,0.3097047,0.54760027,9
0.7585392,0.4857578,0.91739315,0.3145181,0.5174973,9
0.79496753,0.42247334,0.8780235,0.3312458,0.53450084,9
0.9782987,0.75301975,1.0,0.26391777,0.5578173,9
0.6957767,0.34182078,0.95128596,0.36117786,0.4766443,9
0.7501146,0.3071972,0.7038121,0.33953816,0.560404,9
0.58140886,0.21751107,0.947077,0.4,0.48495403,9
0.7976236,0.46873206,0.93847996,0.2702301,0.4991991,9
0.8713979,0.49452963,0.8977642,0.25155059,0.51857346,9
0.87103814,0.5733608,0.9476713,0.4,0.500007,9
0.7808319,0.47998652,0.8187229,0.24122286,0.6246932,9
0.6571704,0.18080795,0.8334695,0.4,0.54207927,9
0.8586653,0.45086825,0.93864584,0.05,0.5993667,9
0.56650317,0.18143399,0.7270638,0.06752932,0.54303867,9
0.4882024,0.17853351,1.0,0.37552837,0.5112195,9
0.78259265,0.51564944,0.95436025,0.356923,0.4671731,9
0.62668043,0.26927486,0.65690374,0.12718776,0.4999077,9
0.613016,0.20091717,0.9303192,0.31916958,0.6228746,9
0.8109087,0.35192442,0.6602391,0.1852441,0.60091424,9
0.68187976,0.20517904,0.68001837,0.26885077,0.42202726,9
0.6970885,0.4036853,1.0,0.3319954,0.49298692,9
0.7314467,0.30316427,0.8650701,0.34934318,0.58049357,9
0.83516765,0.27449128,0.6100512,0.34860796,0.5379896,9
0.6839461,0.25742647,0.74192506,0.4,0.5605168,9
0.68505365,0.35737082,0.86218315,0.14204374,0.4709475,9
0.69657254,0.40088293,1.0,0.4,0.52392125,9
0.8181189,0.5065088,0.9111867,0.36503094,0.5930142,9
0.82779825,0.5830794,0.97166854,0.31860656,0.58384705,9
0.63734597,0.26840895,0.92307895,0.33291438,0.4978124,9
0.77894324,0.3981914,1.0,0.21128862,0.57622,9
0.5672939,0.16465575,0.74057066,0.3360434,0.4878517,9
0.6316516,0.21256101,0.91665345,0.3731368,0.4925637,9
0.79243654,0.34357843,0.7112498,0.34429824,0.49059287,9
0.78541946,0.5332763,0.9759466,0.4,0.5757255,9
0.6807783,0.34686384,1.0,0.4,0.48551872,9
0.7638482,0.44386175,0.88637036,0.095721915,0.565211,9
0.6314432,0.22707826,0.9493377,0.2419118,0.5273078,9
0.9081712,0.52761006,0.91057754,0.4,0.5035935,9
0.96919125,0.5477479,0.72439647,0.20359775,0.64112735,9
0.6959568,0.4056816,1.0,0.4,0.6391235,9
0.7513841,0.2830576,0.6180162,0.33713314,0.5427263,9
0.84463614,0.4865292,0.8896406,0.22239481,0.55287534,9
0.72403556,0.4028061,0.9058095,0.4,0.6144265,9
0.8142921,0.4474892,0.90153503,0.31292382,0.5432831,9
0.58237195,0.2937947,0.8927582,0.4,0.585241,9
0.7131047,0.37282503,0.9336962,0.4,0.5474372,9
0.7318558,0.3983658,0.8018138,0.25913554,0.5770693,9
0.8416449,0.4593329,0.88517606,0.4,0.43669218,9
0.7735757,0.45542815,0.86076534,0.23728201,0.477233,9
0.7800077,0.45451578,1.0,0.32717913,0.541266,9
0.7659215,0.3390296,0.8746199,0.4,0.49300188,9
0.750554,0.35455102,0.8451288,0.4,0.44317606,9
0.78684783,0.53099966,0.9579518,0.4,0.53380555,9
0.7436016,0.44605732,0.94703686,0.3433556,0.52931595,9
0.51628494,0.20949647,1.0,0.30610448,0.49802932,9
0.7161241,0.3045479,0.7248881,0.4,0.46991494,9
0.8159224,0.33018592,0.8562406,0.17735231,0.53322285,9
0.76661795,0.34627405,0.8998426,0.3955097,0.53276664,9
0.7750909,0.4492882,0.8291212,0.05,0.53589815,9
0.7738725,0.34890836,0.9292846,0.3242832,0.53325933,9
0.7941915,0.4907351,1.0,0.08069882,0.5166011,9
0.9010484,0.47956583,0.7643978,0.2837715,0.51822466,9
0.82915133,0.445177,0.8675026,0.31213078,0.50424975,9
0.64930224,0.35849306,0.9593041,0.14951552,0.5593441,9
0.53897744,0.23989378,1.0,0.22132698,0.53170466,9
0.8302157,0.49858287,0.880922,0.34894094,0.4881265,9
0.9049093,0.59931165,0.9294767,0.13844815,0.5346311,9
0.58478063,0.13369673,0.6969774,0.34630698,0.55624396,9
0.7136309,0.44169414,0.927244,0.4,0.50834286,9
0.6742662,0.34709442,0.8267221,0.4,0.49994642,9
0.80729514,0.41617256,0.93997425,0.28297967,0.46630618,9
0.719169,0.34176543,0.80894613,0.22818318,0.5473814,9
0.78295124,0.52310777,0.93785995,0.4,0.518092,9
0.88082844,0.6601023,0.9164003,0.35539618,0.562821,9
0.94653565,0.5779289,0.8370914,0.29723573,0.4914659,9
0.71427995,0.4175856,1.0,0.1438452,0.5242618,9
0.67747694,0.24207449,0.77262753,0.28655493,0.5338126,9
0.7652397,0.50873256,0.9127367,0.1728066,0.5253577,9
0.54522294,0.25226828,0.90657854,0.37041187,0.52940667,9
0.8654962,0.58061194,0.9182028,0.21558672,0.55059,9
0.7967701,0.50683063,0.822114,0.4,0.5363894,9
0.79883957,0.40567553,0.84454864,0.31939304,0.4959057,9
0.8100294,0.45359007,0.914315,0.30896294,0.5013933,9
0.5963105,0.24703656,0.8140435,0.35693806,0.523947,9
0.7123608,0.30776837,0.7610769,0.4,0.53286064,9
0.9020505,0.4998117,0.8645887,0.3502263,0.58067656,9
0.6248291,0.35142702,1.0,0.28499448,0.5527383,9
0.803201,0.4342085,0.91283095,0.18054287,0.51290876,9
0.9140738,0.61971384,1.0,0.4,0.5256112,9
0.9777428,0.4704718,0.61838967,0.3578253,0.49974462,9
0.7183844,0.30703652,0.76393396,0.22719683,0.5623308,9
0.8476356,0.5092943,0.82612324,0.4,0.5743828,9
0.70312923,0.36957467,0.94007653,0.24129052,0.49625522,9
0.7893924,0.40524098,1.0,0.34704387,0.5364671,9
0.80087215,0.4032011,0.81820005,0.16374958,0.5294791,9
0.79707694,0.52448267,0.9366926,0.23139422,0.57431066,9
0.7365038,0.36365902,0.9316324,0.25367168,0.5964912,9
0.6400988,0.16909447,0.7597594,0.24836893,0.5307873,9
0.82051206,0.40206096,0.90665644,0.1501634,0.47566298,9
0.74542964,0.44438758,0.8921412,0.4,0.48050332,9
0.7482242,0.40660158,1.0,0.2743735,0.5374546,9
0.77628756,0.39333594,0.7982155,0.4,0.49432927,9
0.68741447,0.2543615,0.78850245,0.28372973,0.5284088,9
0.65112925,0.34567052,1.0,0.35261977,0.51832426,9
0.7346766,0.4428144,0.80445904,0.16831969,0.5500609,9
0.65464145,0.3144249,0.8631042,0.21125092,0.473693,9
0.950854,0.6891013,0.8729654,0.38030007,0.5483892,9
0.90180355,0.7018854,1.0,0.4,0.49690846,9
0.6469391,0.3898145,1.0,0.2215169,0.4694643,9
0.5740161,0.29534602,0.9915183,0.38959032,0.58205533,9
0.5435788,0.21043625,0.9944141,0.4,0.61766326,9
0.64984864,0.3477016,0.9227906,0.36446577,0.58778095,9
0.7456571,0.31956205,0.70421165,0.37962595,0.5164146,9
0.7663797,0.29531783,0.7346897,0.21029283,0.43477833,9
0.7603829,0.37413612,0.94533664,0.3217337,0.6190115,9
0.7326939,0.5288498,1.0,0.4,0.5080981,9
0.75574815,0.44856927,0.9522134,0.4,0.52737486,9
0.60842985,0.15149821,0.79993236,0.4,0.53075475,9
0.59209937,0.32605994,1.0,0.4,0.51431495,9
0.6715044,0.26855168,0.6417674,0.22605816,0.4570853,9
0.7995582,0.30870572,0.6870318,0.24093549,0.52547693,9
0.70466834,0.3745487,0.97575706,0.4,0.57406974,9
0.71568143,0.29131994,0.76549405,0.4,0.5976593,9
0.730724,0.33248422,0.9352069,0.31173083,0.6099504,9
0.9402278,0.69169444,0.89166516,0.18866791,0.5124973,9
0.80012983,0.42417976,0.89372146,0.25627655,0.5652894,9
0.7423706,0.3429641,0.8377865,0.15237878,0.61512756,9
0.73493236,0.33293825,0.9701681,0.36262748,0.5456803,9
0.6448695,0.23982641,0.94439113,0.4,0.60558474,9
0.6136942,0.32713023,1.0,0.25280514,0.52869385,9
0.88537467,0.71638286,1.0,0.4,0.50752777,9
0.9816976,0.5194448,0.7924863,0.36953384,0.5194801,9
0.89734465,0.64629334,0.99384195,0.3134519,0.5253208,9
0.73729414,0.4017086,0.917799,0.18492684,0.4910448,9
0.74547875,0.36823985,0.6706491,0.4,0.5595277,9
0.73981273,0.28242192,0.83541834,0.24560618,0.49796754,9
0.84894603,0.6303249,1.0,0.39569756,0.4579456,9
0.64640754,0.3505903,0.9292831,0.4,0.54181874,9
0.681406,0.3743756,1.0,0.21522544,0.5676254,9
0.79509664,0.34592566,0.61829376,0.21627827,0.54986674,9
0.6537855,0.38048846,0.9595441,0.4,0.55770767,9
1.0142725,0.68434185,0.77429503,0.35004616,0.5122572,9
0.6295604,0.17147048,0.58508784,0.4,0.5423591,9
0.72975224,0.539089,1.0,0.38083467,0.49245325,9
0.75356877,0.34788045,0.7823664,0.18220374,0.5195349,9
0.86278313,0.51376593,0.88313323,0.23169246,0.57708406,9
0.83332086,0.42429885,0.78482693,0.15158883,0.5425871,9
0.7684238,0.3476204,0.84605324,0.23168285,0.5543839,9
0.66744626,0.37115744,0.99590254,0.36712903,0.613194,9
0.6821775,0.35944828,0.8646002,0.2369416,0.6675349,9
0.7476682,0.3464574,0.91600645,0.17968212,0.5756703,9
0.5890329,0.2278615,0.94016176,0.4,0.51913315,9
0.71610874,0.33895203,0.9398964,0.19645047,0.5301218,9
0.7351844,0.40139052,1.0,0.34803766,0.6154218,9
0.7861802,0.42563775,0.9405988,0.4,0.59565675,9
0.6053589,0.24074776,0.94138986,0.3983982,0.4893747,9
0.6105351,0.24912824,0.81041235,0.4,0.5548101,9
0.85011435,0.38365564,0.6587947,0.3030075,0.4897638,9
0.73098296,0.43016732,0.83607197,0.2684537,0.5052987,9
0.6215205,0.25936937,0.96340734,0.17160462,0.50849354,9
0.67095405,0.44365594,0.9732368,0.2400509,0.5553068,9
0.7544553,0.4553349,1.0,0.4,0.5358245,9
0.6859347,0.29933017,0.8780562,0.3921408,0.5591705,9
0.68623495,0.25553197,0.68686885,0.34470853,0.50902265,9
0.72323674,0.5571958,1.0,0.1876179,0.56173044,9
0.87917274,0.50606537,0.86761415,0.30614275,0.50173527,9
0.8317864,0.5458002,0.9345981,0.23403516,0.50562084,9
0.8928398,0.6372771,0.9720933,0.3056326,0.55484736,9
0.69671726,0.5052244,1.0,0.4,0.5219318,9
0.59134686,0.26171368,0.9848205,0.17316467,0.4602165,9
0.6346923,0.17398928,0.79473245,0.3022924,0.50067043,9
0.72160375,0.46019492,0.98938054,0.33766782,0.50869673,9
0.6867712,0.3788147,1.0,0.2948855,0.49010146,9
0.5723617,0.17984991,0.74029434,0.2561917,0.57482725,9
0.9232267,0.704412,1.0,0.36078545,0.5170682,9
0.76698107,0.29171866,0.751849,0.21326713,0.54167324,9
0.6895409,0.41938332,0.85907316,0.32381928,0.47624445,9
0.81393987,0.3669413,0.7112397,0.3045173,0.5354749,9
0.72242755,0.5063572,1.0,0.35620156,0.5688449,9
0.7355557,0.3451734,0.6538764,0.3881581,0.5097409,9
0.7873515,0.3997393,0.912809,0.3399605,0.5837927,9
0.8244301,0.54341316,0.9119225,0.4,0.53391707,9
0.7799206,0.42436108,0.8906185,0.4,0.5899681,9
0.7125541,0.34850514,0.8817856,0.4,0.5927932,9
0.9651828,0.6127261,0.8723558,0.36963052,0.45360845,9
0.71839195,0.31474775,0.9097724,0.4,0.5842173,9
0.71967334,0.2646478,0.8357636,0.4,0.5220088,9
0.68503535,0.45973852,1.0,0.34985417,0.54705536,9
0.844275,0.4302572,0.75419664,0.1289927,0.54868907,9
0.8815093,0.49076444,0.7108109,0.4,0.5011139,9
0.6805219,0.36508426,1.0,0.2569828,0.4976026,9
0.84723383,0.6362811,0.83199424,0.19303712,0.5490299,9
0.6464425,0.22604282,0.73579395,0.32523397,0.5937421,9
0.8553218,0.35601264,0.7223243,0.38969442,0.5739252,9
0.72012377,0.308448,0.80674505,0.28076923,0.5506802,9
0.8264409,0.55913985,0.889643,0.4,0.5511468,9
0.6423283,0.25180608,0.861324,0.4,0.47037953,9
0.9068001,0.59563917,0.86724627,0.33753204,0.5649463,9
0.6859401,0.31553516,0.9035805,0.38322866,0.5099893,9
0.7352855,0.362437,0.91894555,0.28670448,0.50561357,9
0.81995195,0.40722612,0.772758,0.19825879,0.5836155,9
0.9047971,0.45961198,0.8687738,0.32616958,0.55931854,9
0.5880377,0.23936689,0.93560433,0.29964903,0.50247526,9
0.7974949,0.45195246,0.9306959,0.2409979,0.58391345,9
0.60404533,0.42687947,1.0,0.24332316,0.48982605,9
0.8307819,0.5173124,0.9196049,0.20645441,0.55143404,9
0.89226526,0.60837126,0.9868014,0.37014928,0.5702906,9
0.68101364,0.3119861,0.91564035,0.31236905,0.5124958,9
0.78044367,0.46209532,0.92924714,0.27676034,0.46350315,9
0.79871607,0.49278298,1.0,0.23057568,0.609791,9
0.7341385,0.4306606,0.8576879,0.32211515,0.5804119,9
0.8204854,0.5753893,1.0,0.38816178,0.48896074,9
0.62797296,0.25366527,0.7415952,0.4,0.50879943,9
0.57366866,0.15580736,0.6826521,0.4,0.5403484,9
0.8575366,0.52829856,0.8940065,0.23714288,0.56935626,9
0.66551584,0.5165536,1.0,0.4,0.6167054,9
0.89859205,0.40699902,0.7596445,0.39396814,0.5215464,9
0.8740364,0.65474546,1.0,0.3498425,0.5400033,9
0.84754086,0.41598266,0.89946455,0.33012214,0.53935033,9
0.7694972,0.44576392,0.9960639,0.25955302,0.5571111,9
0.67383486,0.32678142,0.86621875,0.4,0.55462813,9
0.8881584,0.50019795,0.883127,0.24446309,0.5571614,9
0.74229383,0.29875726,0.8612843,0.4,0.51321244,9
0.76058567,0.380067,0.82389534,0.12172912,0.56731516,9
0.83019894,0.6423066,1.0,0.3028933,0.43374527,9
0.85504824,0.36021167,0.73570246,0.19736184,0.45610282,9
0.7753865,0.4168018,0.86680466,0.22601691,0.5324353,9
0.60162777,0.270626,1.0,0.3788983,0.5859295,9
0.6382881,0.22588971,0.90192634,0.260774,0.5516236,9
0.66716534,0.30782193,1.0,0.33794403,0.57292074,9
0.74456096,0.31543806,0.85596925,0.4,0.56449056,9
0.6446196,0.3709742,0.985706,0.22800845,0.57191485,9
0.51911455,0.2559555,1.0,0.32869425,0.57280815,9
0.6914294,0.2863787,0.70652837,0.27461374,0.586082,9
0.81788254,0.5767847,1.0,0.34747788,0.5545659,9
0.6971895,0.27496532,0.9343662,0.4,0.52054125,9
0.95150477,0.62449944,0.90953207,0.279394,0.49003553,9
0.83930343,0.6784272,1.0,0.22806609,0.49752986,9
0.877667,0.50170666,0.77698445,0.26979265,0.48924744,9
0.69297636,0.41528553,1.0,0.4,0.48157445,9
0.70837176,0.22931279,0.6271952,0.4,0.5546656,9
0.6273048,0.34664157,0.9605747,0.2601604,0.5233149,9
0.71220505,0.41199479,0.8439047,0.13220948,0.5466042,9
0.7506113,0.44621703,0.9863088,0.31700698,0.51715326,9
0.6567276,0.21591242,0.698877,0.27502927,0.5125872,9
0.6660945,0.36085272,0.91989595,0.35398564,0.5617336,9
0.777086,0.38431302,0.77247834,0.31163892,0.5132656,9
0.735738,0.29998088,0.77706194,0.30790976,0.51227486,9
0.79140544,0.6427833,1.0,0.1292723,0.53557,9
0.7402363,0.41371882,0.8604956,0.38490477,0.52389336,9
0.77676934,0.42670992,0.90378463,0.4,0.45985502,9
0.8432009,0.5526687,0.82624567,0.3361921,0.53548914,9
0.6953707,0.4007365,0.86212,0.34335577,0.47602627,9
0.71075577,0.49799,1.0,0.4,0.5688471,9
0.7764552,0.41977003,0.9137253,0.4,0.5622992,9
0.6526825,0.24224976,0.94567055,0.3137235,0.49741092,9
0.84959334,0.654442,0.9987854,0.20730013,0.49806282,9
0.98338974,0.75761634,0.9730591,0.30614677,0.48441818,9
0.7310138,0.35528716,0.845912,0.12348516,0.4891319,9
0.6550115,0.37037733,0.86645687,0.17159279,0.50352836,9
0.8976565,0.59983844,0.9344189,0.31873187,0.6007671,9
0.7828947,0.6021871,1.0,0.1978985,0.5601365,9
0.8781734,0.6512169,0.9837169,0.37877384,0.5319526,9
0.6892587,0.30566478,0.86864054,0.05,0.5718753,9
