pin,t0,t1,t2,t3,t4,t5,f0_peak,f0_energy,f0_fwhm,f0_rise_time,f0_centroid,f1_peak,f1_energy,f1_fwhm,f1_rise_time,f1_centroid,f2_peak,f2_energy,f2_fwhm,f2_rise_time,f2_centroid,f3_peak,f3_energy,f3_fwhm,f3_rise_time,f3_centroid,f4_peak,f4_energy,f4_fwhm,f4_rise_time,f4_centroid,f5_peak,f5_energy,f5_fwhm,f5_rise_time,f5_centroid
817280,0.0,0.2981521964531987,0.5728379078895629,0.8440602673868032,1.0907918268879393,1.2687772651220792,1.1223370461228366,1.0769972367502947,1.0,0.17096804151133974,0.5082021460103628,1.2,0.9051594552841126,0.6257885865947668,0.15354451778526576,0.530327734184852,1.2,2.0,1.0,0.25445440061060387,0.5018716972382876,1.2,0.7349200785815382,0.5697947173763978,0.1663760138065324,0.4969717099661924,0.8220767325804001,0.49019946888436666,0.7956584018108113,0.20927577969811514,0.49753338754710874,0.3,0.1,0.6933353520795811,0.32849492972965716,0.5659422219455057
569316,0.0,0.1855637277769802,0.3593486047560628,0.6062705050215305,0.8648115453609644,1.17665029604641,0.7145623845583653,0.1,0.2411643188362299,0.4,0.4227121327010544,1.2,1.870899014512387,0.8459585841967482,0.3929970898521506,0.569772811866088,0.7390257981938313,0.25099427428066445,0.7188793552123652,0.24613494835597513,0.5720855564195156,1.1969445587240255,0.9321393128318766,0.7960708857933189,0.2943572195618522,0.4863490221483891,1.2,0.9613511747065556,0.5993075488318961,0.11310770683380289,0.5091166929345624,1.2,1.5669143925364888,0.8447198441308926,0.2902077989090309,0.540731616432651
610136,0.0,0.27131460121722134,0.7219300510967128,1.1178890232782899,1.3689788037547577,1.5528093479014182,1.2,1.0561300059520393,0.5817595015106599,0.31780247400052414,0.5686101411667803,1.2,0.6907116596221163,0.5616925778860682,0.2626225443072578,0.52328444980697,0.30407311645656554,0.11744505541451608,0.9799769892680528,0.30373065324874127,0.5000004327129844,1.2,1.2539182867649805,0.7496490112479189,0.21781896412321752,0.49295094195621253,1.1263098319070899,0.8527608379732818,0.8460532066482749,0.32777975464120457,0.4477227959230142,1.2,2.0,0.9072291538999403,0.2194833440187483,0.5492339559098757
160908,0.0,0.2914440319913219,0.5873252433860421,0.828707723141561,1.0165276153240959,1.2128485825612954,1.2,1.1584856296633483,0.6539912468937364,0.4,0.5678348934438155,1.2,1.0592076179632834,0.5757646100113202,0.24859111461642794,0.4937829036817984,0.5827578994206093,0.3095064447128921,0.7664732647220529,0.37690834462127654,0.5144622375606902,0.7831165618039742,0.38979445563512666,0.69930007554338,0.4,0.5097810599233978,0.3,0.1,0.8407617466648899,0.13236449147402665,0.5780378597183637,0.6759521970879887,0.19006198765032334,0.4544071241038855,0.4,0.5092579494322851
813303,0.0,0.2677672927806845,0.5255018460637695,0.5763701641560448,0.9984621875068173,1.4300135591384604,0.46441003233629363,0.10801155657927297,0.6926307458408617,0.09360792514722026,0.42699069605995715,1.2,1.3679322643864906,0.8205662991722291,0.37064913798068067,0.5353358996184556,1.1300108816919536,1.0113887736205223,1.0,0.184596971565417,0.5275934296208052,1.1565775191443926,1.2411338714452689,1.0,0.4,0.4977262451516486,0.3,0.1,0.7418978559879461,0.4,0.5710667224006251,1.1119935012392057,0.7713646883020168,0.756283712288881,0.31776448951171304,0.5411174564038389
675809,0.0,0.31539572404299643,0.5517865466834782,0.7568032962000413,0.9524340380678536,1.1400250568188635,1.2,1.284157187309158,0.6726125095905194,0.4,0.5143735955527757,1.2,2.0,0.9783017325120569,0.21140840447308837,0.4593802245812206,0.3,0.1,0.7142056432024271,0.1907030347667092,0.5043499961776718,0.8353249213793166,0.5286376480929059,0.8530076948069406,0.2959867855765015,0.47080193274797233,0.32800083403059666,0.1,1.0,0.4,0.4945696462833381,0.8723356126250057,0.4033991650201789,0.8581793845628931,0.27531409249523975,0.530543426243294
183313,0.0,0.31191601605875474,0.5916622343883855,0.6592596198367712,0.8982365246924713,1.145424130697933,1.2,0.8692152131984874,0.6093764003773569,0.09592275801070418,0.5054191375364675,0.5708836631524206,0.23074439896731727,0.8043171598919647,0.05,0.5207065272754438,1.1410249644309258,1.0782754334527296,0.9512288948203685,0.2963227430941165,0.5736470289425611,1.1803730780030592,0.8781827863902278,0.7585344685111054,0.30590654761372865,0.5693286158372263,1.2,1.596644052121153,1.0,0.33205203786522286,0.4971268983559541,1.170806030512313,1.0666495922800663,0.9805470893237028,0.36640672981749683,0.5768931267042257
901285,0.0,0.19073082906552494,0.5989172117620323,0.7821703018482682,1.0592647687278132,1.2486215670953018,0.6450858763961118,0.4369895598058321,1.0,0.4,0.5499234453475131,0.8812893111196596,0.6483815328798036,1.0,0.3761949034616141,0.5079030292567612,1.2,1.1719703874805665,0.7619764439899592,0.23566174034952816,0.43644328112048336,1.1512806987978406,0.3510985396461187,0.32540266891604697,0.21535467240370187,0.49268397259084196,0.5148070528275763,0.23788395039954086,0.935246654678121,0.27840606633402243,0.47345708093866884,0.8463443641390145,0.1,0.2700195671220059,0.14305838759892875,0.49966099935511576
197479,0.0,0.32108940362181565,0.6024864660560056,0.747320764609962,0.9010659388481596,1.156222375151314,1.2,1.5367201584086132,0.9534485876143314,0.29584417736119517,0.48208217033754525,0.7135769137792995,0.32174522012565093,0.7821137652905087,0.2952742511776732,0.5069719585350665,1.2,2.0,0.9703775955546592,0.05,0.4806423347504316,1.2,1.5706704304618653,0.6507851379462282,0.21974697174026794,0.4882423807366825,1.2,2.0,1.0,0.21521257664459037,0.5401989926977422,0.683966186045247,0.21176542101643295,0.6679884341876459,0.27184459309606346,0.4849468113839249
258787,0.0,0.18398931294268717,0.36628600707561676,0.5490506186310963,0.7738318897215384,0.9434012295473355,0.6344357271573795,0.1782786602781055,0.49801440763253507,0.1159099208998031,0.532246744041569,0.3,0.1,0.2,0.05,0.41334442454182985,0.8061103096189365,0.3527870536961357,0.6950641485881579,0.06393493744000472,0.45856758295226463,1.2,2.0,0.9796198042431509,0.21765759679155747,0.45941477621491666,0.6882153946587232,0.19594502197611957,0.6249606879721872,0.15130098665923225,0.48069744405025444,1.2,1.7998972967848894,0.7737955910436263,0.2415855349584183,0.4936465848255593
619690,0.0,0.29165570162872495,0.6229840476590094,0.7990206827629607,0.956889667420515,1.1703006058992234,1.2,1.4287611541124372,0.592656161810156,0.374199906730598,0.5174108120831874,1.2,0.9669505669768075,0.5551410368579474,0.4,0.5729826924630319,0.660391278649404,0.3046092927089008,0.9206119751574812,0.19379846723728725,0.466887174058854,1.2,1.2574177759068876,0.5968784193663722,0.21266231951148395,0.431950637219824,0.655191949585353,0.323947643516238,0.777665903588858,0.3608599471338717,0.5258796812694082,0.3492331362922412,0.10868595638507735,1.0,0.3836974396826912,0.580921620359746
593538,0.0,0.22188814406420745,0.4696178289243232,0.7146865658615119,0.9414116608709417,1.2280990467607997,0.3,0.1,0.4566875192498221,0.14263503169832156,0.44771806192934527,0.7554061248508513,0.5401710906491415,1.0,0.3595360101440713,0.5322906124031993,1.1669928108553067,0.974311450048114,0.9022485305154411,0.38182733604778324,0.55686733399989,0.3,0.1,0.6305430506623702,0.05,0.5465325012605571,1.2,1.3672107361203605,1.0,0.3587452995223937,0.567992963274736,0.5386631708078414,0.26345774796348453,0.9686479454229896,0.0598744929289772,0.43371482374544473
894245,0.0,0.18064660849499206,0.5164654074017309,0.7001673902485237,0.9280179059039786,1.0981648023344541,1.0040059732146207,0.4790599769525071,0.4472781518658375,0.05,0.48194199615918315,0.7362835174577946,0.34748419999042224,0.8466627586289541,0.38657291354691703,0.5263448597146058,1.2,1.7528337522787176,0.6905780310215208,0.27055878128956923,0.5259774826322794,1.0529343975877037,0.4569545660649675,0.5886338230735035,0.36811681633418725,0.4749428708845992,1.2,1.3222985708958832,0.5292928001469042,0.2401171746181853,0.5276573562618728,0.3,0.1,0.49992545546690287,0.3252663163193796,0.4484223838714091
451824,0.0,0.1853294041297482,0.3911778613448299,0.6776263571555705,0.9262175418176941,1.1405015597828767,1.2,2.0,1.0,0.08073783440791221,0.5742178323949105,0.3,0.1,0.49551168187007794,0.05,0.4890111442335155,1.2,0.9353015019338929,0.6004544841975616,0.21561064504386587,0.5631956268939081,0.7094182316441595,0.12664382049875547,0.38819630251477893,0.05,0.5415199634017694,0.7425755822778343,0.24358151015980972,0.5843556902323425,0.1373536031272712,0.5343445806155145,1.2,1.9109877816964087,0.6775070840924456,0.05,0.5486298165233068
849205,0.0,0.20252325990362097,0.48463833375154847,0.8129643438181463,1.1750183145501278,1.4553530350581652,0.7294707274450314,0.42826782956636583,0.9201685707875419,0.20641054775436993,0.4296469563994779,1.2,1.255664226766981,0.5132073305901625,0.1257274622044236,0.5208792064720652,0.8116361468090955,0.3421047220511058,0.7064997925274707,0.3329744977882171,0.4976904839767453,1.2,0.5889218443043117,0.5436030284288227,0.20653069999522508,0.5196623360076522,0.3439577085767504,0.11326230143454724,0.7875267291217506,0.21097414883131982,0.5984591582217169,0.5800389775535231,0.159654103848009,0.2,0.05,0.4845901064395006
989889,0.0,0.1726546284469287,0.3562133359782192,0.5118199319096051,0.5618199319096051,0.7275019501206895,0.7160973366362746,0.34927502269493926,0.9709545541878571,0.4,0.4800263796433882,0.7359591514613693,0.30529739431289515,0.8314496265617555,0.2760263418523605,0.5292556087976231,0.6898359695254657,0.3889243729222498,1.0,0.37428311897999933,0.5019501294483566,0.4035039720297716,0.1,0.6543314251041306,0.06056287842543273,0.48994090136518126,0.6857698878759045,0.2823628478951073,0.7502463008981002,0.2099442542669042,0.4969108798910779,0.7743733006039161,0.3192857613820699,0.7354154500576409,0.22176615998577,0.43513523706732155
286583,0.0,0.29081376515977503,0.49609597322176124,0.6775123912619798,0.8482441558067819,1.1327945010576994,0.8423627717895003,0.38648583888165144,0.6732839460834498,0.24230174254371706,0.5397219350233786,0.7759228581654164,0.31966286186052256,0.6976355257089839,0.20713828240465212,0.5732647563370931,1.2,0.8629718639920229,0.4506368345101768,0.4,0.6050290693371888,0.3,0.1,0.49628108643422464,0.15657291224217132,0.49422669982152073,0.5807057607255282,0.1579548788396777,0.5348579514938426,0.25389895923809347,0.5018392741396713,1.1963007989170467,1.091913134575734,0.9457834765100421,0.36252973936593297,0.4981587756597357
490896,0.0,0.28852324368937166,0.5111882490873896,0.6780608001794761,0.8681814983236066,1.060657083886668,1.2,2.0,0.8779492214528585,0.10409528078267152,0.5055552415361222,0.8504118474483866,0.4749151823413085,0.8148196448394335,0.2980519465620353,0.5283692605373403,0.55115997185691,0.3168712665583904,0.9383257899231605,0.11671882057980029,0.5637604048231664,0.6669218806560855,0.22962801167562902,0.806060267285674,0.06364358745615473,0.46582475118335054,0.8246463613817191,0.6013594675770711,1.0,0.4,0.5622358197947823,1.2,1.4221337539523136,0.6190821451469976,0.4,0.4951110039487595
033332,0.0,0.43218954077041616,0.5261369509645952,0.5761369509645953,0.6468402769462116,0.821955432269735,0.6388045607356787,0.27770212432699043,0.79501382556718,0.265335594662832,0.5876322056636876,1.2,1.0474803660370693,0.8657154457667601,0.4,0.5998201749721768,1.1359648938792473,0.8157150857528965,0.8422634751424731,0.4,0.5129578972505646,1.1209570256090164,0.9071302353611069,0.9400346725427375,0.23890922813700377,0.5548842548559288,1.2,1.1431714225153597,0.9681737797293881,0.3759896808776878,0.5475944544765696,0.9596400756875365,0.3791286928291046,0.5325768878563673,0.05,0.49461083101326747
792480,0.0,0.27900827634202074,0.5825866805893642,0.799213648914366,0.9903512789462154,1.135457927612665,1.2,1.8820059977282237,0.8282690044093364,0.2620696102355471,0.528469061598688,0.64936345731304,0.19050508637968055,1.0,0.4,0.5281056452692958,0.7847928537006412,0.1679602271023573,0.5846041012034713,0.05,0.4966174529438802,1.2,1.808954220741626,0.6721373763740606,0.4,0.48623038315586764,0.4279170498225833,0.12146203638962627,0.6795974748258047,0.12876085696659292,0.48299038354269813,0.4980893755393405,0.17459792415425224,0.9922546181880761,0.3391628297567118,0.5521029370010689
196322,0.0,0.3614627474259541,0.49957297596319455,0.715507864006966,0.8779076057700883,0.9279076057700884,1.2,1.3300327295798053,0.7862377289370782,0.29551219130986794,0.5488158502517161,0.800036896762372,0.49674259251410396,0.9066554670495317,0.05,0.5572894499148063,1.2,1.204208758524672,0.6268754068380173,0.3412218431614836,0.47115398718810575,1.093774065109467,0.9524270514627329,0.9278522744934429,0.3311656635419891,0.4942928818985497,1.1356350062452,0.6203547419888449,0.5889357214256348,0.05,0.5176036508020315,1.2,0.5642618883815361,0.4224368488523915,0.05,0.474453115087184
354255,0.0,0.22252220717289525,0.39554989078843394,0.6175386619961962,0.7715644625875017,0.8798696457103715,1.1354985636108845,0.9004615025165736,0.8705549147172504,0.20589201249219438,0.549814060719454,0.3656572380161027,0.1,0.43098539590419405,0.05,0.45744832737403807,1.2,1.1979997661995034,0.511043999829379,0.14439420834807443,0.3905037910218018,1.065372847822334,0.5707319324162546,0.6164056333630077,0.11584340826249591,0.4984015818478159,0.3,0.1,0.4160313365309356,0.05,0.4626478714616254,0.6218457049543302,0.161059790059075,0.44334134192615676,0.05,0.46388400659654966
263972,0.0,0.2088661071656532,0.3708631276383476,0.6519681937927937,0.9265353601749082,1.228926084471608,0.8714433528436784,0.6411592402528113,0.9612781261814958,0.388313589290127,0.5139181821170816,1.2,1.5995026262691387,0.7864883053044018,0.3217393395419215,0.5097915631553396,1.1497242398042054,0.8704981608598564,0.8333946941124027,0.3929378951084338,0.6214389964853929,0.6964581856722181,0.3145497495208649,0.921865584622831,0.4,0.5830844901033,1.2,1.9839971199426512,0.8926867636361276,0.24046629617960497,0.5750891903185237,1.2,0.741152879525866,0.714997094545594,0.1793387507088373,0.5248939091058512
182365,0.0,0.2994552958634953,0.5443271961217151,0.729083660170145,0.9135188055912574,1.0902378502194585,1.2,1.8380258711949558,1.0,0.24033589225949478,0.6165890358111541,0.7539518992177874,0.3818672270748643,0.8285907742857929,0.3520325747365025,0.5166961398632521,0.8011167023842692,0.30688447712849487,0.5889211707692273,0.37683768981182736,0.5766363747089169,1.1538261458396433,1.038695251447454,0.9833047949957914,0.23287356353961536,0.5188833199712677,1.2,1.5588777689648632,0.7842353804414895,0.23167585998935353,0.5294251705964829,0.6258668179090587,0.1552889507266973,0.7896639241561558,0.05,0.4495444112697417
983058,0.0,0.20685757926412537,0.48365448678863576,0.8928775085995941,1.1848906730791489,1.359232269704637,0.747129523513024,0.4064551202297788,0.9266780695236091,0.4,0.46257981109911583,0.6245995045715154,0.32682113877124,0.8447803890029509,0.05,0.4916816255111395,1.083662235771235,0.8416036442853824,0.8537835974343161,0.4,0.5394196371546253,0.42879763451699576,0.12709321498592302,0.5247512719169081,0.31293642682834427,0.5016851412970951,0.542977579698238,0.1,0.3245309059627006,0.19637994968447453,0.4848883675096802,0.3513264885678198,0.1,0.49807044674843215,0.13347972099593391,0.5044381202378704
558754,0.0,0.05,0.22046780136944671,0.3991823852845662,0.6419425448545009,0.8442172183461998,0.3,0.15423234212655537,0.7750451711232234,0.08776041379826574,0.5263228327970172,0.3,0.1,0.3544877126325165,0.06073452125748764,0.43815629643979803,0.7804544201039149,0.35857795933556463,0.8343157441041091,0.38582120165821876,0.48626947912065793,1.2,2.0,1.0,0.4,0.5506657117891371,0.3,0.1,0.7339829643415834,0.05,0.4435670766222513,1.2,1.8527424419743737,0.7490924730630728,0.3896474729691972,0.4718825047562109
124879,0.0,0.1846488009053696,0.40338488079453017,0.6297217419194016,0.7955292877213507,1.0443504097594483,1.2,1.2230742766912508,0.8175961035718087,0.21344137295222937,0.5522125580568016,1.0335592429856661,0.7471371959527986,0.7957489038116344,0.28701406298751186,0.4663501958752509,1.2,2.0,0.7124061770322638,0.19605657687375988,0.4738799454838857,0.6557188900513305,0.3208930127447021,0.8145994627234144,0.16898209195609729,0.5643456140582503,1.2,1.7797896174050096,0.721047032137484,0.15486469807382147,0.477965577406884,0.7406571217933356,0.2446628261711396,0.7625803473819626,0.0964368499883328,0.5083398139793337
699655,0.0,0.19308816571800091,0.24607689449776263,0.4316714225683601,0.6200827207842926,0.6700827207842927,1.2,1.6562178945966533,0.7169973101271,0.3074907842413586,0.5143387252056565,0.7755205875339481,0.5068502943048339,0.9331306216252673,0.4,0.4920240391168287,0.66338298569269,0.41616854061366315,0.9115617743958796,0.33342580030262137,0.5623550344837744,1.2,1.6132631981998085,0.7787369211796978,0.1374098420516786,0.5515909804697665,0.3,0.2132587355394916,0.29735080473945275,0.07581352604413268,0.4667028880202752,0.3,0.1,0.2,0.09983649760284592,0.5297022564949085
139241,0.0,0.2304169308419632,0.47014240805442353,0.7806521316156823,1.0398135759012672,1.2095427146532924,1.2,1.0204751793528781,0.6754312062720889,0.05,0.5558414167021827,1.1420888440994041,0.8709136110681142,0.8577455284704788,0.29412916488399654,0.4686500975185134,0.6225346283182195,0.18586883809981522,0.8601250022099131,0.27656243943341463,0.5612269745999647,1.1250485380403255,0.8093963506116544,0.7461982064197152,0.2042727677537111,0.48122774255332146,1.2,1.2029685417053408,0.5089092983000691,0.4,0.4585353973414289,1.2,1.4268940413102444,0.910115387273087,0.33732682406699077,0.5585019945287897
532728,0.0,0.2212289060625436,0.3782219478546594,0.6617245891104768,0.9762250020200517,1.2091328108458734,0.3,0.1,0.6154033962640881,0.05,0.44378775447503693,1.1193567871664742,0.9096705002869285,1.0,0.1718095395209879,0.49945998658927204,0.9917583957535251,0.47587835874937034,0.6068541808460388,0.3075468209669374,0.4526394373864142,1.2,1.7288276372090228,0.7419800063775883,0.16707938083381524,0.513069792530525,1.0135355724859867,0.653100541509009,0.8652306734294619,0.21772581396135177,0.46796011006295624,0.6624845038635463,0.13985771496992874,0.508599592381493,0.3546307777530131,0.4520692633063117
112459,0.0,0.052688015165081356,0.2669242074345298,0.49586092036693896,0.6991308097569786,0.9221309792934955,1.2,1.1493250444158587,0.7329173713614635,0.31725465954937304,0.4859552788758158,1.2,1.4476165043268985,0.9055275361073987,0.4,0.6246217146449589,1.2,0.2617125483581948,0.26463802727797253,0.34354324845668716,0.5208901989722244,1.2,1.7733841211998815,0.7107319487382482,0.28050570658845875,0.4488113139730452,0.5900542845756098,0.25661642049981553,0.5707982726837,0.05,0.48509708423515524,0.6915191108828589,0.27013813800242475,0.8607756014383036,0.4,0.48054380484346737
009199,0.0,0.05819971815912963,0.25676302565178877,0.6508491091502568,1.008482117443268,1.0775288053080916,0.6685315441305288,0.30408700807374,0.944240965201895,0.18434218625781837,0.5701723270078183,0.3301560786406778,0.14076006002797206,0.7009139458464798,0.4,0.4882483604738529,0.8125926061139723,0.49917376928637724,0.9253672314363179,0.4,0.557474991668831,1.2,1.4697326375450563,0.9284465161591995,0.33703767254337624,0.4426162873174385,0.7878399259230607,0.3790180824199095,0.8297463726820117,0.21809925450454293,0.5568176649492856,0.9180978914386287,0.7635903641267726,1.0,0.4,0.5164811316825916
543494,0.0,0.17359530965784004,0.468806066622976,0.7808368806477316,1.0776141213465702,1.378546763793919,0.33874473159394436,0.1,0.4817515493755554,0.05,0.502617601996341,1.2,1.9038338501698975,0.6700472315178342,0.05,0.4602054797412972,1.131766373328141,0.8840543806269292,0.8629951190254908,0.4,0.5288539538122847,1.2,1.5813652367370183,0.6165446994840267,0.2661895453896547,0.5042670154435341,0.8989604306772254,0.527002889105646,0.8829182271371746,0.4,0.5016972283611996,1.2,1.9004245007440768,0.6615496859167418,0.3401881103107326,0.5058277265372296
306896,0.0,0.41516320897718334,0.7135879961186089,0.9537566321248478,1.1334984613903754,1.316306604362052,1.182930437577547,1.0689769861766343,0.9167347595003805,0.4,0.5292131289214579,0.6607862551110119,0.3892171634076028,1.0,0.29888309190268064,0.5823815672181805,1.2,1.1403574759183959,0.5723696903517479,0.28707294410943657,0.5765149028216543,0.8561738535038543,0.4791325328671937,0.8508053287938516,0.05,0.506177285820487,0.7233223821752137,0.5084687487653101,0.9158649851642726,0.14983885631572427,0.5856224986078005,1.2,1.9104674969105444,0.9295014357235002,0.1985375578358584,0.5152705316521832
484534,0.0,0.250372281948185,0.48539871142941693,0.6953113189501237,0.9206855629036855,1.1790890148264532,1.2,1.7576482756318461,0.6965276566844175,0.14729585220339364,0.5554449518291651,0.8890848323814018,0.418843360009329,0.6050117538441954,0.05,0.48254098109820803,1.2,1.022439335658276,0.4187412301349016,0.21358119855519928,0.4416135867987272,0.3,0.1,0.9728561684517154,0.05,0.4368934546666301,1.1016892021334992,1.0551505587320316,1.0,0.2841444046226542,0.539919613670494,1.2,1.131005793320235,0.4967625167188266,0.4,0.4902218999087379
705089,0.0,0.1996249085094955,0.4496431374350833,0.7286526998891962,0.9126810993863201,1.112728635646459,1.2,1.9005880420971137,0.8708159194649683,0.4,0.4519429667254049,0.690128180451804,0.3024730926774963,0.9509293418668774,0.36629735091090637,0.5006542493881834,0.3,0.1,0.2649170248807219,0.29129300067425945,0.5000923039930526,0.3016484322768176,0.10722141033268257,0.9983428013568479,0.10409886519329262,0.5501979335965635,0.5777778325468057,0.24864768728351833,0.8857696385327093,0.12167385381570862,0.5974273020477932,0.9297115827764562,0.619639478276621,0.9016931805778352,0.2583761191470755,0.5091170254210701
782166,0.0,0.17479806765592684,0.41191686786944326,0.5965260494757133,0.9050621341971188,0.9550621341971188,1.2,2.0,0.8850566177373043,0.27201646208488267,0.5330567331542508,0.9038241494805043,0.6760813428349292,1.0,0.34062005727439676,0.4813479795133971,1.050537309655962,0.6865720425752403,0.6805150314449478,0.17126068729277527,0.4941760187116932,1.2,1.2732173904953117,0.7957781578907951,0.2595787060559479,0.5037153508163374,1.2,1.117835848862054,0.5001934495843635,0.31490289892809714,0.44965206722439044,1.2,1.5827249756219663,0.7958500089015095,0.3100439348052208,0.502033108184817
560141,0.0,0.19052756242678714,0.4863870614030366,0.8822721482711061,1.0301178840537397,1.2227670558951984,0.3,0.1,0.33649405288499057,0.12250454297107677,0.40851476232516987,1.2,1.3244276864051514,0.6903762893938336,0.4,0.5391330997742962,0.5442804989495813,0.34419609591567935,1.0,0.12419614567521786,0.5387401169011665,1.2,1.4829511177593127,0.8762673769395539,0.4,0.5234092795003162,1.2,2.0,0.8016371442273548,0.11701697353133104,0.48879585300073913,1.2,1.1463635978553286,0.7408287859567486,0.3581915124902584,0.5112442845435066
186785,0.0,0.3134506341330047,0.504754491177493,0.8141378419051879,1.0022993654159482,1.2062637858049523,1.2,1.056248007330331,0.6345627593351129,0.4,0.5491084057196419,0.6434162727225634,0.30420612924031987,0.964018042793172,0.06664283268071364,0.4914042537550774,1.2,1.7485225703308251,0.9008052696428808,0.25270662177161557,0.5816317201464699,1.2,1.8462505743799418,0.7669633393791133,0.20833019934153477,0.5132045163532178,0.5907976336861188,0.3036050627056496,0.7539649678681642,0.4,0.5006450652085461,0.3,0.1,0.39195889126144645,0.05,0.4485306552309837
141558,0.0,0.1724784436844185,0.34049316944675934,0.531488656976921,0.6228219790503571,0.8359630910171667,1.2,1.4645237336991361,1.0,0.20497500560181708,0.5919256313700382,1.2,1.9858970717587932,0.7846767808813974,0.4,0.513072447151424,1.2,0.9254497651724454,0.7237102394916939,0.2747351157722433,0.49447373664545585,0.3,0.1,0.5553082949199662,0.13671668799829576,0.3810055574098727,0.3,0.1272880604291839,0.4176751408879901,0.4,0.4920340655789739,0.3872850326174865,0.11685768170083408,0.8641500993472353,0.3418260293976162,0.4963514577152147
028741,0.0,0.34687459037080115,0.5884422816257768,0.8182973877399469,1.0288912491897846,1.1763338426821535,0.4312892530503364,0.1,0.7567618394996204,0.25785848522897203,0.584243045872471,1.032404309765444,0.621772891209438,0.7582945685006879,0.24359506472022938,0.4804934819324687,0.5232162282381526,0.19736236231979154,0.6751278105222983,0.11971741484176522,0.4722009785722073,1.2,2.0,1.0,0.27153734015288616,0.47154624275852935,1.2,1.7526954353699442,0.6586417237616223,0.1657673232181869,0.5256481104643956,1.2,0.9616486256492376,0.5568120658537666,0.145104699126655,0.5403480742241552
544170,0.0,0.1894676551661134,0.2394676551661134,0.4211299720463848,0.697308655432273,0.905873475549556,0.3,0.3097345619236653,0.640894462629548,0.05,0.5167492674238237,1.2,1.6118549297860087,0.6633087206953977,0.4,0.5392158761540725,1.2,1.4860785539221775,0.6079872267796732,0.17054699596719125,0.493879164304156,1.2,1.0267590419694537,0.7683351392366663,0.273005278650011,0.5173572331423901,1.2,2.0,1.0,0.20578141774128167,0.485020827415886,0.5242321269587846,0.24483813530243512,0.7712044209530048,0.20950359306285848,0.49586261773816304
954400,0.0,0.23278454480907473,0.4149224080104088,0.4649224080104088,0.8099260869221216,0.8745630730567125,0.7605132866358486,0.4591626995938588,0.9058155142709314,0.4,0.5348771676907562,0.3,0.13411843584555816,0.34273368160623285,0.14018098181977703,0.5062223767560466,1.2,1.7918748441321115,0.7433023855981328,0.05,0.5338769213754353,1.2,2.0,0.8692065877449007,0.22005408605776364,0.47155326194046876,0.42458668187490234,0.12693117291912903,0.747824385349998,0.4,0.5508005426808604,0.7767409781676802,0.46438357023430205,1.0,0.3741994237176814,0.5537875715859214
044602,0.0,0.29528745813927676,0.35389518183970015,0.615621392631326,0.9170920672119287,1.2997370792079952,0.36521974481749037,0.1,0.7484898197283492,0.4,0.5674484144254841,1.2,1.4495083707822751,0.5818122053398415,0.28254481420989613,0.4813261852272396,1.2,1.1889728106547988,0.4494565532520475,0.18068558665265186,0.4488956169818953,1.2,1.7134665147131793,0.803878864985436,0.22262270824494262,0.5269168341279872,0.4542586389973409,0.11500681358133483,1.0,0.4,0.5422617408495067,0.9802721857940946,0.6039945307554074,0.78830112701905,0.17182382591727843,0.4813439165336485
585952,0.0,0.17329106523280693,0.29924055472599287,0.5200534252837048,0.7218611549376528,0.8923350095970747,1.2,1.1303294614382429,0.3868484996247325,0.2734798595664926,0.39379244682000825,0.5183684421440098,0.21126178447579008,0.9406907848855008,0.15456558218275965,0.5149157401701633,0.3478995008779593,0.11230699979039305,0.7245619890790751,0.1214797276987833,0.5201157080222024,0.8242457435487196,0.37864683009214706,0.6920813104413711,0.29158652938582863,0.4926254487683535,0.45334174703999036,0.1,0.2033005917266834,0.3699395013055977,0.47249406015978995,0.5638830270179915,0.19474768426216638,0.7159983248389192,0.06535882430516206,0.4236430519178924
229340,0.0,0.05,0.36900555109366806,0.630613778487036,0.9167893633524105,1.2302902786537193,0.9457939991597826,0.6608870580237755,0.8193046649353182,0.2799483951444107,0.47040851749821455,1.2,0.7449216792476376,0.41570041521038636,0.05,0.5047607934044521,0.6495233189435972,0.41027470687781037,1.0,0.24640872408820003,0.5583145166992085,1.1090009938099878,0.9007856561798648,0.9628874490462186,0.2243044357913484,0.5925390091624891,1.2,1.7621928700798508,0.6629742231694161,0.059128805421026165,0.4920632888828022,0.5398375823855435,0.2851232212155136,0.9324815569585213,0.21024193858332815,0.5617177095636828
777233,0.0,0.05245558525920166,0.10245558525920166,0.38279322736941074,0.557415515832634,0.6074155158326341,1.2,1.8933672860416833,0.8163443002927965,0.26014899984663187,0.5311418519850828,1.2,2.0,1.0,0.4,0.4969599868494743,1.2,2.0,0.9225491134475376,0.15395089355839814,0.5131216506242472,0.9365819436346611,0.4528506151270105,0.7106244359133544,0.05,0.4980524396634532,1.1125094657488248,0.8106201709608937,0.8603129757031014,0.18202326017079296,0.57801417518614,1.1996104366448361,1.0000643245983298,0.8774192358225494,0.4,0.5009183568313044
916421,0.0,0.36623370477015177,0.7240251451775328,1.0440930594609181,1.3040556823319256,1.4503709607802961,0.8714928610862638,0.6681344355746429,1.0,0.23857927750643154,0.5606480993538381,1.2,0.9817370860395708,0.6404629486743011,0.15032822059723908,0.6178209282721746,1.2,2.0,0.976937512611643,0.3138039332700912,0.5267205042694061,1.2,1.9788388895416489,0.8051639630372438,0.05,0.48724856148966084,0.8795523963186144,0.2953431073681235,0.27243835071335354,0.393802293295776,0.5464385920755718,1.2,1.284026195023353,0.8369077325373291,0.2998898579451502,0.4628746489789394
443068,0.0,0.05,0.3566262108834522,0.7636517372572895,1.0734699950241655,1.3064887575970996,1.2,1.5576928045430218,0.6099792815952025,0.05,0.4806387362733119,1.2,2.0,0.9247221174144917,0.10227460473541872,0.5506957952793095,1.1611376781172764,1.0433681795527894,0.9687066174019998,0.3118722362279659,0.617411684411527,0.5004082094761848,0.2017421002445096,0.9702644094473679,0.24793649208079555,0.5060119139244635,1.2,1.4322814343215435,0.729130892604824,0.278744511049415,0.4912882676626026,0.7299213360905057,0.3573234073456404,0.78494203519041,0.15615273942105784,0.5019383976956329
826330,0.0,0.2579147571879216,0.5008338520744118,0.7030955391150389,0.7676020368264428,1.1830191110009047,0.5461249167241798,0.33420855341268185,1.0,0.4,0.4288891053357806,1.1053951647378935,0.49267076289032796,0.44854723545382036,0.2989252839198978,0.4642423882822614,1.2,1.479040704508199,0.7088127279831722,0.30575585995294,0.5179226524092979,1.1349569576108822,0.8902462169694866,0.8855188266512444,0.23261238999806627,0.5046393590513412,1.1274618444937987,0.8323202803705195,0.7386264789980289,0.3867455809135992,0.5306270780010164,0.4049563434908754,0.12456755267906162,1.0,0.4,0.4891264838620001
815746,0.0,0.3095742675560955,0.54249377336883,0.7770629963078166,0.9345146563085786,1.198274819071857,0.4299436623050097,0.176877975333449,0.8501293161832759,0.19538952267460818,0.526017760917884,1.2,1.4023180028888178,0.8719547032116004,0.34876146240657546,0.4624768699410562,0.49345212045740755,0.1665914312298753,0.715604314079083,0.17013761828065668,0.44679067759756497,1.2,1.8551345814587614,0.7849179564073758,0.05,0.5820517238350487,1.2,2.0,0.9202942456357092,0.24462485439957313,0.4733314450290023,1.2,1.7332154709988226,0.8253210767171372,0.2770484424090107,0.5804954740992926
004203,0.0,0.07311981369217187,0.36392077449007093,0.5763270414226221,0.9564601236976407,1.3766023580029323,0.3732459078484389,0.1,1.0,0.4,0.4944371822627522,0.3,0.1,1.0,0.4,0.6132004930601386,1.2,1.9291005081816568,0.765633882785077,0.36948952548886926,0.5044057312876125,1.093381630641324,0.33392352817922005,0.3495991906226594,0.12998730901062144,0.5338114379247334,0.4915809174309264,0.211807101142227,0.9277114771598287,0.39490160138566166,0.5327400084494733,1.1118342746689032,0.729516462157215,0.7135797077523616,0.2688157327392805,0.4857147181127412
524402,0.0,0.15771112405891913,0.3916178786451077,0.4613695311415542,0.7846633005028332,1.131557724086627,0.3,0.1,0.6333232336496764,0.05,0.4611695559660784,0.8775269792733356,0.45985790239564406,0.7849449156955051,0.2048119515858345,0.46140893469825794,1.2,1.8251911705678803,0.6989165402327636,0.12535246114621068,0.4900802886241815,1.2,1.689133624075311,0.6974428199078688,0.23016451467320215,0.534607867149205,0.47399131474334505,0.1,0.9871901871005518,0.32811828665085085,0.5211259994013863,1.108015837413053,0.5046195221724644,0.5293823897398263,0.15000891693604265,0.5921143700179178
120232,0.0,0.167122595291988,0.5156581175556012,0.8643013326838793,1.0487854604510725,1.21444888650646,1.2,1.2431764637843075,0.832239670582067,0.3633669704970055,0.6039494149562505,1.2,1.0650546531413327,0.862949368841467,0.250821319960274,0.5054809793576903,0.6460456889215589,0.24402303002520287,0.6002108273102018,0.4,0.5512793219551981,1.1422709031748437,0.7139608325358455,0.6637262467483358,0.09819658632340848,0.5235248973075605,1.11873439218165,0.8443445177679265,0.8760790969450196,0.2985119657723364,0.5929732497101387,1.0577351967426143,0.4846562102834683,0.5596989506581753,0.36835144716597357,0.3643192219861414
799218,0.0,0.22692639525607927,0.27692639525607926,0.5972999915608566,0.7959946235548117,1.083950455398878,1.2,1.9489014865314027,0.8134757702554362,0.13365629608141036,0.5660641663309591,0.6669965219869867,0.34716094579912704,0.9290279633949157,0.18785207282529356,0.5621905939433708,0.8044106413342221,0.5740140652250598,1.0,0.36118443011434265,0.5692586650669895,0.9694476634664488,0.36634701353491994,0.4652496871135886,0.05,0.4121013879645021,1.2,1.2733014551194004,0.7313492482302575,0.26150563472413685,0.4499932072973938,0.3,0.1,0.44822890883617617,0.12054991089274572,0.5629525733625745
038211,0.0,0.38505325109038063,0.6440499159021125,0.9115725140113081,1.1152154878419849,1.165215487841985,0.5754718093415783,0.172875397567121,0.7264785540145905,0.2772003206125917,0.6341119597837158,1.1137830081925664,0.7268785543202332,0.768574329200598,0.28721740038432825,0.5101275512544392,0.32200726324125234,0.19101387695575706,0.7708261771277879,0.05,0.5012453327910916,1.1906899756485005,0.4111364078197632,0.36743810380256364,0.07459348499459921,0.4495266681005277,1.2,0.8266281047243058,0.523453621818714,0.4,0.46114145128645667,1.2,0.9633271370313475,0.5362242641458832,0.2045489444651514,0.5005229399039969
535259,0.0,0.20788127206763773,0.39502540538834735,0.5864363809322115,0.8174857488331531,1.0532694672155754,0.3,0.1,0.2138628625266249,0.05,0.43275378314251217,1.1521814837399655,0.8450553206614435,0.7737621961691172,0.3416141181270832,0.4744440704541785,0.3,0.1,0.50353230441669,0.19147375048526405,0.5251137571779293,0.8060024071062528,0.5191739408970859,0.7700773432642543,0.29452883307110955,0.5150751482234336,0.7604481740014535,0.20864913097546467,0.3480970888460839,0.05,0.4791040956382575,0.7651566679743684,0.3266928207638062,0.6579069162809812,0.3806597242187656,0.5972997559344919
673258,0.0,0.2913786591361238,0.6148661948261687,0.7785029815096329,0.9512615510377886,1.1600454482286164,1.2,0.824693934112698,0.3814110980095851,0.3021290581827681,0.5212823985111337,1.2,2.0,1.0,0.4,0.4603773141655756,1.1980933774910947,0.8701966717176199,0.801256066169915,0.240494561969595,0.5859748441360619,1.0108772437631324,0.5182300991110976,0.5700136759521387,0.07787548145393282,0.5325955529776942,0.79453216646609,0.13851041520077748,0.24480480497819726,0.05,0.49492228970210217,0.7858008786351869,0.6065096483111345,1.0,0.16720164610320112,0.4266271982892116
393483,0.0,0.23382580074292622,0.5014326569303574,0.8076824399683997,1.0434328523573686,1.381680386471868,1.1519307501006546,0.9516194924612215,0.9060922694509927,0.27869908291203505,0.582882602810282,0.7328215941570676,0.42012147878402756,0.9564238923975699,0.30265103065098553,0.574100146700088,1.1688312655174293,1.2432817316847191,1.0,0.32124296173204137,0.4709531350575839,1.2,2.0,0.7345871515249436,0.12016048102440022,0.5185294840348084,0.5176762892973751,0.1514888614369959,0.9515878750165554,0.4,0.5333108094401572,1.1878720247374581,0.8322428412734364,0.7793021803502682,0.31190687491695235,0.5808720051221408
452975,0.0,0.21024401647071647,0.39944786715372643,0.735475607747447,0.9788875104303892,1.2242895974420134,1.2,1.6020214104834278,0.668166026574112,0.2653624130298352,0.4878882346585546,0.3,0.1,0.6264704034645698,0.05,0.4912378965650602,1.2,0.7873834836763477,0.6010742418506595,0.30282742138852825,0.5103422738202944,0.6845399327506605,0.30829116767549564,0.861153077690035,0.4,0.5674009601022635,1.2,2.0,1.0,0.30841942828673224,0.5403298880285297,0.3,0.1736582658106729,0.5967077250756434,0.05,0.4679871539972891
602213,0.0,0.28835140388935027,0.6337662729695023,0.6837662729695023,0.8707246716570589,1.0899064115348225,1.2,1.5764231502852064,0.7610169686058367,0.22007431437459846,0.5465477620135327,0.4896789343635227,0.12997712189555052,0.8393506047601483,0.22451251255416887,0.5332821229541782,1.0124868160396407,0.3008786693819215,0.49498739455503643,0.2563802980070509,0.43081164164830643,0.9300439541018429,0.1620089323554482,0.47094110417588686,0.28779929778838176,0.48287295875782493,1.2,1.486411943653974,0.9332201271023468,0.3056593032427411,0.5329799197043588,1.183004436190589,1.3812587833469778,1.0,0.4,0.5557300875206278
054298,0.0,0.25743449883954,0.46850791705021644,0.6620581814219004,0.9432152196120135,1.1354853321029774,0.3,0.1,1.0,0.27606336313741286,0.453520516982415,1.2,0.6833060999009242,0.5029508279028422,0.05225707999624051,0.4085840232382995,1.2,1.8761942828712184,0.7731543404858234,0.2291494324390276,0.4743567734191244,0.6799508741565847,0.1693048620149591,0.5847240501109112,0.05,0.5203074561708294,0.7010711995728078,0.3359298115724567,0.9509768982156175,0.4,0.58034346439247,0.36832957465194666,0.1,0.745170439936803,0.05945684866230472,0.4568463255284222
378679,0.0,0.3512055105605848,0.5157383250604778,0.7386919519908731,1.0419390972515146,1.3035971634047945,1.0854629678345868,1.0119161601753028,1.0,0.32414871379583393,0.5819096151641495,1.2,2.0,0.8917922475745478,0.21649681264484874,0.49548819968847485,0.8203700997244053,0.33761100416554796,0.6708135306865642,0.29894317316633007,0.5242937584435362,1.2,1.5552498381938125,0.709661635026787,0.3136043524045983,0.5096969633183006,1.2,1.8165859284990642,0.7848658801435112,0.24741076202820741,0.5260792322397477,0.8689495737677271,0.5836640168794698,0.9330346748767095,0.05523596538134001,0.5825023865600245
165721,0.0,0.31229040054649665,0.5110105766530775,0.7037532182194952,0.9846810621791522,1.1904891678799703,1.2,1.141495162966187,0.6493121625088787,0.16128597811586054,0.5083204169747563,1.2,1.5397624132246734,0.785657931986668,0.3344200129809914,0.45513999119519355,0.3,0.1,0.8576324505794659,0.19892749373242385,0.42635599779928085,1.2,2.0,0.8899891797754453,0.3335775721238305,0.4926864520038242,0.8585742802127744,0.35095326824607154,0.5175613711067439,0.3553170460010723,0.5120343094344713,1.2,1.0178278035857298,0.7652293852176473,0.2409384028368914,0.5144752140755319
521951,0.0,0.1835939191816065,0.3452547574276007,0.6812297330272585,0.9310498913505797,1.144022764944691,0.3,0.1,0.3928088560810598,0.19589660076933302,0.49117027626750964,0.95434046148971,0.4808137696759391,0.5635437392422453,0.27977210760170074,0.4965266093804462,1.2,0.9269524972997432,0.5535208093027214,0.24406716040937543,0.5554378930845638,0.7332794351537748,0.43314444802932134,0.9613633410924688,0.4,0.5684001543930766,0.3,0.1,0.6803752036871337,0.1651588030099867,0.47497998480184556,1.2,1.1978606816204074,0.66341797056725,0.391404644612757,0.5128886212037084
900414,0.0,0.2551177438614091,0.3333701130413268,0.6176139759644261,0.7869352947513839,0.9657724236565698,0.7219923683465648,0.40214532988401386,0.9596999589455864,0.37322328903908847,0.594084154654364,0.5192910333003555,0.3123644984449881,1.0,0.3032996189057089,0.6451174783371061,0.3209826201658864,0.1,1.0,0.4,0.5460756259491826,1.2,1.5365940937411715,0.5368186366784353,0.2034469011786589,0.4961502033238439,1.2,0.9419299588288065,0.7222493342074849,0.17106854702011737,0.5050213184252124,1.2,1.0908585587530453,0.43301019063459584,0.3249421945824629,0.5631538749558359
452078,0.0,0.19188741950293195,0.3956423451928588,0.7814167868158106,0.9970089928957052,1.1578521660883863,1.2,1.6880716283723982,0.6476962811421726,0.30602303399930003,0.542194690355445,0.35869400434180576,0.1,0.5959046016256453,0.08457376469150153,0.4469062267278555,0.99425704114121,0.6714110743971199,0.7465516593973007,0.05,0.479540413916187,0.3,0.129216296490879,0.7516833407967273,0.2850343348123737,0.5628889789277451,1.2,1.7083696712706564,0.7626101014645609,0.2285261333059041,0.5472641853052619,1.1735400128042723,0.7894248528240997,0.7058281599933661,0.28205045840742415,0.5473849064430684
193905,0.0,0.35641861525380086,0.6061402703688522,0.8378550943990639,1.0750156260311083,1.31361638332272,1.2,1.3816123408075787,0.8856902943763638,0.162061909751825,0.5092698188721159,1.0161345023124229,0.7454408977891308,0.9101849789888194,0.19138603660424724,0.5108955641740072,1.2,0.976191615767021,0.7579637170316839,0.189186905536246,0.5405716944191057,0.7875664012080902,0.5981431147893076,1.0,0.4,0.49649527155814055,0.38183864140799967,0.1,1.0,0.4,0.5004671489094065,0.7349401457247817,0.15960873574360934,0.3380765361851815,0.05,0.4709377717021628
288558,0.0,0.25528082275581193,0.3052808227558119,0.45780390491497747,0.5078039049149775,0.7035274335008606,0.9084204709732697,0.5561991553612413,0.7994530761333248,0.3926877008300823,0.44193544517352884,0.6411917948819175,0.3939057886803337,1.0,0.05343505158786885,0.4534231109506078,0.7429118190860254,0.3902707352792362,0.9782196277959829,0.11189579571849245,0.4874479506099043,0.3,0.1,0.4275404529787304,0.4,0.46942352811606636,0.3,0.1,0.31045689785521136,0.09550174834141968,0.5024948231544689,0.7866341535750447,0.3630422280775554,0.8236922664371743,0.2785053272260728,0.504557983305717
439117,0.0,0.26823420046974505,0.5258351810955812,0.8517585282768195,0.9219541788982653,1.1968282202298155,1.2,1.9726871101321457,0.7410032121002341,0.17981826626952363,0.5558406928675418,1.1632771541856666,0.9840729723298892,0.9557788429725805,0.33790625988390094,0.6704735495618773,0.8135258001250667,0.44981941758210914,0.9205155117118891,0.3647743709062943,0.5215754001470339,1.2,0.8858647048175238,0.6422090775522553,0.3432588394924313,0.5038510569833544,1.2,1.1019519947466934,0.7737975372579525,0.35609030071118536,0.5853037474961473,1.2,1.896190100171776,0.8374920434153239,0.23224145788608136,0.5790690452690056
290841,0.0,0.31592792331407704,0.5099397652009232,0.6779535266745804,0.8694169564328036,1.0625741419197907,1.044962656549586,0.6815921642141108,0.7576424179348458,0.31362233390267547,0.5401194064743456,0.6596262122070999,0.43170211141233383,1.0,0.32696563730744144,0.4827442425793298,0.3,0.1,0.5619454930330313,0.4,0.5337434232173448,0.7002372337160288,0.3804675572702848,0.7866012664753852,0.12022242260118915,0.42537594524953787,1.2,2.0,1.0,0.2093965173024402,0.5524644784502095,1.2,1.1576588337946405,0.7893434473238703,0.3095444153545032,0.49842163812398116
235286,0.0,0.2062253721869451,0.4395794633764939,0.6253226290316036,0.8987700815311777,1.1308352701883508,1.2,0.6089692844696718,0.48415415166604925,0.3599736405412203,0.4460644467793746,1.1695933159319296,0.870900468470628,0.7991109451615916,0.4,0.5533306197273882,0.3,0.1,0.35724471516531664,0.14307141613181196,0.48557112931509183,0.8870151270055017,0.28008971388253623,0.6078981778004378,0.3227790173446018,0.44693929426121876,0.7542488092705311,0.4029253029895316,0.9546679389812724,0.05,0.4899985737196405,1.2,0.8528246603825793,0.5262226927331065,0.18356397444425154,0.49038273290020445
267143,0.0,0.28992954546288263,0.6184624544285332,0.8777153203961077,1.0261623599696081,1.291149507926195,0.8582873732758984,0.23665863040065357,0.497790555758629,0.05,0.4423781346728107,1.2,1.4140652641730254,0.7762370530002568,0.4,0.5545070721495322,1.2,2.0,1.0,0.2806124389335823,0.5879972802412103,1.2,0.796893786014184,0.5634186826535265,0.3853325119372194,0.4955555069264821,1.2,1.3625740495484622,0.5209849498040492,0.0668498811535567,0.5709623789865221,1.122613959401196,0.8990304198541884,0.8083589503576251,0.3235587538384029,0.534811488159233
239060,0.0,0.17462657587480412,0.4486795358446418,0.6877063791853031,0.9760083161722968,1.2932982414512655,1.0096157945063164,0.3087404169314726,0.42945185199211644,0.2672016399024065,0.5384576939979837,1.1368158520402085,0.9213011284489633,0.9213680287329264,0.30630461986950513,0.4272087554277453,0.6597293142862594,0.1769955630714765,0.76820957427909,0.1568815727691768,0.5578623379086777,0.38825838472660373,0.1,0.5038679092900975,0.3990775227151703,0.5369203527801937,1.2,1.5629521172130467,0.7481728252318238,0.38071311683064496,0.5569851938374693,0.38143118304194806,0.1,0.6434684812374405,0.29915141482537566,0.544679720886973
242116,0.0,0.19175542906328513,0.4159298948430351,0.5889398731030244,0.6770615909908061,0.9859308525000896,1.0208946015467681,0.7124643912467202,0.7922375580117829,0.4,0.48091934216507254,1.2,2.0,0.7521446407651915,0.11593464414778758,0.42637637314303367,0.9135645796136156,0.25166534650478095,0.4106011156171486,0.15387344748205134,0.4930564833506743,1.2,0.9288040483010933,0.6295621824807427,0.31610084009925166,0.5330769849778253,1.2,1.3094227122981208,0.7910808916749373,0.33427995183431203,0.48176781921127737,1.2,1.0273842466775507,0.5994037446534508,0.2889730136537752,0.4809351358337259
796782,0.0,0.23495678200225747,0.414678318979499,0.7305536931743284,0.8867903079928281,1.1162683823432087,1.2,1.144744974220089,0.5284594300744265,0.27501937092605727,0.47354035039883713,0.629862023902019,0.2570691209875845,0.8038028209327397,0.4,0.5331182795427728,1.2,1.1607292386822161,0.543639669214594,0.3981089212447507,0.45354473260272926,1.2,1.7564351338260094,0.7775281967827934,0.24303882232589297,0.5703751447969441,0.6311576904143359,0.2618025162208983,0.6735014026302312,0.3344053922576198,0.560831585801732,1.0121063878956398,0.37715746833410674,0.4368534125468495,0.05,0.4744482469058619
442540,0.0,0.05,0.25100545449506995,0.41102232611410816,0.5923605733153394,0.8879318479339693,1.2,1.587055166448437,0.57125418917892,0.2497008371779853,0.4818557526573345,1.2,2.0,0.864979594201473,0.16162804748348963,0.4924318721216005,0.7706546632799918,0.3255157895653392,0.7271803485028338,0.3065336469491875,0.5094687710834975,0.47923527503560437,0.16898433691575024,0.530748584312316,0.3330583289438779,0.5093395013573687,1.2,1.5618202984133491,0.7269089990174471,0.4,0.4827751285108245,0.36521604373322636,0.1,0.8455792661212588,0.2816096023920395,0.5099397988195246
989154,0.0,0.2059320406331199,0.3765714167030486,0.7215221202534785,0.9477896352924974,1.097832299085292,0.6942923286720719,0.4431909530928865,1.0,0.20089804875614517,0.5131789510752872,0.7821563315746338,0.30043830885889783,0.751431590372514,0.2896675218246263,0.47423756084694435,0.667153210777165,0.46298367513095173,1.0,0.4,0.5472260194074888,1.2,1.2531514487749444,0.8065079917944553,0.4,0.5421488955443929,0.5076698054115119,0.1,0.20905516244822403,0.05,0.4764165102102503,1.2,1.2665306378244034,0.5178659122713095,0.0626258350252075,0.5918336248164856
377483,0.0,0.3282120361775794,0.37821203617757937,0.5598644008631535,0.754252197985922,1.0584913026652831,1.0728031429930507,0.880813138531723,0.9180244704392738,0.298655309095383,0.5536718521525208,1.2,2.0,1.0,0.16417023020719446,0.5318496319245362,1.2,2.0,0.9597329689821525,0.3323994586122009,0.47566255091474047,1.2,0.9512934022334996,0.41844386210138007,0.25827176749589964,0.4757977750652963,0.5856241165918978,0.26716192587585413,0.9060285283665759,0.16118662797535732,0.4975835098031464,1.1586499380632245,1.1513765883873206,1.0,0.17779164215910145,0.4671206872540892
273324,0.0,0.2654552727119311,0.6286500132059337,0.6786500132059338,0.8844040413416057,1.1087179681425803,0.9564349195886451,0.2823284931733004,0.48107446401733156,0.4,0.5823145403167447,1.2,2.0,1.0,0.3948298602486247,0.570241854068298,1.1731266995081862,0.8870425910725144,0.9367529913689139,0.33036394920156986,0.5199074162635069,1.0687660393180234,0.6499937088537984,0.8340514777254574,0.25949829344484626,0.5395211517757915,0.9489800255143649,0.33579563242232124,0.5841634953199681,0.05,0.5634485109493729,1.2,2.0,0.8969482585325864,0.3488860248905804,0.5740120866415347
044034,0.0,0.2594387677191043,0.3094387677191043,0.6231206338812041,1.0582587674892954,1.3598916377891093,0.49022012185995295,0.17975989600145464,1.0,0.09075026734427907,0.49811845506774244,1.2,1.6432763597780429,0.6016698990514455,0.2568914319520085,0.5259596093775568,1.2,1.99084537899625,0.7080555857029132,0.05,0.4475201851547672,0.6224669216154967,0.2431165111025762,0.8589161416392868,0.22817742708135935,0.5550769753646848,1.1439563643236594,1.0192216730464976,0.9676781141926735,0.3484591464129466,0.5557453385403661,1.2,1.7777194866135202,0.7088535369096116,0.17987553639636278,0.45237281469510005
620414,0.0,0.21468929043253043,0.6099258114963062,0.8813353694683919,1.0772894294590105,1.2641494177706278,1.2,1.496190568742449,0.6795242733453101,0.35064463299297727,0.5520436192033211,1.09553389696642,0.8989770258756631,0.967108331749114,0.18552312181107283,0.5039478071668879,0.45329796346042656,0.13470689117251905,0.9121899630907222,0.2114958904205504,0.5752947320314452,1.2,1.6486203593022313,0.6530818103130746,0.31081246439418336,0.44666917103713616,1.2,0.9916297405297029,0.558440566698525,0.1610141389179497,0.4843795896883296,1.2,1.2752380268535013,0.5250714607256302,0.2676171013269544,0.48759290638263586
455717,0.0,0.22169746296129159,0.2835917862506335,0.4991854865067932,0.7400355702413606,1.003543985360225,1.2,1.0820247354644792,0.40526506970723564,0.3588474265129299,0.5102246534010537,0.6403807062227357,0.21553810368551446,0.47620670563161993,0.05,0.5187590091572182,0.3,0.12472368387496871,0.46033175332610893,0.05,0.45865786036657974,1.2,1.9636891365957614,0.8242739394428272,0.30801042363024733,0.5746439818045409,1.2,0.7778291690557644,0.5511878893834518,0.3246745630128939,0.5084803509991473,1.2,1.992069146784004,0.9071658941473345,0.15740309351173953,0.5098029487055943
882756,0.0,0.05,0.28781949349651964,0.5913849281256169,0.8256884040675075,0.9998605699608507,0.5254515435897023,0.10973174986053526,0.6027484753378676,0.22458369282730997,0.441697604841567,0.8866916741329721,0.6975775579600684,1.0,0.4,0.4967686503910397,1.0331001079774438,0.32511936388607815,0.4411541824447586,0.05,0.38386555149871565,1.2,2.0,0.8768387433069149,0.4,0.4443367064789887,0.3,0.1,0.4652053153299493,0.21366802102416538,0.5017213704313989,1.2,1.5432889763523578,0.745605931133092,0.16966698644988332,0.5484343469941133
126589,0.0,0.19309328044104285,0.394130585021893,0.5951132964421771,0.7917014031550378,0.970745861933929,1.2,1.1684461531507517,0.7612347324552917,0.22074960295503998,0.4938451075982203,0.8600940210464306,0.18958483403978854,0.3457517774224413,0.34926414425140045,0.5300196689829664,1.2,1.265909009187995,0.7396230865988435,0.24830843544285078,0.6503185618528583,0.3,1.8650365793800439,0.9112188545642541,0.2281638285325811,0.5080166202445864,0.8211319103977117,0.3701858438563806,0.8152375110967902,0.1027496608401882,0.46087718811580786,0.6989098673541616,0.4495929992375327,1.0,0.27716298746517165,0.6007231801088729
914689,0.0,0.33924688236814343,0.522472758762683,0.7891354970000227,1.0223254240918873,1.1963642147214737,0.8606382143582141,0.5069770934631914,0.9509546951070567,0.2800470422742087,0.584931283678106,1.2,1.1939289605539538,0.7703273948778712,0.26694648349486705,0.4685002442302512,1.2,2.0,0.8248734510926885,0.11529144014232295,0.45470159125519793,1.2,1.4812810364696996,0.7163542752811902,0.3109071406959448,0.4843429146073696,0.8081557673161652,0.5021359290389051,0.8023844998430707,0.20514775638387447,0.3997221274310062,0.733158658076589,0.4791239548219265,1.0,0.4,0.5282743422971936
525735,0.0,0.15879738679314842,0.32979944174267406,0.5930743439787357,0.9251493478107898,1.1445943682936626,0.3,0.1,0.30099702843758847,0.33639738293071986,0.5613488245199818,0.7717638033625631,0.25674370945790675,0.45849631340403896,0.22357129848111296,0.47929675614981726,0.3,0.1,0.5515982058920668,0.1397486091287448,0.507481997044795,1.2,1.6182727304971276,0.6812989226966203,0.23177771853125645,0.4922602673353422,1.1213275579038375,1.0851938397801297,1.0,0.4,0.5288446974907849,0.3,0.1,0.6561414594321098,0.05,0.5526686960372368
086169,0.0,0.16783126849985425,0.38932311937235836,0.6859421262410267,0.9917670576780828,1.1642137479399453,0.7578074222974237,0.3811640077211337,0.7731092385927392,0.2312194247082185,0.5082314013189605,0.8419472568195443,0.223515937456094,0.3458943423479797,0.4,0.44878019009663306,1.2,1.638574988294529,0.7166760709280181,0.2664169338915585,0.4804609313050234,1.2,0.907792635919539,0.5760098006092771,0.12666282353576439,0.45557804217780884,1.2,0.8299034411060003,0.4282973901972638,0.37782931408096837,0.48706926655055777,0.8666385470262705,0.5239008395057436,0.983841657764075,0.30202215075643873,0.549960665070838
206596,0.0,0.3992286239090335,0.6667349148216662,0.8615904219856056,1.094971448279262,1.3095881851703126,0.8608658427136469,0.30523192168343977,0.6151146719079852,0.20276155480306549,0.47312853544323324,0.4788289388097875,0.2050833200326131,0.888453454696614,0.30278760738084837,0.5492726590137095,1.2,1.2737172524689417,0.6589216290506568,0.4,0.5021594156033407,0.3,0.1,0.3030491550549177,0.19905386222393784,0.4731922734998919,0.7177851655175792,0.432243000108034,0.985502461028865,0.19988703691096377,0.5355110956378863,1.2,1.069932113208013,0.49397622835696287,0.3829880656951801,0.5156543156398643
697783,0.0,0.18189555885681627,0.4133225754337062,0.46444302813495975,0.6758136161594495,0.9960762285333927,1.2,1.3383264845492615,0.6284544251249948,0.16613194104207343,0.47476294748588915,0.7223222806181228,0.43814614985593275,0.9208002394755912,0.15322105046457798,0.5501118232124708,1.2,1.5620604777917597,0.6790416948690631,0.24774185452017117,0.5531800438187277,1.2,1.8395878984958236,0.7433378084085651,0.20303765237924729,0.4901646482692987,0.6706715981055282,0.2757202557318797,0.6150441098255031,0.2868408299103382,0.5071297342304121,1.1274410908536818,0.8874681309414807,0.880243343756285,0.20939398965991673,0.5458469081054421
084380,0.0,0.19468316953402118,0.4015525974552101,0.6825417598534289,1.0057055467067524,1.1907262429515582,0.9901962722537552,0.8171773573588296,0.9399335584787031,0.4,0.5291189323703257,0.41961562101110994,0.15490424712795126,0.8574090642162137,0.2994893569294649,0.45519833341996485,1.2,1.1477158383913642,0.4842420892177773,0.34169142249327694,0.5222393894827583,1.0984831486549718,0.7954078247294746,0.8657044616986488,0.1838176052882664,0.5222427039995938,0.5574615349404002,0.31950597777668716,1.0,0.05,0.5336656395070752,0.7388705092698389,0.47025701410973514,0.8849766771402817,0.3781051690811071,0.5385396357300708
079013,0.0,0.21778898074276884,0.47998533986134495,0.7093349046558,1.1420306661597792,1.4220612305981848,0.3549238278383316,0.1,0.8923778126970241,0.4,0.4805046324262222,1.2,2.0,1.0,0.2872757192486804,0.4974607991167102,0.6682002331915986,0.3250113419496878,0.8579364199805124,0.3612589773252103,0.4872426176051189,0.3,0.1,0.9758667027668092,0.4,0.5779746651602398,1.2,0.9332683404982035,0.6061508184885401,0.4,0.4791059688171699,1.114506594643296,0.9802050353254206,1.0,0.1878987956760556,0.4957068064289006
184577,0.0,0.294848654925226,0.5002608040616624,0.711304936165309,0.9403904338903097,0.9903904338903098,1.2,1.1825085440079164,0.9580577002518709,0.08786631340603282,0.514765235822529,0.7318440073027512,0.1751036010484608,0.5038730966871301,0.24529761084156285,0.501226080328032,1.2,2.0,0.7568828111660612,0.14328004571119224,0.5208710200891107,1.0292687710634538,0.37061891029163996,0.4882598610603845,0.3751034856962876,0.5066873623872451,1.2,2.0,1.0,0.2123589961783486,0.526653930091828,1.2,2.0,0.9647576304604683,0.07082436803096193,0.5068303083810124
057263,0.0,0.26947052814209893,0.5048912865286909,0.7949950878605883,1.004897756501742,1.174373903785879,0.5383480649966388,0.2102817074355142,0.9882288325564804,0.22199926549191612,0.5647797035991138,0.3,0.1,0.24589674678838147,0.14555603098897935,0.46831567077846076,1.2,1.4211488916156119,0.6028163258068748,0.24636582091043358,0.4499742634575637,0.8031194290204797,0.18687741349561066,0.4592270899318164,0.06289080160739885,0.47479566253241917,1.2,1.5137502306918689,0.6956757625048536,0.15928876196064967,0.5404215508486795,1.1342811359853036,0.9337177247698629,0.8953126847758989,0.27292795942086956,0.4875850129471213
264368,0.0,0.18698179839636467,0.43972289011192334,0.732695367012872,0.8854214970148466,1.0899936403662729,0.9788319700886409,0.6651042413379836,0.8268693810960562,0.1387776666304787,0.5488855361399694,1.2,1.490887499540314,0.6669213931275221,0.4,0.5650807104597239,1.2,2.0,0.8317698101604909,0.24485875672708166,0.47489382853203554,1.1095321553828157,1.0472510713485912,1.0,0.2582605123709113,0.6089608452279357,1.2,1.6863719134161412,0.8041291086292635,0.3910731354920674,0.5761139813188797,0.8060273927480519,0.44918328135891694,0.9396619733474884,0.30982525754219653,0.5312679592151887
716835,0.0,0.22770903239816317,0.549617630990594,0.7765861955573663,1.05004562483494,1.2729774766167565,1.2,2.0,1.0,0.31026177798016863,0.530541701882689,1.2,1.4526827659618617,0.9437289581214423,0.2180657661608119,0.47405913119166565,1.2,1.1221365840604383,0.6580960534011735,0.37826142889892855,0.5124167793436994,0.4106478217215981,0.1,0.6954987474446007,0.09376740041533603,0.5662356642469066,1.1305953804486246,0.8581218451690915,0.7684825370209578,0.1146390577278909,0.5846538308776192,0.4355494297606525,0.1,0.7498334821609292,0.05,0.490303393021616
976498,0.0,0.2862472918759382,0.6313025482611919,0.8842468387207514,1.2154408553476213,1.3999826274044114,0.7899200305036269,0.43482647643450856,0.959989060667981,0.2785809822784189,0.5452234244738474,1.2,1.8752063284199478,0.7571006190313471,0.4,0.5297279456847703,1.2,1.656781548856273,0.8042881662090126,0.30541861460783404,0.46269456751403976,1.2,1.2838971620669657,0.4116694179181072,0.23127598528298965,0.4943326031151061,0.8208043781154921,0.4177183632735605,1.0,0.4,0.4754544122615582,0.7183695006431539,0.32063405199950623,0.9139321008807615,0.20099550545261022,0.5033376327938662
388364,0.0,0.3298183539778808,0.3919415260372026,0.714253817078482,0.9154268768247827,1.178289229449335,1.1340074116072942,0.9177308449843726,0.8484250662807792,0.30015271356740336,0.5063983029427449,0.9019846686703215,0.8040779974424614,1.0,0.20892273317667967,0.4847261220389781,0.8996307732324736,0.5458691619634672,0.8793260979749555,0.4,0.5343693006868384,1.1334742146944086,0.8964692274534919,0.8475531455953429,0.17638940875991452,0.5606033606577019,1.2,2.0,0.9831553642538085,0.3943382135094119,0.5253350128664561,1.2,1.9703567524420087,0.8167507581556654,0.33016520744679084,0.4136627946237616
636780,0.0,0.19174686818708145,0.4025729103604691,0.6944637340498283,0.8813871486033672,1.0404184803315186,1.2,1.7150623370953735,0.8557280608512348,0.3162183772554272,0.5045573442986997,1.1961351327338057,1.0298564581609184,0.8962487310682217,0.39128943634093954,0.5187563875793952,1.2,1.3224470052390846,0.5748196990436552,0.4,0.5062383252421647,1.2,1.7641958547235779,0.766827413137538,0.24253313337776727,0.5322512227114438,0.5172963049851138,0.1093424370285337,0.40634736017329715,0.3152106580047843,0.5562479164630761,0.6595981387906735,0.2648161839235704,0.7575935940768886,0.31365069931715867,0.4815631061667536
620729,0.0,0.2238659634402704,0.6177180529841664,0.8617709832079213,1.169555063436074,1.4427272392437658,1.2,1.6802846024009568,0.8135070525402358,0.3847340384365661,0.5246343142222419,1.0728004594048162,0.7777015844908184,0.8239397318867058,0.0836367435973078,0.6096249779309065,0.660526659373269,0.38166581611254347,1.0,0.4,0.548455888293216,1.2,1.5850470189800043,0.6962355522746813,0.4,0.49628513467835833,1.0397737096058828,0.6004313116845282,0.6479368950687031,0.27779957205019573,0.4719164496796585,0.6767155597727021,0.3563750359141136,0.8525687552170519,0.23722871560301345,0.49992398178890796
660208,0.0,0.05,0.32523199987807594,0.6539820169662225,1.0400482922970793,1.2531524172427735,1.2,1.5446241035847996,0.7582323456417038,0.36635731074823374,0.4561048207721225,1.2,1.5456226917164537,0.7502204966565964,0.2842425995190571,0.5199766229222033,0.3,0.1,0.8183672143690608,0.4,0.5596684207949854,0.9170171601964331,0.4269126963727299,0.6524461176113874,0.22713807778231931,0.49771818242745064,0.4187834710424003,0.23808585172094324,0.9231669800509116,0.05,0.48831728554180753,0.7966217674912812,0.24455834601399973,0.47551535190149447,0.05,0.5067886624894778
810550,0.0,0.3030457999007484,0.7042804017273872,0.932296265548105,0.9831936193052381,1.248860879194321,0.5593895720830522,0.11549775751317704,0.6204390277983746,0.34803012554232826,0.5079782800397974,1.2,1.5665172535972414,0.9094628056350152,0.3860245642143541,0.5876952032948835,0.3,0.1,0.8491193201186146,0.2703163064807391,0.47123038638154685,1.0506263773850995,0.4877983860166135,0.5160651596702871,0.2022889101014715,0.5391576695523425,0.9117089020553153,0.2892774076443758,0.3890779158655062,0.12788448526835103,0.37431408673900124,0.3,0.1,1.0,0.34678669866071143,0.5155839168352183
294838,0.0,0.2997646537409429,0.5814808320811342,0.7836757180204653,1.0772456444375726,1.3761472078538333,0.9339774277172994,0.4569972437482115,0.7544496659902927,0.20912131873126416,0.43818928909728394,0.5737547618896193,0.27872139592828526,0.8444796064179854,0.24764700008232382,0.556155974079114,1.2,2.0,0.8554931344536509,0.05,0.5700020068442738,0.7853353376744492,0.25378871098584155,0.575435522457898,0.4,0.48879513826670945,1.1443067942874694,0.9873320239827535,0.9499711187142887,0.32166842856406314,0.5031037771028815,0.3109881435076047,0.1,0.7264740256571224,0.38333347434245546,0.4447374259580194
457494,0.0,0.17189067947323616,0.4155092772002451,0.6083357059328616,0.9159541669587226,1.2108632491101077,1.2,1.8330946781888813,0.7619522262431452,0.2182250953289386,0.48019505176449306,0.3,0.1,0.3972675003491191,0.05,0.5930497046188656,1.2,2.0,1.0,0.4,0.5571788989409151,1.2,1.3547338086122125,0.5435071562934268,0.05,0.47767220813745337,0.7785688223899636,0.4561865134801289,0.8913483227034394,0.4,0.5290777163407965,1.2,1.5209950671213752,0.6781126505906275,0.21799261168195805,0.4332114798943366
818469,0.0,0.2817723095029411,0.6055853133543159,0.8191788929379669,1.075050377572454,1.2097061933456954,0.6333268962896393,0.3473168486967127,0.958912576162656,0.35187190643336075,0.5079737631802466,1.2,0.8533434570716268,0.4913794847664096,0.3268937945402787,0.5359661162371622,0.7062056141146842,0.2968319387817915,0.7368853810422694,0.34251393361651294,0.5167568581935051,1.2,1.1710750856642076,0.4516515238568423,0.3057483409659281,0.44087194064608576,1.2,1.4721388526731556,0.7086380304095986,0.16271754854345258,0.5239386967224462,0.6740392677362556,0.3057661024634173,0.7170220134412089,0.2659060137721831,0.520761785551863
594262,0.0,0.22662085884179076,0.5170451216827169,0.7029750185972561,0.9073214148575353,1.1166634180903678,1.2,1.455695084103081,0.8154399572827233,0.17520771487275716,0.37462673095267274,0.6507573213138726,0.22666902960158786,0.8476301197194163,0.4,0.504113187039631,1.2,1.4236049113605653,0.5719965150755267,0.4,0.5179159078745632,1.1922849869354615,0.7531581275165328,0.606188646834411,0.1307534095820834,0.4803135873283285,1.2,1.272707435819851,0.6175585438633995,0.3118888831612996,0.5081220263105087,0.9887963884850823,0.6574810617400136,0.755846964495205,0.13918193928263328,0.5296402197369057
643757,0.0,0.2748549424513506,0.5745758799386196,0.8985565808705044,1.1187114440502026,1.3231754369390163,1.2,1.372238849129905,0.6642024709691602,0.4,0.6120266874013046,1.2,1.7985259434779326,0.7101356783301132,0.19197043282098633,0.4845199316269956,1.2,1.0873886978251233,0.8462371088840489,0.15518516230771295,0.5515501977566993,1.2,2.0,0.8362241305588227,0.4,0.4824998106904399,0.3,0.1,0.4148630571305467,0.4,0.45963075036415474,1.2,2.0,0.9463360011230196,0.2696012611267732,0.4810045595862696
915175,0.0,0.299078253211232,0.48658985447020187,0.7239552270190619,0.9758858748616889,1.193912770482974,0.8868377249813558,0.568375098710816,0.9031499309691903,0.4,0.5568872252450612,1.2,0.9588766499098401,0.6464112197153874,0.4,0.5592028740044863,0.9868039369190176,0.6372963693492522,0.730103842387503,0.0778057683066577,0.5168939837231017,1.2,0.8869618178743145,0.5457782273587802,0.20302663207469102,0.5326369490193211,1.2,2.0,1.0,0.2757975257691316,0.5469892171481819,0.3,0.1,0.4520943597817644,0.07679367199170345,0.49036968940667863
225913,0.0,0.05,0.24016722003667085,0.47663363608378306,0.8030251030969073,1.0993519167950145,0.9438210649261508,0.362909045592248,0.5444693760252115,0.05749002815353069,0.52923130112987,1.0046972012595872,0.1,0.2,0.16084394943427113,0.5229849837040503,0.8378112305241829,0.17703736386500696,0.4759437042707722,0.17062586129413132,0.4837548764258297,0.6833836709587571,0.39572818691165645,1.0,0.4,0.5591613247154208,1.2,1.1848330292220293,0.6858138605444632,0.19343297492390055,0.4765942108173421,1.1995803554438738,1.0002804394265328,0.8835340478422912,0.3240399336947532,0.5044916988117099
693812,0.0,0.19562454247616923,0.4755843761429295,0.777427233848251,1.0732777944856537,1.2279846833010026,1.2,1.3427716601400927,0.6527773500478745,0.4,0.5217055255412982,0.7056350065433445,0.29805852106023323,0.5879849816332146,0.30097420245465945,0.498553072428071,1.0804085123013027,0.923620914693979,0.9964486440106959,0.19691588424445797,0.5451219963237722,0.46807407741245954,0.1,0.7684339232021882,0.05,0.5637799652822817,1.2,1.317642553485523,0.7974690976355167,0.273842566457272,0.5365413459528121,0.9955884756292772,0.43579871355708094,0.603521644587095,0.1443982661837872,0.49835821309597916
810195,0.0,0.29288361429087306,0.693621110759082,1.117845751107723,1.4576349617711388,1.6370678986960068,0.6205033724258932,0.3318689568968396,1.0,0.05,0.44312761915597665,1.2,1.1177940951214413,0.6974456186310587,0.28191863485970625,0.4814817732109887,0.3,0.1,0.854368070737542,0.4,0.552213753774201,1.2,1.6674285736172267,0.9772140968763613,0.3121745248523726,0.5621155166578968,0.9392012330053812,0.6965273616097624,1.0,0.17445837652880222,0.5099708917320048,0.9274446607483893,0.22359011856415567,0.21202177272625572,0.4,0.4425872938105273
010821,0.0,0.4075557737786912,0.8271444095642112,0.9887566074972522,1.2653018303698595,1.4534157660206473,0.5504212766379553,0.2518231639674967,1.0,0.4,0.5501751355653384,1.2,1.1585774558452173,0.6626492108290358,0.22689157753138567,0.5029169073592509,0.6289178745739661,0.2548707051051626,0.9075169411476773,0.14942507258533447,0.520431315054177,0.41501547409588907,0.17529538794938343,0.9109519779641291,0.05702666100648962,0.5471582550896009,0.8877725699192326,0.39061013631554303,0.4578487947355725,0.32155779229614284,0.5469907431719228,1.2,1.2894677536927979,0.8455477566060418,0.4,0.4902216239207514
936726,0.0,0.28755896494619343,0.4814839701107384,0.7762866064821958,1.088464131699892,1.2959395353111216,0.6006128895114464,0.26779063198263253,0.8077456337510835,0.33508613972798823,0.544314997370112,1.1807923010517036,1.002682934007262,0.9037328295882643,0.3654969870776626,0.5357468333073191,1.2,1.4291407671961578,0.6832253485221831,0.13156667769418925,0.5780546173097473,1.2,1.66950057555524,0.7002280624642317,0.3199191240438955,0.6261053978899909,1.128806992068854,0.5934208694653914,0.5822042011913533,0.1064651658588325,0.47721357125947134,1.2,1.8089945356060084,0.8217740974585872,0.1917992990895516,0.5417863118701526
307387,0.0,0.45428506022005843,0.672624547653269,1.0145885397308962,1.2765999958690248,1.4507464689964937,1.1133814289243726,0.5405259371488136,0.6410215855994434,0.253779476858365,0.5082724911428785,0.3956492113830022,0.1500277634632847,0.9280035232371702,0.05,0.569081418282909,1.2,1.766820614445404,0.790972028445517,0.291650798543614,0.4578928748017295,1.1845359913777929,0.860248631584639,0.8568553389552522,0.3358437685373359,0.5812138872388182,0.34555158223520693,0.1,0.7323128782693322,0.4,0.48753171739181755,1.2,2.0,0.9058818494439155,0.35059448976788465,0.4522010077718809
550355,0.0,0.06972906389599892,0.33461293776731815,0.7479555256295661,0.9494684990716546,1.0271644672048963,0.3,0.1,0.8877481096187188,0.09050601036373315,0.4333632022173496,0.7548952286898745,0.3562092654831235,0.658156227122116,0.05,0.5140561662245884,0.3103388413361752,0.10928525109301612,0.9230770645017653,0.4,0.5788652506479594,1.0999217125772427,0.8279932818317188,0.838886676147311,0.2887656163453812,0.5289391254135336,0.31150881786102536,0.1,0.5136170898084215,0.2226072657345235,0.4410021035468098,0.7137798106487139,0.21474498022666919,0.6089920668842761,0.2345296570266568,0.4011568065699476
030615,0.0,0.43125517518047607,0.8387396400206953,1.1099196186001632,1.397076541974407,1.6337417718136715,0.6025945725157927,0.3267982737803626,1.0,0.4,0.555859369247592,1.1439069121704797,0.7793088602578769,0.7634241737725802,0.4,0.6038557935110057,0.6496677724320611,0.22925129742740608,0.6681656505422784,0.4,0.5376244300780763,1.2,1.3709978361388562,0.7205219606509056,0.4,0.4732991251002644,1.2,1.3529909042875836,0.870676646712596,0.2975759452621021,0.5473479162243367,0.3,0.1,0.5189154287743728,0.05,0.5452566268831998
295587,0.0,0.2397189801235377,0.458408942986075,0.5297235408801781,0.6934338857192175,0.9048171811105785,0.8695332919001675,0.35782714783178693,0.558387011783641,0.4,0.46868320673726344,0.7929613362678608,0.3955026484245663,0.7089609476425582,0.22982624631939413,0.5486851733714189,0.3,0.1,0.5699169114972907,0.056164760295133453,0.5277586651888138,0.39663048852618477,0.11645239894368775,0.6877661649077148,0.2236226765418376,0.4439158275684061,0.7450160599648239,0.3073021639296173,0.6994739671317937,0.32931039081533225,0.5460183432055875,1.2,2.0,1.0,0.3335761386980338,0.44533469432729117
945142,0.0,0.303624181542849,0.4921468514595115,0.7276692581132339,0.9134741273097087,1.140680315581171,0.7666637810430788,0.4494370482391856,1.0,0.26969654499708945,0.5400857714679432,1.2,2.0,1.0,0.163250560856826,0.4985760518892959,0.3,0.1,0.7013770157517738,0.4,0.4279822723378633,1.2,1.229430511129309,0.7628653027400337,0.2689063552830745,0.4999043523990351,1.2,1.9789308844994982,0.7734374330113702,0.1836249818849616,0.48843111146525847,1.2,0.796103021084032,0.6717400037223547,0.22716814065339347,0.47983998241569814
964638,0.0,0.17599768994790793,0.41401048659906325,0.6652868769513024,0.8286096987041657,1.1281646759954684,0.7015198737052701,0.3270873605861585,0.6485477262454803,0.3754569168088362,0.6075784666159723,1.2,1.5953792077721265,0.7447611590845128,0.19594648698702438,0.6074058898137481,1.2,2.0,0.7834682906757522,0.3012453133613931,0.5935143432243439,1.2,1.6696639482692812,0.8346109521789449,0.21751760044285473,0.6050617363968537,1.2,0.7947302872493859,0.6769049382127407,0.31839627855527,0.5386440295782196,0.8425028288661678,0.4698606450792705,0.9619966552137962,0.21914329482065262,0.521716890126759
012876,0.0,0.4044213029761,0.6048857412219678,0.8721911147722567,1.0304608599089824,1.3965715635653044,0.5920671000896608,0.19473285085703548,0.9058453948972752,0.3695184678073444,0.5314909025283795,1.2,1.2826615692144878,0.8103529948964683,0.05959719025189705,0.5765264120485298,0.7078275519532762,0.1485300948726154,0.5141996081876286,0.31420087729309604,0.6126718222397417,0.6296822445381897,0.24747389623011495,1.0,0.20277531521763642,0.48477954825315667,1.2,2.0,0.870766735981669,0.1260431220974965,0.49365541152191156,1.2,1.1998697694143572,0.625838827570632,0.3199249306294916,0.4906873067693236
529962,0.0,0.19092076377623093,0.4858966493443282,0.5751918931013161,0.7448491694631945,0.969360605832428,0.6998352009564401,0.2279242964137415,0.5848094654974579,0.15481205252684552,0.43341765140785293,0.8906235774327085,0.5111577870808971,0.8877091225630753,0.05,0.5095497110778264,0.5596223869502928,0.18120649482901094,0.8559622653081931,0.4,0.5488314961606544,0.5851591539532622,0.2294401862976949,0.9776628500612494,0.25228948913428606,0.5311616489968379,1.2,1.8370694292340284,0.9140560548980877,0.31142391384173673,0.5287154960442781,1.073270156850937,0.4211937113540066,0.49400238136839364,0.05,0.4292311657303118
860790,0.0,0.21737498093812008,0.5562506386723959,0.7662079454264145,1.0432453801278403,1.2957155569119425,0.8493608685954719,0.5650081549288681,0.8407111883626667,0.29493817821443247,0.5444914615403796,1.2,1.2659786187064133,0.614827445007999,0.21404615903473745,0.6045054310381771,0.6458976765715323,0.23851375303809794,0.8670705173991452,0.33315935073270225,0.6005948401910702,1.2,2.0,1.0,0.1054835514477298,0.4823671460332989,0.6749218447019311,0.2242887608512788,0.8092214682803898,0.27195859910826364,0.5203469406133832,0.5955945383814907,0.12039807544737986,0.7465223792930247,0.4,0.47530296576001074
788912,0.0,0.178713921609488,0.228713921609488,0.3945186168971539,0.7367619628167624,0.891853780598311,1.2,2.0,0.8911015945274076,0.07215973537949313,0.5400279462327878,0.9150458384869619,0.3468216818525683,0.4488055077506641,0.25500617231127165,0.5087804086416834,0.8894320874779753,0.6112841866968143,0.8688912677756248,0.05,0.49091334699872596,0.6558369222190289,0.33796468050369716,0.8521781774811319,0.21199408143535423,0.5205904626862217,1.2,0.9216226818396172,0.5113955831803298,0.347815472613538,0.47907959507951037,0.7427492755074991,0.3582672592059307,0.6841510723039963,0.05,0.5047973423095806
142446,0.0,0.18078792407697422,0.4030902635656373,0.6246706997598208,0.6771880721820774,0.9591234638077722,1.2,1.24094348513271,0.8179502071369292,0.21827057555809698,0.5177135708440964,1.2,1.6084215914077897,0.5636685863792689,0.30801179918861843,0.519941294328856,1.2,0.7969202583399909,0.6535562880248074,0.15923443995820016,0.45938217468407155,1.2,0.9773765743966791,0.412721546326386,0.05,0.4802393275027433,1.2,0.6275405467453542,0.26836095666073423,0.22811139895414378,0.45612453576700396,1.2,1.469512721549754,0.7111825524011034,0.4,0.4747617009945022
412832,0.0,0.18862134615997742,0.39075770097629137,0.6729405359427247,0.9801170620803918,1.204338057317432,1.2,2.0,0.7782084754450188,0.05,0.5613310599130459,1.2,1.655655891786198,0.93079953804878,0.3145679771917863,0.5195244247000592,1.0181117875346126,0.6509463187572488,0.7147677733044376,0.14001995204325499,0.5268813984085907,0.6198308316933715,0.16480383419281056,0.6848679350460171,0.3220682690671778,0.42212995799991654,1.1779631155756949,1.1316102702137882,1.0,0.28578390338848625,0.46089952089905806,1.1146543131135023,0.3082148927579268,0.3538582193959558,0.11477714624709331,0.5151628431746009
571767,0.0,0.2047519453072257,0.4336999081214302,0.6594740884744013,0.9224118815960924,1.2246112862193088,0.7639439760496403,0.19322967766741322,0.3357540223305656,0.20457250020804676,0.4726109945805535,1.2,1.8708392989421838,0.8280402255437016,0.1898663243673641,0.49268531002866806,1.2,1.550253580620854,0.9271819474307235,0.2305586837901777,0.5851523374329884,1.2,2.0,1.0,0.3138648149523903,0.534625346881296,1.2,1.4661884700616974,0.6913972848710481,0.20294789249579448,0.5380085372675646,1.2,1.8132156269372,0.7759167410957177,0.4,0.4820282162082601
103179,0.0,0.43226946218462786,0.8263492729266013,1.0903188459514803,1.3393858257182956,1.5985421432328257,1.2,1.571357426709419,0.9606342770959617,0.2534538362673568,0.45317962738891143,0.7371273222937396,0.4343710011150759,0.9859035541497035,0.4,0.5223870927939727,1.1608896046131063,0.9261893389219297,0.8942039162144194,0.22307604836105013,0.6069613465291812,1.2,1.0414833394950611,0.717745963741157,0.4,0.5245553108859023,1.2,2.0,1.0,0.19292485612669996,0.437823606240284,0.7509411860549701,0.35311517440130563,0.8919453883528794,0.24468069125167707,0.6107041698261877
130564,0.0,0.26602827079268737,0.7214077005211679,0.9423177383768188,1.1224951783375061,1.4001119442653276,1.2,1.115370578872199,0.6697113913649003,0.4,0.5610000540514289,1.1524972693515902,0.9273649519945599,0.8756763068473862,0.1992226263005294,0.5624211437942553,0.6282136547106062,0.3219176188751498,0.9070151980334231,0.2217054089649712,0.6722758751251151,1.088825824863397,0.2884820793654119,0.3043436717582578,0.05,0.49726418620220747,1.2,1.7809866788096171,0.8580007084564576,0.23927333588532956,0.49400054527474185,1.2,1.500965931492663,0.5484573313286962,0.05,0.47917543516699285
007807,0.0,0.05,0.2339299098696202,0.42138363908092535,0.616394190610049,0.8331241989523692,0.32409429833679626,0.1,0.8565205246644678,0.4,0.5517702843470887,0.388299231492559,0.1237376208329756,1.0,0.4,0.5053249836310256,1.2,1.8998118150563859,0.8408346627208081,0.11236420835134131,0.5197630153661876,0.7124455280514603,0.35791112159200145,0.9183356397373592,0.3023608761729716,0.46868434593038844,0.3246477280889064,0.13548754816572908,1.0,0.3842744334858246,0.5715985000514319,1.2,1.6820091878578263,0.7395518880878749,0.38252906396776565,0.5491242961659389
071920,0.0,0.20088138441198447,0.4621069095823698,0.7590800030311972,1.0568044076116978,1.475322315686095,0.5829280438122845,0.2821045435565721,1.0,0.34459609241052114,0.4851939791929108,1.2,2.0,0.9000699677877392,0.305346633047732,0.475927627725794,1.2,1.0410527618915524,0.6382552780581091,0.27543155527813046,0.6657195604153952,0.9662800974550487,0.708864305977033,0.8684920770503863,0.37512130590349174,0.556785904249721,0.9636533303548752,0.4751754379983314,0.6376990182677401,0.13522846900291097,0.49793209990913906,0.32838994199148974,0.1,0.6796469897971316,0.259052354588805,0.528536956269789
376789,0.0,0.3498507928650975,0.6987638428606517,0.9812390630801133,1.1738513431913578,1.3252710711585334,1.1908162861246396,0.8809404973086398,0.8182689380448473,0.33324453909785734,0.5058665079416297,1.2,1.3878162544315962,0.6423318094304376,0.15747821150430336,0.48879197313795686,1.2,1.4088125243747587,0.7457971567113841,0.32433133712045326,0.5825376344902184,1.2,1.4536861375285477,0.6545942001124655,0.13900561694886032,0.5652329175306445,0.64381521621304,0.33636090675046376,0.7897559192065529,0.140990164922783,0.5019829036613642,0.8527135705036739,0.6689685976971125,0.9463746742183016,0.3502186536078032,0.506801008213274
271130,0.0,0.3063288004210599,0.5451652773804931,0.6028345852143012,0.8368079715091972,1.2771438850212533,1.0263430902301056,0.5495467849458583,0.5157340531650773,0.18268802838765405,0.42875902788427445,1.2,2.0,1.0,0.170343835270714,0.48981277796517153,1.2,1.3927201364735553,0.9128410923984903,0.28974508925021336,0.5434916473452922,1.2,0.6391856962138974,0.39301634666779295,0.21631671567136365,0.568829991517311,1.1494911111216428,0.7107651560926213,0.7300801305906549,0.34981905471668057,0.5657758376850435,0.5064126384559324,0.1833774362855272,0.8288180067544638,0.4,0.49498786155893026
436260,0.0,0.3009053907588999,0.5096341848233129,0.7663307672009361,0.9553110947716382,1.228127659432286,1.2,1.3090400815728693,0.5177919581216974,0.19420796806215807,0.5393544460446928,1.1553980184338632,0.858110202658475,0.840659541781201,0.29892379366339694,0.5429388445466977,1.2,1.4591025277239191,0.7477540639804777,0.38704824292304496,0.5999017623157075,1.2,0.968866503568868,0.7423232547495485,0.2856619304492416,0.5412620064108133,1.2,1.4994195669642023,0.8049060077497215,0.332941701092922,0.5033127966692258,0.3196578964168495,0.12151985949447136,0.9628258519951907,0.22211577848766514,0.4943822479897913
616049,0.0,0.30412919642516334,0.6128797344668102,0.9110119880347899,1.2343451885308827,1.5163050528481028,1.2,1.6250476047751687,0.780065222608101,0.3342142885139748,0.4778523998854107,1.2,0.8392229126083941,0.47888383432017495,0.3818170987514348,0.5913785996523959,1.2,1.379655546472117,0.6207182081862147,0.15759101810229695,0.5346019815255293,0.5887116111541126,0.11308627973307381,0.8278798646564856,0.269475560789347,0.4879388399313647,1.2,1.44524825515531,0.5680351793111288,0.18798788030143115,0.4341597944467832,0.5821789231020724,0.1934772118636368,0.8532922433879755,0.4,0.5695940396836549
889221,0.0,0.05,0.24376572185736484,0.5319022689638793,0.5819022689638793,0.7644724840789998,0.4479330692085035,0.12821301531169216,0.9706490147444113,0.19481251237059702,0.5217689291928458,0.5697616612509602,0.20304643569681396,0.7673522793912512,0.12563477510199395,0.49806465385996174,0.6195557657399327,0.3243382448290373,1.0,0.2047997150702684,0.4921259359295924,0.9883494089909327,0.5385347755781275,0.6467199693114609,0.21487173234599855,0.4891682354247154,1.2,0.9064381164538705,0.7215610243492835,0.09314933051138527,0.49111211295514534,1.2,0.8817667720697365,0.614011944744469,0.38531715775975717,0.4983662988370632
614891,0.0,0.2905290068658808,0.4412189803044412,0.6447078242438666,0.8543812041941666,1.2340943468901668,1.2,1.3103599815738984,0.6789691391002439,0.17598194149934765,0.5136016305953769,1.2,1.1448508564718771,0.6821913118754477,0.15091819824193312,0.49847019602724835,1.2,2.0,0.8112615343907402,0.189381008801528,0.5019326401863091,0.7061485047731525,0.28715411459470574,0.6086281495959716,0.05,0.4607258136270715,0.8972448801618543,0.5376141198304518,0.9035996834464524,0.4,0.544510844543187,1.2,1.2438895938460064,0.7898916049757274,0.27702951670226267,0.5006531690847087
339636,0.0,0.0520046010864868,0.34186808962996856,0.5395964582834193,0.6958067503243589,0.8682561354160565,1.1668299268497435,1.0284834684231074,0.9433456559435245,0.18770074629867028,0.5637470912895186,1.1965482988772842,1.0162935834095592,0.8791543943874929,0.10672777914489756,0.5329535244214346,0.7885977916112954,0.5357801601253993,1.0,0.14757074518080895,0.562583253705395,1.2,1.4879143496936134,0.7116080467985492,0.3378430873639707,0.5522177100551799,1.0916543578474276,0.6408587013686775,0.641273906103494,0.4,0.42566611640184965,1.2,1.5588141768879271,0.8100048231867155,0.2731477580026819,0.4171324369480678
952849,0.0,0.22485627307313713,0.3849395029669146,0.656685004614446,0.8452247672761286,1.1438733052725676,0.694856872305127,0.4269652911160914,0.9174088402359587,0.4,0.49224240139633113,0.3,0.14753598932802017,0.337365684058916,0.05,0.544575529467598,1.0896402620503884,0.5560761024279055,0.6420162776273156,0.10182563239391626,0.47854742753769575,0.5707482643399664,0.25511081635880134,0.8224392422576793,0.15134686449642415,0.49544619380632016,1.2,1.5621850271826243,0.6581932717309213,0.05,0.5218912725898931,0.7708160955583914,0.4684791001376102,0.8662116387438967,0.31816603768737906,0.5064107824798741
940034,0.0,0.3015769665763785,0.6028062980673096,0.6567442824910019,1.058719585065679,1.3119557272490636,0.6344674224922872,0.34111391842760186,0.7298141362189056,0.213222800878072,0.5116382286796973,1.2,1.7165329274040637,0.6216368717917001,0.24882032746170235,0.5103593549543551,0.37971266202114046,0.18079378931944537,0.7575110552817983,0.27363978862085403,0.5400429254944603,0.45749906538346846,0.15752173165524141,0.6111886713171802,0.16255861964324317,0.49847529211487474,1.1451575204812379,1.0683413679866165,1.0,0.32707559055697116,0.547883305713837,1.2,1.8081480280697921,0.6641274988978867,0.2537773053924019,0.4599346460989643
227775,0.0,0.05526530100499951,0.3633678291708236,0.4133678291708236,0.4633678291708236,0.6707219047418533,0.9068227757152558,0.42040950234746804,0.6240360633713891,0.23891526013399922,0.5506585587986265,1.0495091789798978,0.7017383344771234,0.8048379914699108,0.08207483290160152,0.5093566003017657,1.2,2.0,0.9474630027158353,0.05,0.4843928601596879,1.2,1.6741610457712026,0.8137096266922237,0.16470853419041803,0.539116132577756,1.2,1.8676425782202462,0.7811144435734921,0.2108520024169361,0.5310369044712551,0.3,0.1,0.3162464720601176,0.15732808378910956,0.41812923143517366
242747,0.0,0.22513078449731708,0.41940261169836646,0.7331881100059073,0.9400688637507663,1.1425454520766676,0.8844479092740792,0.4632840329614082,0.6314632799545106,0.05,0.5596003923930555,1.2,1.626267140851224,0.6430352245027074,0.19266194607567164,0.449807707021332,1.1929245292976955,0.6586026451034669,0.6295942120993243,0.35409393705277625,0.47831247222067996,1.2,1.6902357625742586,0.7241147887010412,0.2531555797058351,0.5065810170985116,1.2,1.8421450532591215,0.7718967404849861,0.4,0.5083014563822431,1.2,0.9647333761438748,0.44320050153852514,0.26565654481698625,0.5141191214133777
141412,0.0,0.15317035310828034,0.33464113885471225,0.49781759935058484,0.7031227566811964,0.8936655007224651,1.2,0.8457120511793974,0.5177798206692992,0.2771536387409295,0.5572141035480287,1.2,1.2574440702804783,0.5318494512085357,0.19161743554222396,0.5134601199032903,1.2,1.3769130066699633,0.8209182755504714,0.26964616142061104,0.5182399938379633,1.2,1.817008798323022,0.6977600087577186,0.05,0.4174875473543648,1.2,1.3367663892403467,0.8293791040802683,0.05,0.6114562603994844,1.055663135196646,0.5984733501856804,0.6862479784682255,0.20084290586289869,0.5067684436426398
831385,0.0,0.30075484799824886,0.5400357036341296,0.8188296617241158,1.095810556003527,1.2614636402382358,0.9582000658100258,0.6437267590585128,0.8635131659560094,0.05,0.5338993821522977,1.161523705235315,1.0932425393495784,1.0,0.32273945194283393,0.574172763374571,1.2,1.3538422170547117,0.8008150382631352,0.21106785712415865,0.5982058914159951,1.0723548844215602,0.7251309069415435,0.8368694604565394,0.20065837891199595,0.5255401923245392,0.5287251457978233,0.17148751270003848,1.0,0.18542977034364866,0.4871337834777261,0.3,0.1,0.3470155650182262,0.20173272050530408,0.4153520612894616
092866,0.0,0.22156059748152823,0.5554320360176792,0.8301879953415048,1.055085180630111,1.125328412234109,0.47940732843554384,0.15161391581412564,0.8190100404723945,0.15258138171056496,0.4564678684772775,0.7959565010416919,0.323259118756775,0.61303695290957,0.23916891053118772,0.526259558496204,0.9485934991762673,0.5109337849890004,0.7756037788799921,0.3088406979294578,0.5084650512503168,0.3938739789989482,0.1,0.5929427886632291,0.1103395427587479,0.521911859335034,1.2,1.247214583534964,0.5493100427118062,0.3754019442655574,0.5482360915177396,1.2,1.3707651673819246,0.606620234248508,0.2593050265291601,0.4804353019679333
275293,0.0,0.3332979220434654,0.5196912242210443,0.697020842357496,0.993595192186512,1.2455557654121905,0.9677126811569984,0.3775034008449647,0.568931856632661,0.1055499198385727,0.461134043118619,1.2,1.6389544548147252,0.7522891858906602,0.3951390674522124,0.48574952353217266,0.3,0.1,0.5907698782026691,0.05,0.44436096777410095,1.0770433276474685,0.6450737792985988,0.6496805483781654,0.4,0.47214740328814947,0.8561213472346909,0.4869814188483355,0.8468498410202602,0.4,0.4040334895112159,1.1840488600003292,1.1254758495963082,0.9847161658649135,0.4,0.5172050814861262
743120,0.0,0.17511363749547604,0.5038172388703925,0.7285786638121186,0.9078970723700444,1.3022930284953202,1.2,1.7809420372992824,0.7975802605996921,0.4,0.5117600439104445,1.2,1.6426252771697034,0.667433240752375,0.3422426877917558,0.5082818252579583,1.1737703052009583,0.8916443673240984,0.8741261340286066,0.3890500662027455,0.5131074006492129,1.2,0.911020181221701,0.5279510423371069,0.4,0.476354839728634,0.9107097242454356,0.1813369886637634,0.3311052894585139,0.05,0.546377232843414,0.38136556159342094,0.1,1.0,0.4,0.504531415069255
039526,0.0,0.4218033780523334,0.6778617320330036,0.8957309045027408,1.0641912334965062,1.3104436145967542,0.3,0.1,0.7193063391565254,0.4,0.4994538831144894,1.1644412300692129,0.9777335130709583,0.9085668631902752,0.2985094858332623,0.6017690090104044,0.8857113063797,0.5861450836108373,0.9876425056428986,0.4,0.5001889278887921,0.9370538591766089,0.1,0.2,0.05,0.46522292328879533,0.8990236481627042,0.6572241362028399,0.8957126323393552,0.12971406601412758,0.3873876426647924,1.2,1.14798084399102,0.5672573498974913,0.2050949378984072,0.43916227532061225
200197,0.0,0.4063465868060441,0.4883044220110141,0.8742138109276232,1.243652136688703,1.5238912921350285,1.0546599173333628,0.4603594863853741,0.4149089413976026,0.19611315784180916,0.5076948903903739,0.36602411688792047,0.1,0.8946924289728909,0.3335428953401664,0.5128755761388495,0.49261142601342617,0.21954890611130612,1.0,0.3296657841200455,0.5224900631287364,1.2,1.0588387414131437,0.6039719845511797,0.26470597168054305,0.5323746971483081,0.6617264892961392,0.2608596446278865,0.7658369606765201,0.30863059279884186,0.586513624624185,1.2,2.0,1.0,0.16764156077149317,0.5333848371854464
034813,0.0,0.4487878890244848,0.7284239963835886,0.9200140017840183,1.1763893398805894,1.4612823142036588,0.32322527236496723,0.1,0.9408799132567227,0.4,0.4392510659598101,1.1239041403443137,0.8693179620674476,0.7432453176557143,0.2328401266875538,0.5219435185151632,1.2,1.7738857754166746,0.6505557839514887,0.33752691897495846,0.48454062626665606,0.8409953356893266,0.3727107788555374,0.6064870651258449,0.15895915000653865,0.4644975117445666,1.2,1.3342238946969545,0.9911823646584768,0.05,0.5886561967323686,1.0946078750862238,0.8742259800198259,0.9592451984601501,0.26255581970376146,0.5019778431190546
093277,0.0,0.22705913745478706,0.4842379338771385,0.6748360113365098,0.9865207242996299,1.0453411631481186,0.9154187248331169,0.5437357617791344,0.8359055116160556,0.2778060540494896,0.5074991191075412,0.7712250407022169,0.4737876306222297,0.9442994117479229,0.21843666811090767,0.5358496318847228,1.2,1.0512850105649478,0.781877493200491,0.2906399212968413,0.5614947139122408,1.1141103748325236,0.480798185076759,0.5059728204101401,0.15568395454975742,0.45762277812259033,1.2,2.0,0.9953859214286885,0.3005092929835953,0.4899563629373424,1.2,2.0,0.8956229898672925,0.35646582866595045,0.47086270309553635
282836,0.0,0.23981407065743113,0.49890176212748927,0.7702816572694844,1.0718648893147869,1.2525280129536298,0.9100707746234243,0.21762725947928188,0.26260302908576455,0.2197011472523951,0.4966524241329862,0.6470884957105268,0.21135276525144422,0.5699842760259414,0.05,0.583980224830747,1.1701329497424462,1.136643446068763,0.9476074478688744,0.1942206151733292,0.47390483407054385,1.0400425609057113,1.0837811604502723,1.0,0.20987593828462106,0.5435784276051265,1.129539257369497,0.8579490225626033,0.8431569093040246,0.24089787825088332,0.48465623198511776,1.2,1.2262727536829698,0.567664352616424,0.28641401708063524,0.5346507056018942
237523,0.0,0.1792390592916355,0.5014856094817484,0.7712465529872716,0.9435891989834013,1.106269187117893,1.0407509946515596,0.500742398174946,0.5211058313906094,0.29614151098762476,0.540323362144345,1.2,1.1543203354826732,0.9283600347130693,0.21281183664860248,0.5456434197023659,1.2,1.9747485096235886,0.8908684637491068,0.05,0.5186232276900254,0.3,0.1,0.2,0.05,0.5224991244693402,1.1025312393349445,0.3660306658876222,0.3806875333961315,0.13610867808794475,0.5516116057245901,1.157822617742954,0.8879162789270519,0.8350530616086645,0.4,0.5021634290163091
147304,0.0,0.1919661986381502,0.37314405146599855,0.7257785120690525,1.156045272170611,1.4699116428074523,1.2,0.8391396249964381,0.5250598735115033,0.36639154560991694,0.502577607276488,1.2,2.0,0.7604053477565005,0.37688490395655394,0.5111048439245063,1.2,2.0,1.0,0.19060419895111688,0.48551370561452284,1.1961738252026262,0.9243533659633075,0.8700618167788371,0.23901262880775287,0.5413409894848035,0.7902187285672819,0.5711084562738068,1.0,0.4,0.5453710483559389,1.2,1.3717038339201642,0.4869667902874534,0.252608210199029,0.488311036894053
415860,0.0,0.20007757033633994,0.4436296532059289,0.6449938842765075,0.9063600956687988,1.2226252416465297,1.2,1.8416705779215072,0.6969979642709954,0.05087259249849538,0.4991758906990368,1.2,1.224204073769123,0.7951844916425636,0.35355046663871675,0.48469940809363676,0.3,0.10514241166031696,0.7921786470325713,0.19256852309083045,0.473614699871267,0.3,0.1,0.8795658686832989,0.1696512795420753,0.5901776393103326,1.2,1.3609230051260612,0.6978659672567962,0.29739231908993996,0.5094432611564101,0.6414912350763216,0.3107196502691221,0.9986529517922925,0.05,0.5406447811496803
495136,0.0,0.27299339062633776,0.48625903527672,0.6966396791944464,0.9627348623615751,1.1349376974410663,1.2,1.390044364713905,0.5887899519607865,0.4,0.5898844189504562,0.6294325584652283,0.253358899339444,0.6632687883351793,0.37140814130023925,0.582696223601884,0.3,0.1,0.6710314883629604,0.05,0.4630158115652805,1.2,1.4825412370987756,0.9283395672052476,0.4,0.514327110782333,1.1465977986753288,0.8076396360311342,0.7684685358416021,0.4,0.545372579567982,1.2,1.0007654676909261,0.48410043208157033,0.33306282872647985,0.477124310258699
885227,0.0,0.09427981436665334,0.29268356670978146,0.4437634162808087,0.49376341628080866,0.7856848652808532,0.5053073809542875,0.1,0.6716362250410716,0.2550000744933483,0.5064330493486016,0.4630790072738432,0.23848959741413828,0.8771703877040584,0.36472565791049916,0.49298189165712714,0.3,0.1,0.31621556411765295,0.3265685320441825,0.4843819316382766,0.9720384065141789,0.36846089966667456,0.4775244335092119,0.09063851002466386,0.5292033198576435,1.2,0.8036782782392203,0.6843506524454942,0.3950116005248443,0.486251163067054,1.2,2.0,1.0,0.4,0.5089123403660214
152725,0.0,0.2445846805692308,0.4171285725488012,0.6869326890442301,0.9888568742170922,1.1632435467495634,1.2,1.129944356975331,0.6271788068443669,0.14608507822092473,0.5304415295022289,0.3664467183404736,0.1,0.25816200112015797,0.05,0.5063054993080329,1.2,0.6576560525769602,0.5829199390381781,0.3461481156127527,0.5273595901114879,1.2,2.0,1.0,0.2120994869092033,0.4606934711903592,0.8715052439131208,0.27701794483452835,0.5776529389116601,0.16899572764520554,0.4685559965989741,0.3,0.1,0.2,0.05,0.44248640325410804
540342,0.0,0.15262399345852237,0.48072428004877266,0.9003777750396997,1.226342936520479,1.442651353037153,0.3,0.42939181716211666,0.5620119743453683,0.3297549504595897,0.5539697484982484,1.2,1.6430577242812878,0.6604861322737506,0.3088850292925425,0.43245135569224874,0.5518003259001483,0.26605894056546814,0.9420049622525335,0.19746375860888923,0.5715903993534917,1.2,1.167057111308201,1.0,0.33373801228302186,0.521373425272636,1.2,1.8951656623302418,0.7140081101100364,0.284976729616258,0.48800196788923844,0.8104413889158063,0.3670176804043638,0.717715198055096,0.05,0.5092916408478915
213694,0.0,0.17189033951528443,0.4426694561194495,0.6122126568594798,0.8017263187037693,1.0950840594108424,0.69544320894801,0.2971819961742729,0.6465076072452971,0.05,0.5207414056347487,1.2,1.7041717955609488,1.0,0.278778567205356,0.487437470775994,1.1130603199493823,1.1036361633073186,1.0,0.25598210803327737,0.526210731306684,1.2,2.0,0.9485381376199852,0.08291552031399119,0.5963976598258964,0.8975383782785122,0.6755242598455203,1.0,0.4,0.5404439998661092,1.2,1.7364392218780833,0.674800864738057,0.3519126293939522,0.41516813223509164
150629,0.0,0.22970424684374052,0.4816988685229739,0.8010375445425482,1.025012458509972,1.3058563711809352,1.2,1.1556273187486121,0.7583631788278729,0.15732056649822862,0.4839064155785756,0.3,0.1,0.28913715019950126,0.05,0.47835576069930763,0.4319035508175125,0.1371439972119582,1.0,0.3616052292252493,0.5535647282493619,1.2,1.9220588360884565,0.864697623799582,0.196603885178199,0.6514904515937068,0.873206314534128,0.3645738131104867,0.6430200005437972,0.19788169382211726,0.5639127287755178,0.7587966895261167,0.3474419223788702,0.7420997480379745,0.32510740702193164,0.5905502803010182
379425,0.0,0.3588748863386931,0.6307311075812461,0.9681787478838395,1.19711353154694,1.3845575202212357,1.165624843584039,0.8044511757445855,0.7193614782378897,0.18623078186681025,0.5266175276548034,1.2,2.0,0.9263416597470041,0.4,0.43795922157012446,0.8355832925022142,0.39565336340997936,0.8299764918630106,0.4,0.5398787684812861,1.2,2.0,0.9260420732527108,0.25978364585725006,0.523706155061698,0.6841867675188253,0.2564713442034029,0.524715251639696,0.4,0.5673586643953971,1.2,1.1394021353490265,0.8804350779981083,0.3300702904709842,0.4651878167311834
205110,0.0,0.38082922428360483,0.657179009271396,0.884291227450061,0.934291227450061,1.370584687950327,0.9925074304274669,0.463970472958269,0.6197833916620087,0.3071542889168594,0.5435767870532147,0.3,0.1,1.0,0.4,0.5185453663418516,1.1414009991109078,0.86467274202552,0.8110954269674726,0.24702637799139154,0.5448266406994763,1.2,1.7832740854978957,1.0,0.4,0.5479471247513102,1.2,0.997865107329642,0.691786863751899,0.15794937249352925,0.5531168686070169,0.3469025708722488,0.20034954065232896,1.0,0.4,0.5287265619729484
334169,0.0,0.05,0.36685517088835123,0.5800924428492473,0.8974302179559199,1.0367135232840252,1.1673543842135814,0.979923614851949,0.9700881534090131,0.2705390998571291,0.5392413880721503,1.2,0.9491955070415564,0.8304849094109512,0.2535043883727228,0.5009490693504322,1.2,1.8076263876012644,0.7118284603163141,0.290886441680255,0.4802502780730685,1.2,1.2274506383818646,0.8757127131805201,0.2605696499098678,0.5710552048493636,1.2,1.3067459720045949,0.6901515277230255,0.15046582143761078,0.5461383274421752,0.7366202942439914,0.34006648969765135,0.9053793745062432,0.4,0.5219676339821062
207023,0.0,0.35294117117738205,0.5404393763741626,0.735895689600532,1.0981590687852274,1.2893186152717206,1.0257018380194969,0.41598165406197174,0.5892721828029146,0.31064367281728644,0.5386683785494719,0.3,0.1,0.7109676023507769,0.3100235778204764,0.6187537056176994,1.2,2.0,0.9029129693182649,0.2078329650704288,0.5070348941927206,0.3,0.1,0.9713411292975909,0.27511117350273784,0.5689577949453188,1.17112567694558,0.4304829819583507,0.41861734959456876,0.29217273434649854,0.5462456851103233,1.1743916028569756,0.8846623329635639,0.827785726107216,0.2428343775090127,0.5086115292707796
590940,0.0,0.24149416186673067,0.43114308154597913,0.6681062034278384,0.9663157256656443,1.2649103316017354,0.3,0.1,0.2,0.35254958419022,0.4392845130182682,0.7934353059412449,0.46781854547207036,0.9319717621770671,0.4,0.5069781587258865,0.386544526348492,0.1317101216286544,0.7747921147143138,0.06256090501017131,0.6054123438435366,0.7926468400586545,0.5400909012721562,1.0,0.06933571834529623,0.664426673866931,1.2,1.9401512188618966,0.8099051967102386,0.11778948846180128,0.4626715739039761,0.4407641391053877,0.1,0.6657769987008926,0.3825377302692223,0.5155004362151007
048675,0.0,0.34959883209226394,0.5785332368550349,0.8013142090546306,1.088225107872747,1.3171383761091,0.3596414819806159,0.23381435243585272,1.0,0.4,0.5387005721875623,1.2,1.966225429485021,0.7919802004333996,0.07047775400034217,0.5050257325335631,0.6627689033348685,0.20658570857975384,0.6822826212245636,0.3660365859205533,0.5037474926092869,1.2,1.5210878869492115,0.7372238097207027,0.27829392690381705,0.5214438473025638,1.2,2.0,0.9285194686153506,0.33887650906925204,0.48783454837548185,0.3,0.1,0.689376623385061,0.07013696961772993,0.5360679022545879
390946,0.0,0.2576440105589168,0.46258664288281426,0.6752965705415862,0.9823545092517515,1.2187030530574083,1.2,1.0479617553254676,0.8908900724843247,0.3204146455408429,0.49740039789861185,0.6594531990945999,0.3890153324049478,0.9405460420691394,0.28855556365447754,0.513729012656188,0.6451506119222626,0.2649383138799563,0.921308503926204,0.4,0.5444005469157656,0.7785007705197368,0.35980949789557604,0.7320206003066085,0.4,0.5246910240038246,1.2,2.0,0.9655030457068232,0.14058879057009516,0.5103570372738846,1.2,1.6735652142001736,0.781260499938193,0.10265667298388512,0.5798165942330079
992000,0.0,0.05,0.30969668440332987,0.726380108227984,0.7763801082279841,0.8474015281819873,0.7683026522722683,0.2493834459704038,0.6394098030798299,0.4,0.49506572137987637,0.4478998382796666,0.15602240802206463,0.8787825910669297,0.3496611624123037,0.47407333389530387,0.9217435821887022,0.25455471549732556,0.4425903230418635,0.05,0.5257207368827251,0.3,0.1,0.9478230843472354,0.4,0.5298498083684589,0.5762516827672984,0.2451694626711402,1.0,0.3619426911581492,0.5647824818141102,0.5024154684413935,0.14555417459963615,0.6475629650245136,0.4,0.546471764246139
582130,0.0,0.18268700364488596,0.45044029589084755,0.6245740255904516,0.8877832076746204,1.2896846043362196,0.3309157487216605,0.1,0.34167715378010244,0.0698742915583501,0.491462563154419,0.46914606068773157,0.13632704068314486,0.7216708213455392,0.3273004414369681,0.49588247619224374,0.6252812587746599,0.1,0.40197380695316537,0.10541511971153675,0.44397085371937023,1.2,1.2000403368445558,0.7276592292644831,0.23095786873520316,0.48919502932638365,1.2,1.1190858781621975,1.0,0.3158089629520831,0.5208051127650416,0.4511629688144336,0.17438699606662886,1.0,0.3106536474778875,0.5270277470681805
784577,0.0,0.18367716047602908,0.3855195162081049,0.5776546892563758,0.7738347413053341,0.8238347413053342,1.2,2.0,1.0,0.28422733020990587,0.5765721207305389,0.4756887806185264,0.11826341316513472,0.7057918515173998,0.05,0.4536875430772096,1.2,1.5157031928995375,0.6095815877212293,0.35713600571019144,0.4686647249062569,0.9278217155355981,0.27269118642647483,0.3512025706806098,0.05,0.5027223122166418,1.2,1.704455831466682,0.7460382070103475,0.3533130038255911,0.4894921852108314,1.2,1.6004135208740307,0.7189717963716504,0.17689002870748408,0.49332522258277517
965794,0.0,0.13817360225659814,0.33952100211761904,0.5580632106765131,0.7856089879281535,1.0608511634471145,0.47633319150033726,0.21179363727212852,0.9600660591146978,0.2262809894495264,0.5576057551909788,1.2,1.398694472974515,0.7273612301181888,0.3342770420313845,0.5334774840500525,0.7859180997040967,0.1535106935254413,0.5674226787559109,0.1944719650878327,0.4648419615060853,1.2,2.0,0.9811819066932022,0.18141768752804657,0.5719409591596719,0.6996692093559438,0.21505124065356643,0.826828504932895,0.1709366938204828,0.5229944180692893,1.2,1.9427694798062143,0.8186588668216283,0.24150350582840013,0.46738363686992723
979113,0.0,0.25794234049370046,0.5252062893864953,0.8483801048244277,0.9094483937954063,1.1803226894638033,0.7427556491001945,0.30572938817491524,0.9307120335923811,0.4,0.5518769487192225,1.2,1.7950385147354995,0.7543740715666176,0.3283404424565756,0.5335071028332246,0.7230789452350557,0.21511931304284387,0.7638038875982461,0.36568524638045363,0.5429586071363511,1.2,0.8629537453452997,0.5865520338216454,0.08540751799597693,0.5289603549945067,1.2,1.126578071042767,0.6290505969145646,0.3319583099201908,0.534532022653788,1.1775704111647622,0.930465954000463,0.8567034227694719,0.23288024967850174,0.5345569538900391
248248,0.0,0.20897239592531414,0.4155245984293998,0.6900494084575175,0.8809460776864096,1.080674091314559,0.9826555032984722,0.3875426406815138,0.41269718104957365,0.209960780074141,0.4881193881892934,1.2,1.6531643157413367,0.6147173921449606,0.24968915338061626,0.5462413948639929,0.6450254764165143,0.22509823528260364,0.7983350616136821,0.05,0.5520099217947534,0.8747633894012827,0.6471575626466816,0.8906754366142702,0.05,0.47510963305310483,1.2,0.9663541410902847,0.3765324452852486,0.2588402740132252,0.4953384726808923,0.7196930890061322,0.33414759968136987,0.5158637002860764,0.33239972787438354,0.5304912523413423
510098,0.0,0.21073572195266202,0.6367371343276215,0.68891221298436,0.9057213468233144,1.0722087733563934,0.670133610810736,0.2681065004395348,0.5865282430658629,0.12815511708884805,0.4396015092275605,1.2,1.2051387009824617,0.7627393899912521,0.4,0.4840173535700764,0.3928545364076982,0.14028666883258542,0.8792292407088134,0.4,0.5589167045679813,0.3,0.1,0.6528955770937961,0.19653141411181776,0.5450781305093809,0.7032031016034217,0.3166470124376593,0.9265029274377712,0.19642474091211695,0.5350142806721188,0.42491539371689746,0.1,0.7114379675204312,0.3575576412883891,0.5155309715855588
140493,0.0,0.15454436714437378,0.4501050965722637,0.7493106675682182,1.0125972852048535,1.2782282223503252,1.2,1.5382504442642113,0.973884387734961,0.12849143613923505,0.5053854070644622,1.2,2.0,0.8595628023381267,0.4,0.46607911403830987,0.5479912859758395,0.21656317302136652,0.9413227544530075,0.05,0.48048244462989786,1.2,2.0,0.8332987406291856,0.3384847170093283,0.4622022964397561,0.8904998521327044,0.561986165416363,1.0,0.26194270670248826,0.56066622335505,1.2,1.1172837930108905,0.9129032682219732,0.27461163435890856,0.614516340282446
497450,0.0,0.28340758811023214,0.521744140118652,0.6964291969393741,0.8499237720071245,1.1139627834573536,1.2,1.823571436143213,0.7193503674261411,0.4,0.52643590883846,0.7330851679089163,0.26716785594648845,0.8573540643076302,0.17376350276570976,0.5876011896928796,1.2,2.0,0.9832994426537351,0.39722906471874075,0.5217845640449407,1.2,1.503540405854099,0.5609255443374435,0.24783620701625128,0.4666953392838736,0.3,0.1,0.8593827257129039,0.12315907591229751,0.46641862389780503,0.6029312978055381,0.23261946518953244,0.6551928928233374,0.23106909133346865,0.489637786814963
073615,0.0,0.23831951123419648,0.5650007519615182,0.7497011689591184,1.0579617343691343,1.2863554976875946,0.3,0.1,0.747671424169073,0.4,0.4863178467519375,1.2,1.5225474997525623,0.6573550793926113,0.4,0.44107268282472667,1.1797447518521105,0.917294150647352,0.8012669710060617,0.3391324664458849,0.5198837774161615,1.2,1.7756159911167013,0.984634222277287,0.4,0.4705700925696789,1.2,1.016161707879869,0.5502595793542557,0.4,0.4719081388815576,0.3,0.1,0.5783843985782949,0.05,0.37390540065485356
836984,0.0,0.26663980367809165,0.4587049792613409,0.626040122602477,0.7965099741531556,1.0436289084443475,0.8184719876457085,0.4051884218045217,0.8190853354228006,0.05,0.45642316600768307,1.0810015323766093,0.8391480234150528,0.9077085863390609,0.33932073006584423,0.53837025074659,1.2,1.765187720113653,0.8089805141003973,0.3056514475640495,0.4815391155253756,0.7582461299920262,0.4027288069536223,0.8699056213843056,0.28336165497965393,0.5515185608394737,0.7556817870893584,0.4988935572788518,0.9486369887600159,0.13805938501708712,0.4514729942853131,1.2,1.2073902195763246,0.4363099128363311,0.3538551206407723,0.4975089997846875
915388,0.0,0.3257441218477082,0.52002380413388,0.7406524157051295,1.0348043022794204,1.1047544746167448,0.9077682997331764,0.6694756381550819,0.9652727243618409,0.34867766705440856,0.5635986452753683,1.2,1.5760618159519921,0.9597993499460837,0.24012582584518377,0.4935544148570216,0.9215395678071028,0.4085197987366936,0.6183360753647924,0.4,0.4529121889872044,1.17554257588916,1.1244543790874386,0.9819067688809708,0.3813847922796107,0.5042002741193364,0.7774211362795004,0.3228566229030363,0.8058003872691515,0.4,0.4695822193646361,0.9064183526668208,0.5565859083193946,0.8651461694896414,0.4,0.5335196633188523
854910,0.0,0.15533133661306153,0.33185467526945056,0.6634531036999226,1.0352154740453776,1.4526231931090678,0.42026170358267917,0.1917836116458529,0.8176526082260197,0.26811794912115117,0.5493383751800867,0.3,0.565601036465876,0.45356078747568407,0.26977359564338144,0.47449984336495415,1.2,2.0,0.8955604438816713,0.20174461086874215,0.4877233060584173,0.891050211984372,0.5824797989175261,0.8863849912932172,0.2856052927062055,0.5503711018465592,1.2,1.1586742365903557,0.7195196258457488,0.22352294393309322,0.5134078369867728,0.47566197269157384,0.20445188127521824,0.9227222983540346,0.4,0.5352731121903433
799132,0.0,0.241514871436174,0.2970878008543637,0.6257614719554602,0.8805409883562536,1.0663652747382875,1.2,1.8067913761799965,0.8048076865710175,0.394581619774645,0.5521622935543854,0.8404749311594485,0.6187230676487155,1.0,0.3866220406470023,0.5536651738350318,0.7582870664809906,0.36969175914822006,0.9225223375512682,0.341793269300815,0.571097604650803,1.2,0.6741955653056226,0.5186749059785808,0.05,0.4860974986619675,1.1271170830237323,0.9029064932579849,0.8433774608522774,0.39910612258314626,0.48859867699898274,1.1008901916835463,0.44213116148185233,0.48996995080626404,0.3386355641283832,0.4816641862012933
956274,0.0,0.20194050764660695,0.38473625639449754,0.5827962237423563,0.8829328141169728,1.0891127297300014,0.8784355420541674,0.5389332791397144,0.9559254933790811,0.3312710184827327,0.5326137933196625,0.9529782618146696,0.3237668520332261,0.4790676872316735,0.05,0.4788012086000354,1.2,1.7053934616233364,0.8087062642373435,0.11433780993234105,0.5266068961879306,1.1475981697118895,0.4511486640871042,0.4497281778205455,0.2463014251689999,0.4860403493539997,1.2,1.8107746309161956,0.8138078942338781,0.2933509424684074,0.445173402007334,1.2,1.8861717101284292,0.755860554353563,0.05650251854515209,0.5020171520690904
007248,0.0,0.05295838545327694,0.28147311110196166,0.618061080401072,0.840125795971627,1.0818050343160317,0.46816050420961414,0.23050980885313727,1.0,0.393754992479566,0.4848117316223279,0.3,0.1,0.7734046969702099,0.1838665643568272,0.5726006774822308,1.2,1.844991599503181,0.8317905266424994,0.36250085118649716,0.4433472007494379,0.964977092993925,0.26260192762209766,0.2902563656613909,0.05,0.4964097609352916,1.2,1.9853426996147454,0.7725249557250318,0.21979174342820576,0.4976061922020692,0.45701800800948766,0.16454317338184568,0.9267907560271373,0.18990708014371113,0.4895373322506578
849496,0.0,0.24544078415189885,0.5210690524969425,0.8029599240880854,1.0910043791057888,1.2379993091002863,0.496745801069982,0.15717470528572336,0.7014199937209405,0.08196699312426707,0.5548081128263388,1.2,2.0,0.8038628643631412,0.05,0.5141357300088399,0.7629398412065715,0.5191013895445461,0.8940616419040187,0.3475127586541589,0.5521925102699664,1.2,0.9672385672006476,0.36488800455536535,0.27787201394734773,0.5390238017195659,0.8114611043546425,0.4557582884971943,0.932822471933917,0.3183450303384798,0.6119787930551942,1.2,1.8966634637757356,0.8070359956814347,0.13164239150997198,0.4808760239358474
897584,0.0,0.17816772869566683,0.4122447802748656,0.6477853158050545,0.8243541569944506,1.0346192068304245,0.5307531652791813,0.19780060138914882,0.9424096016001027,0.05,0.4260316456861756,0.6739217455648503,0.3107481448271202,0.8291851002104778,0.4,0.5904801799724403,1.2,2.0,0.9391350057845572,0.1606252451585048,0.5544950470293204,0.9916384533728608,0.5147813348976285,0.6982680935195174,0.30274080107845724,0.4898748519673673,0.48836229324222574,0.22412256536370853,0.917291636938906,0.26119267825802106,0.5293740915666464,1.2,1.4581742978374628,0.5790411284705559,0.2569228177132414,0.49868459960261996
332097,0.0,0.06269509694123461,0.2426526031242977,0.6269696716295163,0.8693620942962109,1.139921516649693,1.134184730123606,0.867995282919661,0.8618625507108746,0.28228162231592935,0.5529300882138984,1.2,1.0921637838099831,0.9299541155546078,0.276490140451244,0.4534262078977645,0.8809177082656298,0.16748237584485592,0.46623289510060417,0.341293167781853,0.5541393109182936,0.5948783901054123,0.188219713809554,0.9052743107763711,0.39664977539921575,0.5154790652961264,0.7670695132929211,0.37617711437052415,0.8186991501185262,0.22151415447518963,0.5425502896186061,1.2,1.922791038246218,0.797581362975622,0.2206657567970618,0.5729008743761528
937556,0.0,0.2739244806065145,0.5972085605874978,0.8260152695341502,0.8993912955268821,1.1104288267059959,0.7828120765665085,0.3652925831222853,0.8622823130896171,0.37669477844345783,0.49807879981847986,1.1579164859936495,1.1550324923694755,1.0,0.2552771105527205,0.46687169591798655,1.2,2.0,0.9036859412525653,0.21007267308547176,0.4846285108657835,0.3,0.1,0.6607615772617292,0.05,0.4884427285677574,0.3,0.17050491690425484,0.2,0.16872525470450891,0.44185818255701187,1.2,1.2224127189014111,0.6127864625458269,0.24036660794175774,0.48339539322225256
088701,0.0,0.21284031878774293,0.26284031878774294,0.4357585920604379,0.6722467410908388,1.099464791068153,0.4888141927277365,0.15100094490503335,0.6839348863372381,0.2592562514224068,0.547721639157987,0.32307373761317537,0.1858271140855442,0.729311395805219,0.19729574534164407,0.5206170296605147,0.7595807554219958,0.44233145174803673,0.9090132099021377,0.17715315810699925,0.4625426522775006,1.2,2.0,0.8909003390847726,0.10399742350263749,0.49495734487843573,0.3,0.1,1.0,0.4,0.5345032912383832,1.2,0.7833997550202607,0.5097002842021414,0.1927858191026011,0.4971196824736667
456241,0.0,0.19657681102303923,0.37446793341024887,0.6213147201590895,0.8197903473231685,0.9865840988277904,1.2,2.0,0.7567778657897851,0.21816329651246769,0.6080166875239614,0.667689964644641,0.1842313458601341,0.560656192989338,0.20697117609293092,0.42315908711181566,1.2,1.5328125501613563,0.7549982597641378,0.11581792467720645,0.4932221128502679,0.9522565220524964,0.41650881947085805,0.557390500159019,0.3080239882938893,0.4322677682787179,1.2,1.5462659090044604,0.600503413427941,0.1157419944039616,0.4278503483847268,1.2,1.7901470796310923,1.0,0.06464863148069142,0.49854432991820424
338506,0.0,0.05,0.3684245464047081,0.5379533513110506,0.7796829766077208,1.0895372715968756,1.1419382119776336,0.7802980346691414,0.716614240402457,0.29464492298146294,0.5545505470317852,1.1446257515788512,1.0451870550650515,0.9749776949945134,0.3226971128115215,0.5522218735643125,1.2,1.160680408292461,0.9825034110616311,0.24572992470414845,0.46328472260698017,0.5674745117708195,0.1,0.3163520905378222,0.2031411800380435,0.38288482607531604,0.393342713782187,0.1296450296963247,0.9322646188055357,0.4,0.538445308486883,1.2,1.6841423201338823,0.8633604199612936,0.2161777959077286,0.5561024854455231
945535,0.0,0.32707815334420826,0.4788801247482777,0.5288801247482777,0.7662534265526455,1.0015990513942368,0.7223960198962259,0.34312248956569724,0.7058822630872577,0.29718894877759033,0.5146895397957766,1.2,2.0,0.7983511985948114,0.4,0.5219751514680199,0.3,0.1,0.5901600278129151,0.05,0.44388980504266273,0.3130101515997632,0.1,0.4480897272297597,0.06658198015066558,0.4556548534977315,1.0885976229761987,0.9123786196447937,0.9286178864911059,0.3481104144943387,0.5033889735802379,0.3,0.1,0.8633186150875782,0.4,0.4603500351605674
847084,0.0,0.21116608545716015,0.40482686045016514,0.6419672824458807,0.7834462752635163,0.9994276318984844,0.5535288137012803,0.1,0.580135224039992,0.08936322410766231,0.5779740799335503,1.2,2.0,0.7609336102919427,0.24046019050225426,0.5521265937238795,1.2,2.0,0.9365660790509194,0.3077147458994688,0.5511831287236583,0.6010122135146072,0.2665207870533987,0.8564750920797666,0.1920059259163156,0.5598542509727785,0.7345128636543371,0.3071940009969943,0.6740440091941284,0.05,0.45440139385666845,1.2,2.0,0.8308468924751808,0.14051365512460523,0.47552523266326713
390429,0.0,0.2570339449720829,0.46725354729308155,0.7971772443204135,1.0497306079124737,1.361038927938424,1.1127629020786987,0.9405971589528558,0.9514311946426927,0.39825314198209366,0.4962720953576584,0.6636161153777747,0.25522211230631353,0.8035532638749319,0.2865712318394622,0.5750299225521168,0.42875288791890437,0.15478994493115367,0.8881245124386088,0.3224238196019563,0.5823154836802379,1.2,1.2809666443212313,0.5032436874299182,0.226073001278022,0.46027849352993955,1.2,0.4765633124426524,0.4007288855033856,0.2891408880221316,0.4462407544637293,0.7642667005610808,0.40326681207667325,0.8667324578687128,0.19835328479251524,0.5582066383077191
014675,0.0,0.4369050718561789,0.6041550905311712,0.8394847113072003,1.1627585955962867,1.3987711107750542,0.6173036116875485,0.33712282151892053,0.9704548192588981,0.09111824051332584,0.5867572112062213,1.2,1.5016339244559347,1.0,0.25890868081853985,0.4926550978795698,1.2,1.5078960218031643,0.5634429772390611,0.19279941563094546,0.4964427137541861,1.2,1.441994941196667,0.7277884081622947,0.4,0.45101236152768787,1.2,2.0,0.9065864167506994,0.27041917227261886,0.5242655828683035,0.3,0.11276938474411703,0.36879868702745355,0.05902590785021875,0.45203829385675204
074919,0.0,0.23007814905934476,0.38844598288927423,0.678412115009454,1.0384774261602399,1.3553870647781863,0.5954552760936427,0.28938237958912544,0.8633058395777747,0.38122889930482357,0.5647406379262206,1.2,2.0,0.8776430764676798,0.3184753975541425,0.5000706310426051,1.2,2.0,0.9015818777479871,0.1788147699335706,0.4485201511364349,0.828743458016102,0.48158371741739575,0.8333235347183336,0.19173725226035013,0.552233318655183,1.2,1.0834385919734728,0.7022264335486217,0.3525801562903851,0.5426569694778359,0.7109624806052002,0.43054844173707174,0.956997956403115,0.34204970619969344,0.5699369923153975
089795,0.0,0.15841180173442454,0.36482139457496143,0.6113743491798489,0.8772736255192233,1.0972679705228316,0.42694372909255013,0.11696060509287196,0.9588947833607926,0.4,0.48217726395981136,0.8041284420292922,0.46016896662310736,0.741834236978097,0.05,0.43369231385700696,0.5921346358764348,0.28159335537435315,0.9491729571635679,0.3327577482309073,0.6305870976497915,1.2,2.0,0.9669409766507914,0.2798721596827431,0.5434398550431707,0.8174287238879849,0.5097140550677915,0.9352058284477522,0.31279135921255263,0.5691275188565145,0.3227185370118711,0.1,0.22036122935845576,0.08999243356262679,0.5085893601746081
908158,0.0,0.1960491100541471,0.35738782817369796,0.6473388108627518,0.8879668401619882,1.0380515730186954,0.804797827741169,0.40600216250971893,0.9049473286973829,0.10165825453346458,0.5460203313691231,0.5817727002022361,0.3684935782727773,1.0,0.31015534154098306,0.49529744876495974,0.7680243830296154,0.5390899187839272,1.0,0.05,0.5013596959855858,1.2,0.9907606311987983,0.6833097388603315,0.39619558135009325,0.5386783193941832,0.3,0.1,0.49840813237654863,0.05,0.49779800690611675,0.653973540923468,0.24608952015541166,0.8961775734165779,0.05262880084305985,0.5424925457724807
576978,0.0,0.2396538294398175,0.5375314755497591,0.7015831157302994,0.9586746116497786,1.1332700312744945,0.7080109122954603,0.1894150564583824,0.4746643903819012,0.05,0.4625410507860206,1.2,1.956804545349266,0.837863637600081,0.05443375567280023,0.5369102653147917,1.2,1.6597031712477408,0.795112703731937,0.2612138537562909,0.5132143526673734,0.8395454907539924,0.47153393527645887,0.8534168683692913,0.4,0.5580329506868866,1.2,2.0,0.9072203238000841,0.1230480166642347,0.5639940242001379,0.8341985273409142,0.5172599892428899,0.8498533507198904,0.20887870047068385,0.5101706204913963
390089,0.0,0.2562154846739942,0.4601054678536224,0.5101054678536224,0.7001348306185653,0.8599426460084455,1.0889053067716206,0.9449540358942229,1.0,0.2666672497792283,0.507609692383715,0.7961876980215059,0.5794708244175358,1.0,0.3451883808461623,0.5098315507335218,0.6061797670589764,0.39598914139295965,1.0,0.4,0.5805263584132013,0.5159416990112484,0.17823058610736126,0.6823293975940334,0.37580897798461105,0.5271409211996394,0.5586866222045611,0.10093273435354627,0.8223671295629145,0.3143114258153671,0.4900147516329053,0.8369269802068893,0.36327804618313675,0.6691069905150209,0.3147641144281528,0.5059943422176642
641609,0.0,0.2641414189291983,0.4129061083835973,0.6842375797174264,0.9599627371898116,1.1779059082836247,1.2,1.2979051528223797,0.671419177513011,0.3229547668322268,0.5179512859986751,1.2,2.0,0.8196453555094282,0.05,0.47079773897251637,1.2,1.3297019682672666,0.8686401941975864,0.23972954556147738,0.5728696535283776,1.2,1.51242588433218,0.7069902346876934,0.09868173432755414,0.5443758207564723,0.722469834223914,0.34980262227116,0.9487174562548788,0.3767366729222472,0.5885918951711984,0.7926471648117797,0.4486613134079647,0.8879350666244734,0.36740745565373945,0.5407292954339764
176301,0.0,0.24943695183127054,0.5520827485255961,0.7510541498355321,1.195514550517994,1.6167145723737564,1.2,1.438394207737223,0.81532361701847,0.18684164277771598,0.5419611785929703,1.2,2.0,1.0,0.20469665531582498,0.46540036169323745,1.2,1.9238148662250305,0.9576037488904288,0.30688082216538115,0.5474235980674825,1.1810990438344833,0.9583044301807491,0.851759707063382,0.3239174434762059,0.42571986124032507,0.5322336821505335,0.19746709197314144,0.8942487640523682,0.33929005017624964,0.5012746358994103,1.2,1.2728336487324696,0.7499918694893489,0.21495791764180905,0.5152165137944396
100111,0.0,0.40339198323051606,0.45347101658749045,0.8744586434989818,0.9330785792008855,0.9830785792008856,1.2,0.778966708971096,0.5527752154065458,0.33704610398761653,0.5236083228451661,0.4932512979339432,0.1999235428630056,0.7158743423172887,0.05,0.46735044942921816,0.3,0.1,0.6562924517908795,0.4,0.5739711817837341,1.2,0.8932040699909009,0.5800638993874794,0.34775519956846856,0.5086468964413028,1.2,1.2388357720166177,0.8257430945511235,0.2873084049737948,0.5179946592157632,1.2,0.811019503893387,0.5385522520680701,0.09190859255685088,0.5597216185653833
392344,0.0,0.25931528535114395,0.5300627748533366,0.7600506563165625,1.0956459734638841,1.1456459734638842,1.1093709228327642,0.8949677130026586,0.9428460917444709,0.4,0.553527154101039,0.5473591635783341,0.15359574416071936,0.7618761545354336,0.4,0.534641804497469,0.9330040159449462,0.5536100308945597,0.6288553812228287,0.3687391876649631,0.39147539795952224,1.0767564043266526,0.7478171710658404,0.8497640838627035,0.39118618301626323,0.5112070477787021,1.2,0.8445693749557064,0.3569116592521592,0.10240354061912955,0.5088416414645847,1.2,1.684000999840222,0.6491373193767631,0.18744975442831516,0.5149119160144675
357095,0.0,0.24777543833294097,0.5142806489505649,0.7642072307194595,0.9623924398865091,1.1695109232833154,1.1426057829544964,0.9385501269222639,0.8645147661283232,0.2660864542806549,0.5096800508432752,0.3,0.1,0.6152647529907265,0.05,0.5035956692190036,1.2,1.5301943331159782,0.6892236014624262,0.30704548577683255,0.5013841375932602,0.4714072965821154,0.12202130058430379,1.0,0.3783068252551156,0.5764300370899077,0.7317870700085403,0.4740286490772555,1.0,0.32541060094044627,0.4383552166130214,0.3,0.1,0.2,0.09479599281618613,0.5397927526703505
561929,0.0,0.18614671193943327,0.4792902510368176,0.8308662444665094,1.1332549929671054,1.4597761824825644,0.3,0.1,0.4180946906454016,0.3122977497404464,0.5257955935159355,1.2,1.386539828048413,0.6623700161425071,0.2958169467124783,0.5265267288113895,1.2,1.3327255061564316,0.8479616755381032,0.156221485438842,0.545350225927021,0.7241487827505392,0.4310263319516092,0.9209982241430693,0.20997129536653036,0.5458481958335952,1.110928933566024,0.4596113555510989,0.438159813631439,0.23221365512866537,0.4583906644745296,0.7168971607957138,0.31395856498195335,0.7466587672471648,0.24918842652242057,0.4745937429339581
691563,0.0,0.15639746556273298,0.5372962378051456,0.7597861130798532,0.9615050884965448,1.1047507219533863,1.2,0.8194065371722387,0.42762597546803705,0.3705035170895592,0.6007575594170846,0.657308681557281,0.2498996617444987,0.6386686641458862,0.38069986017639246,0.5828760709119545,1.2,1.6878001544954369,1.0,0.4,0.4935592991067893,0.9711743180534711,0.4874846363067328,0.5537791817747019,0.1783546031650567,0.4628298524536929,1.2,1.6649530660982077,0.8627885078741467,0.16004310734557806,0.4645031702119297,1.2,1.101037203021344,0.8623275140281024,0.3647351758841339,0.4954812345054845
493995,0.0,0.2861346344281637,0.533404030043184,0.8221914880417047,0.8721914880417048,1.0893099041460776,1.2,1.3949280226823104,0.5097042051336168,0.2459509618088502,0.5400050282584804,0.8610374294470491,0.6187927827759082,1.0,0.35945259030623866,0.540225500248395,1.2,1.1184712899585463,0.9470700686346303,0.1254285987876001,0.5273595752425045,0.5737759635695876,0.2705829419614466,0.8603282035625067,0.4,0.5390329119477445,0.7171475126030317,0.3424468464178132,0.9432064192376939,0.4,0.4983224989330401,0.3,0.1,0.5511941029453935,0.12156036350159675,0.4420266148506689
876914,0.0,0.19535991854939627,0.5159370458734145,0.6774164734289565,1.0296431158792914,1.1821373770585977,0.6081460963633912,0.223359014210575,0.6320423017341229,0.11115773191794413,0.44277756084789616,1.2,1.9886999109203936,0.909577082564063,0.37489751260845566,0.5050464451105819,1.2,1.641557611171706,0.7635049222649073,0.27389568295790273,0.4821865270594361,0.754567412049584,0.3402896707803349,0.7657286437337161,0.33177999608920145,0.546975402916875,1.2,1.0815381791667904,0.6610792868716721,0.3182916137296604,0.500178529411579,1.2,2.0,0.7167870098952157,0.39929619891284296,0.4477459602660158
494716,0.0,0.31975747887133177,0.6118215570699401,0.7735773062967012,1.0417349755466343,1.3340845999995081,1.2,1.1673360494140625,0.4264913610267552,0.05,0.4970425552548402,0.7343964003560024,0.4781527656712477,1.0,0.22317356888815368,0.4778183785562541,1.2,1.6130655642384375,0.6376523610718734,0.2576535814987995,0.5386437370614544,1.2,1.6744820393662752,0.7448886440250976,0.22751200121079382,0.5445021343224905,1.2,1.3895700726023135,0.8988100823863017,0.3927970078064406,0.518448070480701,1.2,2.0,1.0,0.2805762062384548,0.5233389783246203
714453,0.0,0.28729837380618967,0.4615886291960879,0.5115886291960879,0.6804588388690187,0.887124088476868,1.2,2.0,0.8786405556332876,0.2517590290924974,0.4719653764726161,1.2,0.7784855091986423,0.514404338548115,0.2673426581330155,0.5597194381579773,1.2,0.8320359344566809,0.33569717692269024,0.38047091612983996,0.5162002826036763,1.2,1.3666439843257268,0.5479967570798059,0.1388019509161506,0.4743568488048463,0.3,0.1,0.6630110560198301,0.07274699698044124,0.5555064909757331,1.0781470490001408,0.8475044890752077,0.894823213488229,0.2646702290115037,0.5606761048217747
291855,0.0,0.31961682593658763,0.6747467373649596,0.9640886620212804,1.1081377071131624,1.1581377071131624,1.1257666633117955,0.8753332304924735,0.774976462707941,0.07661868931862206,0.5895372023084787,0.8199350759944444,0.5129424631789026,0.8415938011808732,0.3796977407480557,0.525290634166854,1.2,1.2563202042343526,0.7448492900681363,0.3542374317169121,0.49312631295712755,0.8793085305974186,0.4833622456863855,0.7503841007361791,0.33864751659204273,0.4876726305710184,1.069568310891394,0.4910441862635305,0.5109241593125003,0.13578403911044643,0.5030503873441919,0.3,0.1,0.4246895947645135,0.2054737154473765,0.45168111348169737
134071,0.0,0.24789984597049017,0.5476056979968597,0.8804653854741878,1.1036922504601308,1.3630528982922145,1.2,0.9971519079759916,0.6315962916749934,0.4,0.5346007916566463,1.1507812174197696,0.899104315988449,0.8743303185269431,0.3682279302130331,0.5354596914072682,1.2,1.5904649115308898,0.5773288868652294,0.29522675713003005,0.5181784213056678,0.5927115047368618,0.3049262636101411,0.9598216993232069,0.3042261800885046,0.4976041376707024,1.2,1.918800018267339,0.8140003299212142,0.11913895708906802,0.528594016017608,1.2,1.127479484569471,0.6458680417743543,0.05,0.49885012714050014
389895,0.0,0.30587885818751653,0.5088617656911626,0.6686855419229712,0.861278529541244,1.0726205676920848,1.1542094165115502,0.9445410335910231,0.8940386151322731,0.292258970105768,0.5706885347946173,0.7554128920267179,0.4219418285719173,0.8365745613272528,0.4,0.5104542699496564,0.7945317694938736,0.6380799668822577,1.0,0.18173992352663526,0.5304138601674767,0.8904314289552754,0.49690321607625487,0.7986968849345994,0.07665356710908337,0.4569508976032972,0.7693223679621846,0.23571882569049782,0.6160010220936759,0.3555942876696943,0.5913029137438394,1.2,0.21954053598822226,0.2,0.05,0.4907019743299622
205807,0.0,0.4194718502007661,0.6862199748758173,0.8461889513969222,1.0271726214744166,1.2362267850659918,0.9077055516814648,0.3681903756474823,0.5277034014242014,0.1859642968575142,0.5140261818697789,0.4491339950132631,0.2332379541452309,1.0,0.28580679807247705,0.5681455935426004,0.3,0.1,0.4116279547076291,0.05,0.49363362724015397,0.5633977208427996,0.1872837318948206,0.674560483150167,0.4,0.4928908132365843,0.3,0.1,0.8594530596190071,0.3790219036575242,0.4865455221837331,1.2,1.5605737311849026,0.7269970657712472,0.2948615271147139,0.5257914030432036
875765,0.0,0.1686943524177842,0.3735582194333267,0.5877121499076443,0.8717811957553794,1.0367975896686072,0.7552878079362905,0.3306360403530839,0.7818814327940523,0.05,0.5177076418761901,1.2,1.6341559624351065,0.7080877271769844,0.4,0.509179921714491,0.3,0.1,0.455668192316948,0.09963754569843224,0.46679261640787856,1.2,1.7360719442564485,0.7573059076780224,0.2120527999999331,0.5711874176114766,1.2,1.6733705474318499,0.7239376710248382,0.11041755225036817,0.49416967406853685,0.3,0.1,0.43108216931824983,0.05,0.4363534371144586
566601,0.0,0.17507162171675064,0.230169329958179,0.3050821122793608,0.6263604828682046,1.0977829368964551,0.3,0.1,0.5865844747506098,0.05,0.47379123696499437,1.2,1.7102472109444202,0.8558291801093498,0.13973278998186753,0.5518463309890406,1.2,1.0899667863951132,0.522518179580145,0.29998074705565697,0.5263848786438613,1.2,1.3940937373649749,0.6553481504365652,0.3392917265380887,0.5020180707518619,0.6083847510069027,0.23667510214934606,1.0,0.32621242984949406,0.5026012282203001,1.2,1.148739234222351,0.669194370762942,0.25752768329273584,0.565250705340245
825429,0.0,0.258576957749057,0.43134633610449574,0.6147767359959005,0.8658330525818976,1.1560040897725739,0.8119975085224441,0.5145438963531893,0.9108068519591759,0.32985534195875194,0.5298325865493565,1.2,0.575647440226071,0.4634631206928109,0.10276066672593015,0.5639341670303653,0.3,0.1,0.21898091353133803,0.05,0.4451301536194326,1.2,2.0,0.8000992174397651,0.3033506142268022,0.5181079140459892,0.993730350844027,0.35481165042548324,0.5366045527449549,0.4,0.43935097664246625,0.6885381638555856,0.3748547730835249,0.724150655557267,0.2905735536932254,0.569969986899884
760309,0.0,0.3169120319003272,0.6208094441127484,1.0089790268348238,1.3890237607436182,1.627987542244475,1.2,1.776433540677965,0.813652779326269,0.24017470186134993,0.4965739572396573,1.2,1.5963398243727913,0.7890091034720444,0.4,0.5193626539590395,0.3486910200367184,0.13860772619744297,1.0,0.4,0.5648293368864546,1.139319611029336,1.0636312925180862,0.9408015426916693,0.4,0.5338321379379851,0.5371841971202462,0.2128310026329636,0.8702340880377708,0.3085308780797297,0.5251311813652401,0.8763291506532266,0.4970252831718991,0.8801126485382692,0.2941670639312443,0.533669177702494
546138,0.0,0.1504842233309635,0.39198066977726287,0.7286841288025894,0.9875079958874007,1.296215691712402,0.310774638924155,0.1,0.24694586989016187,0.05,0.42221110540920537,1.2,1.428426367675452,0.5330498668611392,0.22015543909365912,0.5323989399607947,1.2,1.2047685309964526,0.573825954433412,0.12944392483088327,0.5326942860901976,1.2,0.9039147108931043,0.5313047407548281,0.4,0.4835834499151771,1.1507332287776812,0.9088134302160616,0.8571079499898551,0.2141747634716007,0.5206988799901799,0.7288436407264038,0.3919621561923107,0.9324344906982976,0.4,0.5186994065980461
336087,0.0,0.05,0.28815249685953476,0.5843774961838963,0.7760881932433366,0.9798459867819345,1.1676352112913384,1.0231194356333637,0.9109872746957896,0.1005144872262411,0.5221769313451345,1.0937702966983718,1.0157286840941235,0.9948541761418273,0.2865207096518384,0.47684147895332074,1.2,1.3593700032723453,0.6691126208147772,0.30455098032385863,0.5318699500053485,0.49552909149650587,0.19281888377640094,0.759172962146371,0.26663292035457853,0.5697880494554353,0.49156749314092096,0.1306155776350785,0.7636577883707013,0.26006060488367194,0.510978035191105,1.2,1.8331179931149677,0.8226035107674761,0.4,0.4733001814471216
968764,0.0,0.16406168346351238,0.3809718786125633,0.5749527356910928,0.8910223455040471,1.1678614120298798,0.6971095918453851,0.381839391376534,0.8634908570478655,0.39582601799562955,0.49230648388765,1.2,1.779182190238361,0.8576382455220367,0.20523954621207213,0.5184345862451357,0.4832326972483163,0.1,0.7798057532071402,0.07513755636052781,0.48712847941923365,1.2,2.0,1.0,0.28281983747818623,0.5020611302345389,1.2,1.3964033189052774,0.7035374399372307,0.1602283187758392,0.5326899905962643,1.2,1.6482802510601122,0.6449502196407193,0.2522792315222317,0.4800063906962818
844303,0.0,0.23709180368952265,0.28709180368952264,0.5827262503798578,1.0001271529336497,1.404213179186901,0.428935166371598,0.18429090099451173,0.9762887715794959,0.17604673862166895,0.5559668966030683,1.2,1.0551803388115908,0.41502840487261977,0.1059848999224818,0.4991846873489256,1.2,2.0,0.8226331101040972,0.20387841978490356,0.513329132121368,1.1606698516751919,1.0738576983604917,0.9867043508378442,0.2972397051242656,0.5366624706123801,0.709725784719794,0.4988754475993541,1.0,0.35674930714597713,0.5185500705874396,1.1894803236846057,1.0135671391431975,0.8574094575184764,0.2621887517410234,0.5288647138683157
666966,0.0,0.09927134736834459,0.15124053883912972,0.32365705520575616,0.5037206007329027,0.5570044252290679,1.2,1.2985517452239226,0.752634560819311,0.1779293380884625,0.5335174278003605,1.2,1.6734661882549466,0.7968729192095438,0.33319950705432905,0.5308484026514267,1.2,1.6805245723303033,0.818573006859638,0.3746268308120443,0.5415263131129223,0.5796711989521421,0.19251353632063792,0.8818067479777063,0.3608147301178984,0.5960718862246419,1.2,1.3297352847363904,0.656902955737306,0.3039709635390535,0.5006108383585838,1.2,1.1230844638894675,0.583138520612801,0.2380852630086795,0.5539861268337707
140116,0.0,0.18077138951564403,0.48659985898014935,0.8825329647966682,0.9325329647966683,1.1816456334231478,1.2,1.032243761730456,0.7443632653631211,0.2984797484028087,0.5245880977403684,1.2,2.0,0.8348064112666305,0.1389953630438707,0.4725532560478515,0.3,0.1,1.0,0.13253514580040196,0.4976847913841508,1.2,1.0693640356015384,0.6817426401061257,0.14101963233860063,0.42404067516290506,1.2,1.469022632008438,0.9514268993966066,0.2833820834733733,0.5132222955685921,1.2,1.5510004897002743,0.7850811288644182,0.14975507543166688,0.4893691091513209
974724,0.0,0.23803845582214564,0.44254440314783094,0.6260809918311524,0.9679911097971254,1.1844420295107352,0.7274660701223182,0.36194998928880984,0.7695435899924226,0.24183230133859315,0.6314125189296257,1.2,1.6726678222862992,0.7468793623283368,0.29398543825439966,0.5391119078062434,1.2,2.0,0.8955656584659365,0.25226107775667894,0.4831895576716553,1.2,1.2793762187038193,0.5836890097662786,0.1890786983484479,0.5497544037019361,1.0752238426792087,0.4136357199010472,0.4526453643394652,0.05,0.5439344323723528,1.2,1.6052303122842078,0.6100532838406652,0.2562246004077309,0.5444095672066004
289846,0.0,0.29676464981221556,0.48920404209643753,0.6475570229720515,0.8343758127442877,1.0982550066695755,1.0163468960807271,0.5168797773069498,0.6302702060572124,0.05,0.4836864092517675,0.7158863386548481,0.27587891595952124,0.8794007722615481,0.14822870289967444,0.4719282862497914,0.8635190655117227,0.5782001670646821,0.8664469306690208,0.33219336777962316,0.5663449492406046,0.907894446537957,0.5816414151994408,0.9450583276651237,0.05,0.5283832382076055,1.2,1.8093980208327196,0.6725257038560157,0.23529075351656478,0.4244849758873362,1.2,1.4365768773547485,0.6896185922642405,0.4,0.5304411370890749
774152,0.0,0.05,0.22886774395107856,0.46156345841318736,0.6998455735257427,0.893739768016743,1.2,2.0,0.8158061736554847,0.3137509231859482,0.542216088238535,1.2,2.0,0.937092598185365,0.32498575924549766,0.5309491165881116,1.2,2.0,0.9142272309515003,0.4,0.5329681994192266,1.2,0.8880505813391002,0.64162437154779,0.20727355276218018,0.4712284862421005,0.3,0.1,0.3032574167157238,0.05,0.446390707200204,1.0439486297385103,0.5772549375760534,0.6699697785023526,0.2628578721628843,0.5087731799217289
725289,0.0,0.29566173187433675,0.4650487054175094,0.6193702931615129,0.8641663994809512,1.0257327668319653,1.2,1.8234151912858367,0.7738487457499172,0.32829813947977926,0.5687239205464742,0.833756563149553,0.23727661719431387,0.3803311979390106,0.2874337066194924,0.4936156007845445,0.44457057094716035,0.1,0.4015488304436943,0.08771363246424099,0.4779248393976189,0.847498586083698,0.441692727909737,0.942903300039732,0.4,0.4661479143632229,0.5354028526090259,0.12918632922171022,0.5926840090611859,0.21262244732519794,0.5411094646169319,0.9491135261668977,0.4898663685729534,0.7102878643806958,0.4,0.5587467109198221
379496,0.0,0.37029709136603006,0.640941272089145,0.9485357130964793,1.2450140573831578,1.4469658776636711,1.1333256366825322,0.9741236786746936,0.9722037836988318,0.39153595166825994,0.5942974529110928,1.2,2.0,0.8994217599883889,0.24153783644181695,0.5000980038881655,0.6260034464030575,0.277419031888002,0.843425539650676,0.4,0.49321134693811,1.2,1.6572900560546722,0.6541726383950771,0.33479261953085404,0.4831475177179444,0.6368134814137498,0.24005977137931706,0.9333710648993817,0.24432831364820015,0.5515897983419448,1.2,1.5298102103699902,0.7701405122480568,0.33539556687970096,0.5415190796758321
190666,0.0,0.37571929331428655,0.574242466868141,0.8594230179123641,0.9120121901786736,0.9690100919786384,1.2,1.0356895264728203,0.6223429256084301,0.3958407646415097,0.5209100153598759,0.5964557341585819,0.24837772954657059,1.0,0.22822571394897784,0.5590686895011746,0.499024719887183,0.15598030890925701,0.9704496581918327,0.4,0.5843287642124811,1.2,2.0,0.9965735990928173,0.33958270367180454,0.5214634385307904,1.2,1.1764731918430538,0.5950946296646823,0.4,0.5215070859740452,1.2,1.6390758000420829,0.7553904205642112,0.36998218492323376,0.5120060359355477
186320,0.0,0.30787868052622896,0.496699797072611,0.66384318548032,0.8444906325744433,1.2200672421658338,1.2,1.3996003213752999,0.8366835692465154,0.32100403784324516,0.5208770914568647,0.7436448167774852,0.4928029099518238,1.0,0.26001492601091974,0.5406457637455858,1.2,0.9546444708760979,0.45914424295674533,0.21148632466252462,0.513033658016896,1.1610932704208328,1.060978198405929,0.9440547473751892,0.2582897575462162,0.6045924067197024,1.2,0.8291485347353419,0.6776179987962494,0.3082971322749489,0.4599987508540494,0.40037168790167915,0.1655724374251462,0.8165874855082175,0.3438701789959239,0.5161895526291249
539585,0.0,0.19348521575238956,0.45164791015619377,0.7012605111915668,0.8631854147283952,1.0464891040173971,0.3,0.17825411326573856,0.35052353740394593,0.05,0.4402061648534999,1.2,1.2330522336165157,1.0,0.23078428782818478,0.4896381580950041,0.8158774082993957,0.5782398079643662,1.0,0.28520885393664996,0.4510829262804589,1.0237719763417206,0.22574220811043877,0.24976686569062945,0.09762880552730224,0.5115465783494204,0.5959388022779726,0.19006655833507413,0.9183253699529784,0.1490022262537552,0.5501771472317001,0.3,0.1,0.3538007025125415,0.05,0.4809292519074224
446397,0.0,0.05,0.3379542251963216,0.5152822549516507,0.7974694954074443,1.0354036181030455,1.2,2.0,0.8105668952305356,0.3654674639639547,0.5215768587924091,1.2,1.9320354923744956,0.8089323545891498,0.06757153310362618,0.5297131026384566,1.2,1.3189276340586036,0.6463503061101414,0.260603751898808,0.5609015102424091,1.2,1.1352077281696642,0.956633385963589,0.4,0.5703641802881934,0.8733133358651797,0.5282993610730923,0.9945284622241309,0.12519601516128087,0.5138019406761222,1.2,1.7311322586045121,0.7475003881948362,0.3052657084719118,0.5336116501855173
957627,0.0,0.22653548086925357,0.430319101086842,0.7403190830391679,0.9727753101436012,1.2617210137844188,0.7378401286549718,0.3423641680354409,0.8258448829234467,0.2655451322412171,0.5664813894625406,0.3,0.40514526878925433,0.6692516609400165,0.28219137705912223,0.5018225991348599,1.2,1.7134885301090157,0.6860551055206162,0.1251630763485806,0.549856981290199,1.2,1.0129907791786676,0.5181475248479093,0.4,0.5799296208592903,1.1426153935106282,0.7034306198720325,0.6097326055617357,0.05,0.5096164127319409,1.2,2.0,0.9057527326754606,0.18358209586124818,0.4305443999789635
430790,0.0,0.3210213756312081,0.7018237588426522,0.9384653559985994,1.2260562374180675,1.4101438971460365,1.2,1.8065974027976826,0.6584762688789901,0.05,0.5036079627099201,1.1764480182750199,1.0742049018514732,0.9061495882704834,0.36421227944332,0.5092044902711287,0.38968352304123444,0.14162602665507024,0.8534254709181852,0.2575549850405456,0.5459096750362101,1.2,1.6912131006024642,0.7292516865514833,0.2764678985203937,0.5794286395488922,0.7640667488760402,0.3485338548584931,0.8480915550365916,0.058475013639147366,0.5029080036856741,0.6095350609203992,0.25954903974699295,0.8998870828304386,0.4,0.5357189556838331
948324,0.0,0.27404262022270887,0.47353754267301906,0.767152472519132,0.9498378559540215,1.1694211263489451,0.74263889629111,0.3372929253119956,0.9744093553938682,0.267729103266926,0.5097439478644773,1.2,1.1664838504943265,0.4822700819063821,0.29293623672806246,0.5275451004773897,0.8794674591299403,0.3908631330085406,0.66887006267192,0.13913426853443253,0.46743679084739354,1.1368438026443486,0.9767220424777726,0.9313025640592607,0.4,0.5476862077400534,1.0213777833318078,0.6607927096656141,0.7900493936119897,0.283679235944389,0.5120688517930673,1.2,1.1045721874395655,0.49245803706136515,0.30029265158670954,0.5571381967856539
816822,0.0,0.26550560529150796,0.5666740279830422,0.7723527011279049,0.9915032720525491,1.041503272052549,0.487549293064356,0.2572441374853395,0.9704727338545418,0.13765479956584115,0.5035327760744271,1.2,1.2269136181615325,0.8269019319777968,0.4,0.47483506867606917,1.2,0.6469414842126685,0.35412784752327486,0.4,0.5238159162324759,0.6167930545808097,0.2574574962730046,0.8363606117363603,0.2010989141352256,0.46429747722300513,0.8877973695263879,0.4971178613068115,0.7087873616028526,0.09584345445447194,0.5303653326272052,0.8410281405236026,0.25089431825992103,0.48188025131530754,0.32916730178515335,0.5161301841445401
795397,0.0,0.25065860726869293,0.4808378413931175,0.6808848886593275,0.9099886412855885,1.1523240904987038,1.2,1.920022705614284,0.8590191140840724,0.21211317388344336,0.5078645868433508,0.7088187534187831,0.34829670606609625,0.8153979618470135,0.36916734549172775,0.5220553795983424,0.3,0.1,0.28457376403640855,0.15346499422803517,0.4782777337439875,1.1441814078952728,1.0502488432116175,0.9960192618574899,0.226007291232829,0.5579998563075931,0.7503819616483917,0.3279527849367637,0.7261816979492312,0.3115228395658717,0.5360933653744551,1.2,2.0,0.9076437815451812,0.2671211753092651,0.5155807408761411
623207,0.0,0.23610542618638752,0.4091883328921253,0.6113623929374438,1.0036658865403445,1.2287511033334992,1.2,1.3988295410682385,0.6403010565565316,0.2348317148904749,0.5023400292253751,0.7597100005173858,0.23541989638338612,0.4002831082429994,0.12472101231139154,0.43985039130906256,1.2,0.9498006595392958,0.9086182817067571,0.23882078882450153,0.4644241666051001,0.9069936695677683,0.4052647785135229,0.6032695741671881,0.05,0.46805386893318107,0.47051088736272606,0.2146780526392183,1.0,0.4,0.4845597317051763,1.2,1.7584070897918072,0.8529970382619823,0.3125179808958388,0.4181172682361953
447719,0.0,0.05,0.21919946022524844,0.27675041624598906,0.5345725687907031,0.853937205039873,1.2,1.08846452343376,0.42701532303311224,0.08436798341911392,0.4955201848484294,1.2,1.765787868127552,0.576433099335878,0.2549885138955811,0.589112556882959,1.2,1.7621536945903553,0.8303962225161303,0.2221282695791277,0.5133632363937976,1.2,2.0,0.8251978581473304,0.4,0.5440373686568571,1.2,1.8174596148242148,1.0,0.103024109801164,0.5141648489024622,0.7503395471518386,0.327859483066947,0.8762870353361886,0.08328231048383705,0.5078512180787577
687268,0.0,0.23471129414482975,0.4100023098781911,0.7182119611797814,0.9377994173214235,1.157552761068294,1.2,1.5776508959269009,0.8380754806991481,0.29393367927326214,0.48284222570507007,0.5993186306378678,0.25554319268832676,0.719802731252288,0.1884147421512783,0.48005562422537573,1.2,2.0,0.9634513039770967,0.3320647849411838,0.5784326323511847,0.9873163089169243,0.19926053676369837,0.341948009863963,0.05,0.4597213192538824,1.2,1.1183042361611404,0.5758762087508762,0.3670386558599794,0.5130027103481871,0.9045401326959026,0.5952077423608839,0.920176579749168,0.15852724694860215,0.48999037578517773
414337,0.0,0.15786078099653245,0.3672480320537547,0.6442531142655623,0.7058729269948691,0.9972708984262078,1.2,1.3018840444420832,0.48005593743427344,0.05,0.49035401788395955,1.2,1.1791141150611213,0.7090860520835158,0.29139554117214717,0.5935965279675695,1.2,1.1575044567490946,0.5238699285768593,0.26678910756590324,0.578287943980141,1.1833984011100187,1.122636172276276,0.9613655814077753,0.2974675614961255,0.5639227315946345,1.1657364590126824,1.0616108070286396,1.0,0.3701475824801004,0.4912389628531587,1.2,2.0,0.8626480746378244,0.2501533615143011,0.5616701719478241
138651,0.0,0.2561798545747264,0.5668835855075424,0.7866253915148058,0.9525406842693532,1.1730708287478007,1.2,1.0921623924479094,0.7389183387393086,0.33338989427537036,0.48643803209242026,1.1563521000066155,0.9328529052126077,0.9024753119850765,0.26660975326310477,0.5643669420505347,0.3705454346066542,0.1,0.5443034907918456,0.32510159380068326,0.54202159030508,1.2,1.6041746109295962,0.7519435880407264,0.31225112192364257,0.5598386930148027,0.91823509354074,0.1,0.2,0.10195826149362404,0.5085661902291347,1.2,1.1252426597365446,0.7312857411073366,0.11108075144693455,0.5827562343480707
477305,0.0,0.19439286834037456,0.24439286834037455,0.6004923490299986,1.0174309546826659,1.2911773905011867,1.2,2.0,0.9465706579557136,0.18551630138494912,0.47933269156328173,1.2,2.0,0.9368471483722332,0.1763218378031774,0.5539035531519153,1.2,2.0,1.0,0.4,0.5850816768035848,1.1523524732093728,0.7210476613576114,0.6998927505752284,0.3488525303507534,0.5513626615469206,0.3904874620944635,0.12153571168234342,0.764068841457308,0.3081410060081522,0.5819295418290155,0.3,0.1,0.526964814270445,0.05,0.4705097883338594
792863,0.0,0.2636993326806555,0.548957093791206,0.8390848981103826,1.0464620242651324,1.2205514909327404,1.2,1.444017266167929,0.5983337799553864,0.28775142549096194,0.4917197857260785,0.7216323905870878,0.228930070045982,0.6155155281940712,0.1597153265285281,0.5396204684744002,0.9215608064214816,0.3463242352937961,0.585931334413721,0.05,0.4286677908018406,0.39303646513788204,0.1,0.7440900629763921,0.39818113613215833,0.4692491835917175,1.2,1.7816703578741175,0.8155922633663241,0.3992605803960712,0.5516635587110049,1.1566178087867738,1.135049845074279,1.0,0.18177673186322837,0.5393528449289147
790861,0.0,0.2868060764676478,0.5195011585117881,0.7219846428571163,0.9254746812818486,1.2183326136423969,1.2,2.0,0.8901952684437722,0.16443093284068794,0.4801151673320585,0.5841122310228236,0.22942256355629012,0.9246781415303433,0.26923444743232294,0.5680160112753054,0.37942753024694903,0.12044660668089911,0.8204102379862545,0.4,0.5435298136484277,0.5575247104726039,0.16582992441050493,0.8079934564362995,0.2711874992086686,0.548086450117181,1.2,1.0203907556123735,0.5813157342873091,0.3676940193698057,0.5087256932586465,1.2,1.5248752181374725,0.9456494924353682,0.4,0.5001090203257078
378369,0.0,0.32650020052593387,0.46246255274989667,0.7364814440126707,0.9297126257400153,1.1104855225601127,1.0456567876768308,0.7430055445249649,0.8827745344926997,0.18646889705465236,0.5334721439699246,1.2,2.0,1.0,0.11867274998127997,0.5451811465226513,0.7618910893356325,0.36749492799731864,0.6592779196983577,0.05,0.5532173671228537,1.1938786155475105,0.9680245497507232,0.9455155882204481,0.4,0.48633198531964267,1.2,1.5594571254583447,0.8882251132226995,0.21549141213721554,0.526105643627158,0.8071850406174288,0.5111477977149316,0.8586823530536354,0.24556836387521033,0.551254621608606
211166,0.0,0.19526169353665976,0.24526169353665978,0.29526169353665976,0.5842548504453648,0.669311468399296,1.0205649669464223,0.4914485194015996,0.6158869358967286,0.33723756457910997,0.4838827932623269,1.2,1.353237190660952,0.7769690939560945,0.2549018060063269,0.5376323947648806,1.2,1.3785233734295297,0.816074381476427,0.27475617327584195,0.5492561539456314,1.2,0.6471193786601329,0.42832871958062235,0.4,0.4951481301711492,1.2,1.376861903588735,0.6964213310050299,0.4,0.4934152381895523,1.2,1.2306626892201764,0.6141194633119734,0.2147592215011347,0.47237380205381146
603667,0.0,0.32702640644171255,0.743347720621047,0.909134242818671,0.9814273057158143,1.2629103828963286,1.2,1.6761686190330185,0.7970128831903093,0.29659830559323314,0.5557494200687721,0.34441565984901856,0.1608422062726161,0.839839330293057,0.1881470242293869,0.6075430562089609,1.1682874742226468,1.2594025233125865,1.0,0.3310233387463031,0.5631322986444701,1.2,1.4384287914559246,0.7643015141622578,0.2114318861366553,0.5520422863683516,1.2,1.3511533520474028,0.7428867111045172,0.39751734086314333,0.48263100027272654,1.2,1.4821812625273327,0.6363943413947364,0.3496732878191483,0.4777962422883295
768844,0.0,0.2868354197009633,0.5115736803066936,0.5711225155758654,0.7678199240492194,0.8220344376479042,1.2,1.6730770610941055,0.7142750691130013,0.05,0.5090792382465489,1.2,1.4311320683018107,0.7641291602057809,0.1605767469795015,0.5030334989643078,0.6809196394449869,0.1523331256790995,0.6698455246081608,0.2861665302084321,0.48747867546548374,1.0755328984750137,0.7165823257291918,0.8247133820588759,0.05,0.4644281335194438,1.2,1.299419734193641,0.5040122298230553,0.09375019774200465,0.5738496342212442,1.2,1.4318834984895676,0.5563467643720561,0.4,0.4962258054463396
594407,0.0,0.19964072305960315,0.4975966431198645,0.5475966431198646,0.8534747629661616,1.0705665642684181,0.5961411672518995,0.10516654610185552,0.5428050703761698,0.05,0.4640942765976317,0.6997057989134765,0.3658630819532348,1.0,0.3623653455850404,0.5206973906920341,1.2,1.1608926313242707,0.473778446093591,0.34604231964672916,0.49586429005976884,1.2,2.0,0.8518187737761106,0.3922396134877904,0.49525130425275976,0.5743791027220895,0.11758157995521143,1.0,0.4,0.5213022613020596,1.2,2.0,0.8729108919814395,0.10902084263316275,0.4942623657883102
932793,0.0,0.23812179930176466,0.42368110799310754,0.7337768906919973,0.9950557384172141,1.266554522639296,0.7977812536491158,0.3923943967821239,0.7834749175061626,0.381884986918871,0.5622935659957298,1.1764511130861148,0.9396583686115958,0.9211302389131402,0.3225308461886479,0.5281408164568153,1.0418692891104118,0.5023837485509216,0.6321141561489667,0.19349297492687847,0.4781575546292824,1.2,1.8364578834684824,0.7744643158811497,0.32275466516847756,0.42494613501687395,0.6522629307273872,0.19229147030057528,0.8324447473074517,0.4,0.48123644975960095,1.165685624863653,1.22106708245753,1.0,0.20752997034839937,0.6256481549151236
746039,0.0,0.1951789598481654,0.4786330887299634,0.8122121408617181,1.265783805584871,1.5148214061220517,1.2,1.3219849321962067,0.5884414168912343,0.28441301577154654,0.5029081844856474,1.2,1.8522340668880548,0.7101212444529442,0.3042676727513039,0.45970507904791313,1.2,1.5743644187435228,0.7031402913933085,0.3230467558581463,0.5053014508096441,0.3,0.1,0.89804931385551,0.27281984144278537,0.4928264854747747,1.1508329857172879,0.7882670431436777,0.7610677921225681,0.25687040782128173,0.5726657105109294,0.6545397721000846,0.2581937704314792,0.8782678299236014,0.4,0.4892237375103743
304764,0.0,0.40697066318920366,0.7017518744897939,0.8781589421646312,1.1676898532122963,1.4454715672729224,1.1837357196515257,1.014999674025133,0.9699416336956429,0.14270116055844867,0.42509719320003236,0.7301753702990681,0.41654581937977797,1.0,0.4,0.535907574660555,1.2,1.3346070629833995,0.5518846749899612,0.34329279267738516,0.5484385676533922,1.2,2.0,1.0,0.27033940283819474,0.48773388964398756,1.2,0.9808648285666557,0.5270966445054652,0.18232248808799353,0.5158456234770533,1.2,2.0,0.9125501970948964,0.2574531377411412,0.4730620999706581
289178,0.0,0.2667026117245336,0.4825025651808465,0.8271860457075105,1.0925540491302188,1.2840388698054173,1.05439122420775,0.32189729172818615,0.42579730256444837,0.2742406433001401,0.46510804240628345,0.9182493194752501,0.5173549467839106,0.7704350173556664,0.063913903341758,0.515025952757876,0.6784887353605339,0.3010534172121546,1.0,0.4,0.542476214546065,1.2,1.0672450531755961,0.7549930574164051,0.11881945486317425,0.5860034407827777,1.2,2.0,0.8521234384956369,0.38826936025217074,0.5305862806609446,0.4816470844460994,0.20058570303412615,0.8254517194116584,0.4,0.492782326861761
779030,0.0,0.05,0.2865107686872203,0.5422335662746187,0.9580097770687721,1.400891514378039,1.2,1.8595856408886144,0.8031625258776937,0.22065024637406705,0.5631753478225984,1.2,2.0,1.0,0.3101946962567446,0.5670659585626789,0.6556338766927481,0.23992549568095542,0.6634697827520176,0.4,0.5474043423244443,0.3,0.1,0.9575520208765865,0.4,0.5006983801645171,1.1120079555056843,0.8799447471469137,0.9196897225656884,0.4,0.5781722039485889,0.5006426885864901,0.17926954463376601,0.749109413392754,0.4,0.5636799109618631
975626,0.0,0.2907185789202831,0.5032921812555273,0.666817914074144,0.842713934184067,1.054179365872257,0.8321557817127981,0.6345257210632259,1.0,0.15186223721161443,0.5000347695155148,1.2,2.0,0.9082790585227406,0.3442261999918687,0.4627764378884568,0.3,0.1,0.26933040027270927,0.05,0.3992702944377624,1.2,1.315105807449253,0.6130808419389906,0.33630556218368723,0.48802129906586933,1.2,0.8334875572153728,0.6339857607819417,0.17657746206488364,0.42480322596541115,1.2,1.4493161931060277,0.7529347837433032,0.3103592749743832,0.46230219927123456
761373,0.0,0.29348091507547297,0.5817362863058257,0.8468310978887823,1.1615638309781553,1.5032555494551993,1.2,1.836471526999262,0.844405283885937,0.08241105683425456,0.4602106861875407,1.2,1.3285921708447694,0.6418259794114175,0.18608768867444417,0.5408502981157037,1.2,1.1227107480440084,0.6849494782800858,0.18586895078053584,0.468297012797305,1.128557190744507,0.8720440767551291,0.8184051152168591,0.3084167016853895,0.6156629437006553,1.2,1.9493729011541359,0.8062189442697563,0.11104586095422389,0.519859956796909,1.1628470479043571,0.8267483662227051,0.7685431277022761,0.24216232405411608,0.5863631996621104
207063,0.0,0.4097388285550423,0.6145608746467274,0.8089997675371131,1.1314750925851031,1.3181271914469315,1.0203813547649785,0.6854751557740186,0.7747010529404587,0.3030845488785159,0.47771155003103416,0.41239841267637545,0.11153259004078261,0.7555437459002701,0.38767501730498793,0.543565319777306,1.2,2.0,0.8393158065798008,0.13523214696165875,0.5352661390243496,0.5759059187810545,0.12277754866198172,0.6050235188824125,0.08023603577539318,0.510288704399614,1.2,1.2985908175438294,0.652315642624246,0.34774816419097954,0.5166483842873506,1.1561348005817016,1.007036337506621,0.8942914883375954,0.15856122551019314,0.5278941818694272
761490,0.0,0.29401807208707614,0.5565251971952965,0.7381321349189078,1.06451961314474,1.3097782570786585,1.2,1.7719675045201173,0.742253293919934,0.330370528339043,0.5325996541100537,1.2,1.5246227434021564,0.74757423025157,0.22211767167193625,0.5723920054825319,1.2,1.5287542542041905,0.8923111934231578,0.4,0.479651293128721,1.2,1.7706731237945985,0.707742620243951,0.06391664384793952,0.4226313691721909,0.824442493437039,0.48242744189780895,0.7737653005647558,0.31727268142062576,0.508096946729521,0.397277784975792,0.1,0.8970885731181297,0.05,0.6296112681162017
967691,0.0,0.17501949381224233,0.48154761563398796,0.7859366511175242,0.9696786951480129,1.3130656568408057,0.6652496263009309,0.43764318074159114,0.9024001258452731,0.30108401685249164,0.526016830739727,1.2,1.8170483718326522,0.8452026502715557,0.4,0.5521409535910895,1.2,1.8425908096554109,0.7588043989148311,0.30437587031895735,0.44541213560342274,1.2,1.223817782611136,0.6694289292832694,0.18725031904784936,0.555818874175611,0.6746275200966212,0.4123554730116734,1.0,0.12869779414530522,0.5270254063515002,1.2,0.7930069154894993,0.555085585247416,0.4,0.4783082985152176
593074,0.0,0.2090488860158855,0.5032559047323082,0.9502259980735703,1.1517078396024856,1.2997455214058335,0.3,0.1,0.641344663744229,0.08787901111585582,0.5021716507781304,0.8989602050890997,0.5741103160746046,0.899144292092406,0.21888800271451814,0.538801082500033,1.1426881631295402,0.9453247657037933,0.9179473488886274,0.26828277772211706,0.4952650550937995,0.36907700865489945,0.11779720242995079,1.0,0.1296054269984379,0.5506076979452619,1.2,1.5570091383275744,0.6983191098378012,0.35453278275774486,0.4698876153617572,1.2,1.9535459233006085,0.7483733528859835,0.0844560195018225,0.5077199427050828
299624,0.0,0.28376478698282737,0.33376478698282736,0.48854003323334344,0.7258436394543788,0.9600166951453899,0.8492690500899511,0.45612168173655093,0.6802922283106891,0.05835248600881024,0.5098818831685434,0.8779568932893476,0.4968299355676561,0.8072461130017582,0.4,0.5575501413898194,0.7377107719850072,0.2908008805175124,0.7840974007382976,0.3332498651500158,0.5211113438038509,1.2,1.1485921924833113,0.5639149091095866,0.13429207271184007,0.4982165040036563,1.0055762385124478,0.6933223430003327,0.8731157422602118,0.18529393064946062,0.4473340679378571,1.2,1.8543834830000552,0.6876927194145406,0.22644143948456857,0.4359857936122225
616047,0.0,0.28398662094067106,0.5832527377192473,0.9085194061321262,1.2169999906538789,1.3919465557117563,1.2,1.0306655764683312,0.548756893594152,0.4,0.523152722228501,1.2,1.0825074979775704,0.7346167865033754,0.15263245677043089,0.5432294815220934,1.2,1.3610764473176293,0.6815425867394662,0.1996156937833353,0.5486603943049125,0.4499831403103338,0.13967430148344223,1.0,0.2867643213742552,0.5129735130590067,1.2,1.0160223184254566,0.463366796306539,0.18953241122413272,0.5163535615233795,1.2,1.9476676842621061,0.8391136009858303,0.17855626278189288,0.5521524115057651
837355,0.0,0.29627343233164655,0.6329353804660027,0.9705542069955253,1.1783499031542615,1.2283499031542615,0.9733708810116832,0.566471827798544,0.7922976413279431,0.1912972389560732,0.4539671017928129,1.1002966789734028,0.91164296071375,0.9857048820682924,0.4,0.5941060776384024,1.2,1.811623216100538,0.7646582604480914,0.15798176200853226,0.4961471508568631,1.1674485817394242,0.9661914207706296,0.8121178272561367,0.38215300387609125,0.5799081128559795,0.3,0.1,0.8387007764452905,0.05,0.43170093896815054,0.7938790388078014,0.36721895129410465,0.6960800996736147,0.3404866138876206,0.4319557264614777
303275,0.0,0.44209624132837444,0.8355483281456784,1.0269310207720634,1.315891060505569,1.5535893841325745,1.1182810815791375,0.9781132614460495,1.0,0.21780867049625668,0.5843147740823216,0.40198744105001943,0.16205898538165814,0.996605934595947,0.08465685312532381,0.5624558766381129,1.1510755481415205,0.9570273172981897,0.956508116046815,0.25297783044540634,0.5499079173422446,1.2,1.4149048342080301,0.7873109783072476,0.2887078263206877,0.47328834691738925,1.2,2.0,0.9287526120670895,0.05,0.5632969078329882,1.2,0.53258914440843,0.3038981008838383,0.05,0.4729891044786407
743644,0.0,0.19190205094050097,0.5092944958877108,0.6733425298689487,0.9656144193987233,1.0156144193987233,1.2,1.974677179142097,0.8627892391021336,0.0816172126473762,0.5274876440996071,1.2,2.0,0.9292825589002858,0.1560720316669945,0.5258559834723384,1.17329876809283,0.9436521358103596,0.8525718255598619,0.2750679641130217,0.5957046688211043,1.2,1.1081804352924125,0.5795896452089214,0.05,0.48745802583966286,1.2,1.0443276476840444,0.39399497052524424,0.29626606980873044,0.47768571831526074,1.2,1.0084796142631232,0.4152016984999146,0.3216523691475669,0.471283546496368
444652,0.0,0.06557666427551433,0.11557666427551433,0.36904680422466196,0.5352577235342387,0.7479114374359703,1.2,2.0,0.9279377883624559,0.3455988789396195,0.5012017395774349,1.2,1.6191553860853638,0.6485198189439401,0.1012964432401892,0.4537256752978006,1.2,0.8201806731064246,0.32053526145670247,0.05,0.42923989434578835,1.2,1.6604985827523568,0.8372287279209104,0.26706462735884146,0.4678327982164515,0.3,0.6336049473641995,0.7012281922845262,0.27440681904892467,0.4355572143013104,0.8179410060743812,0.42552041308253563,0.8028896000130048,0.05,0.45660655394880867
241294,0.0,0.19937262346314322,0.38202348612708603,0.5545181108758919,0.8584003348488929,1.1197236608766405,1.1784987731659056,0.9803656051014196,0.7894971911322795,0.07491734583447354,0.4319598393729548,1.2,1.4297565142638904,0.5304270954449333,0.05,0.48779416874251147,1.2,1.2159163828004615,0.745026502218598,0.05,0.5136947255897967,0.8508390595368532,0.38760860785183915,0.5260767707819716,0.27308020186199017,0.4789845697693541,0.889445784897043,0.6854141528344389,1.0,0.30448205001910755,0.49036923992698317,1.2,1.5068139168572068,0.606703956722349,0.05,0.46997563953290233
681411,0.0,0.254729049261833,0.537328296518415,0.7233062460040456,0.9240323326179858,1.0046687145572826,1.2,1.209492443635841,0.5691950791315195,0.23554917408423948,0.5038096282736977,0.8680942041452473,0.44917335296864436,0.6304352967183612,0.19515741849708984,0.47985429959275505,1.2,1.1138794422746898,0.7403680680519993,0.4,0.5182220247384712,1.2,2.0,0.7942980161615355,0.4,0.5065646217954483,1.2,1.0344986227024369,0.6386892079033868,0.29445844361222906,0.5631743635417202,1.2,1.1183539184395486,0.7474655509785323,0.05,0.48639229926978017
701599,0.0,0.22951446026543873,0.6595856436626379,0.8671667129010405,1.0743132419209591,1.1243132419209592,1.2,1.9303553291710462,0.8282898588797392,0.2487282974856615,0.5844190010389461,0.7528768044143601,0.247310006793242,0.6816104633256,0.23282094780341067,0.5260714057347948,1.2,1.0389595026070533,0.6696358687092644,0.10341336939388143,0.5091029792749889,0.678582376018463,0.2356022738453675,0.7241495199505233,0.23536203224872582,0.4820638380486074,0.772366964359703,0.4687329252491379,0.9551815963230121,0.21744217408880834,0.5581888570839524,0.7493688347564263,0.3747356489603083,0.8277797366280388,0.33694488126703587,0.5291563398461028
770661,0.0,0.05,0.2947280741543197,0.5681675770960504,0.6390401488928383,0.9586006138878201,1.2,2.0,0.8826736791487226,0.1963702354248581,0.576307705806593,1.2,2.0,0.9579613165438673,0.2882422713845381,0.46611605277686674,0.5226655873323198,0.1440976929300411,0.6390946526332573,0.11432075247151721,0.4827548154812497,1.2,2.0,1.0,0.13675826923850687,0.5160080828804099,1.2,1.8151425813888717,0.8526195130034321,0.1554538582313616,0.5236914764946823,1.2,1.6840545827035787,1.0,0.22533789816644223,0.5741248331491483
711609,0.0,0.2717700220406333,0.3425883729432359,0.629826592054471,0.9226318254720303,1.1722507330751895,1.2,1.7452989900159765,0.7154690412816429,0.05,0.5256879899519313,1.2,1.3137400848242888,0.8505906057433767,0.2544234004431348,0.5942528118797429,1.2,1.0574640154108979,0.6999654904744164,0.24852968398764103,0.4238020198209575,1.2,1.7263019683651013,0.8263451054276639,0.2719497789312195,0.4701839010572976,0.3,0.1,1.0,0.281958004326656,0.5505393616922656,0.7840090112151619,0.4445532716526799,1.0,0.4,0.4880948675037365
333241,0.0,0.06083332212909499,0.110833322129095,0.2756406764748328,0.45898650733996016,0.6753794973877949,1.1833297952519288,0.9686121559141943,0.8687043622327603,0.39493283090560705,0.5241483324069555,1.0994452915933668,0.8107271437503206,0.8087231847585322,0.3260878345025473,0.5568374157920575,1.1527220349762488,0.7268874343735974,0.6975966457388557,0.36179695620225555,0.5650408353215226,0.801859204828472,0.32542619825809643,0.6204265608503698,0.4,0.5101667715626917,1.2,2.0,0.8959961579981335,0.3017785410955922,0.5350607604481719,1.2,1.0692829417058674,0.6834826266822469,0.05,0.5368268234535607
522537,0.0,0.15153607445447298,0.21142398706620696,0.39466618522464825,0.6062621220728277,0.9512936800316054,0.7894923750742675,0.1567004896041878,0.41683287503645305,0.16200453056136963,0.4664003520313864,0.9370251619511439,0.5486858629825762,0.7477525231861162,0.21734528118578267,0.5376047521490462,1.0280388777654403,0.3892971371626777,0.5245999828936988,0.06685609046637976,0.4586353821660968,0.3,0.1,0.23642900977776765,0.23744809197105196,0.49315026431988335,1.174362000434628,1.2284526158060243,1.0,0.4,0.5023269485020954,1.2,1.717070167563806,0.7302484862366871,0.05,0.47299286422832426
881989,0.0,0.05,0.3529412418177724,0.6792407168088188,0.8633170273943941,1.0493989268065909,0.6486888539327935,0.3248213187739472,0.9747394431780018,0.19652188392557446,0.5358847744372855,0.6462998970597589,0.2796249045954077,0.958126763896241,0.4,0.4619227045845923,1.2,1.3516231582099376,0.941549182344972,0.3051330767900384,0.5148826324582219,0.6274448910718264,0.23071572396902795,0.6103371688317352,0.32145774374214425,0.46103751625783496,0.6760412855673485,0.26252750227470684,0.6937824978297066,0.31953576305614195,0.46620430727765694,0.7750852016249469,0.4217140004015314,0.9184470320619067,0.2632058309854902,0.604726037961593
650030,0.0,0.1731733071962742,0.4649418927698845,0.5149418927698846,0.9656980797823791,1.4063973077002783,1.2,1.528698567375579,0.7223999493571176,0.20316498895076812,0.5444416546242061,0.3,0.31723961945595935,0.6366868691547161,0.27287636766136747,0.4541367827043263,0.4221423162907007,0.1321278593060318,1.0,0.3121483183488809,0.5516028781338439,0.47248413159845437,0.12357351923765209,0.886861818332835,0.4,0.48430699435970215,1.079944410150037,0.7833410578760638,0.8935134747145452,0.2511843090528968,0.5660064850237689,0.3895537009569655,0.1,0.7300079800702793,0.4,0.5060219249366007
382460,0.0,0.29281050151922144,0.5724952389705928,0.7892983739700957,1.0426687043168932,1.332021026601679,1.1118924683924674,0.9654307907382378,0.9565050728182484,0.26011838970109064,0.5226672175332002,0.7325798299027526,0.32383690860509,0.721272173831712,0.05886379491487362,0.5142026697760551,1.1303560753802808,0.4381273490856803,0.42420438172755615,0.05,0.47847367875937297,1.2,1.9332949706697717,0.7296532780102526,0.11712864355612196,0.503658853872309,1.2,1.8298636224121154,0.9063843982137275,0.25012326571591564,0.5203496103557008,0.8468364301074276,0.6120476705468773,0.978375796379487,0.3647630418312586,0.516481675566102
838853,0.0,0.27103151387241076,0.5953104240050396,0.6756016927617685,0.8387980994392523,1.036031140646115,0.3,0.1,0.8295600460454547,0.1367461534809858,0.5137712368711639,1.1632615133657433,1.0269322302322768,0.9767838420621351,0.09224524674866441,0.4789010152909526,0.5738804324204133,0.3332386928210439,1.0,0.23609996298737054,0.5499934427002787,0.3,0.1,0.6620900430665492,0.3285886249624553,0.5264070212741543,0.3,0.1,0.3576456325659186,0.4,0.48872244080565347,1.1887450979003638,0.8152986109543071,0.7895994922208874,0.2693624792684485,0.5485337554744312
037974,0.0,0.4007552771012285,0.7608212696315833,0.9983573663285443,1.255879894317017,1.4106105052048974,0.3195243006203763,0.1,0.825488650144304,0.39457820288657447,0.5079237594787187,1.1810912629393573,0.9399584277234927,0.8151975212761032,0.3092128928739669,0.6196603104708803,1.2,1.1524283628362735,0.5545673960805462,0.0870782206525775,0.48074007268860525,0.6869417846564967,0.24657306904072576,0.6856748529602064,0.284133498457397,0.5630749475633663,1.2,1.7868538574957689,0.8013777596329352,0.3538374986423168,0.5067801375607462,1.2,1.4944061367523145,0.597448102387779,0.33762185136936357,0.48437754446372183
676902,0.0,0.29333892579328824,0.5919387836975121,0.7600666848694195,0.9487497464009294,1.3046755609436522,1.2,1.1486910627363394,0.5858537048314177,0.16342669494466994,0.5179322121691797,1.2,1.9656882624196779,0.868014738252542,0.05,0.5142721458978163,1.2,1.3188053390112606,0.6415178617784631,0.1288316051035748,0.5381382106812164,0.9052118344957114,0.6757666320516345,1.0,0.4,0.5371221470544548,0.48923582396269927,0.23137597870787904,1.0,0.4,0.6039841823804124,0.9350233008140056,0.28635106371796226,0.494515668260215,0.17205647658930384,0.43391006236702784
358344,0.0,0.2124560785246198,0.3912577708946883,0.670940435928697,0.9617138213546843,1.0117138213546844,1.2,0.983774380982131,0.9154815020252678,0.19264876404370018,0.5318463098468083,0.5379155016483224,0.1,0.3105939329553523,0.05,0.4742624310293017,0.3608243093248981,0.1,0.5818240439468124,0.2792068015031388,0.4829949949223879,1.2,1.0817206958955674,1.0,0.10520894579199347,0.516070702481951,1.2,2.0,0.8403526552655111,0.2518083241848604,0.5025593264665725,1.2,1.4619804198371824,0.5845919776789384,0.35870669253846,0.46288665024547676
566054,0.0,0.20035226752255955,0.25035226752255957,0.6027972093992773,0.9008584006595195,1.0744563244222367,0.3,0.7708651958953432,0.7959475199729624,0.2503809592107968,0.4744523999695473,1.2,1.1727173326044664,0.6278260802552367,0.27921464933537177,0.5361459655608309,1.2,1.6707779605946522,0.8554271724994845,0.4,0.5193516561094333,1.003478332507743,0.7139936635561621,0.8398298757141973,0.26637141008595716,0.5780851851685027,0.5906516072545289,0.1349784984458041,0.560802915496017,0.05,0.4481469747439551,1.2,1.4493474286397081,0.6188044881404489,0.27637250666623836,0.5098194521937766
339822,0.0,0.0642970278048734,0.31508386948500605,0.49459531760547604,0.7420111510980798,0.8106153135724526,1.0961435835005071,0.6910953370549996,0.7677128820971088,0.2834153556239773,0.57799405770311,1.1599370569010814,1.0640444130120925,0.990307664543353,0.3167866748350215,0.5069361658639131,0.7385395586044206,0.38903423707711765,0.9881734013432585,0.3110353127536808,0.5871072953187239,0.6659629611465331,0.4676661120505003,1.0,0.05,0.5247790957147551,1.1530606941927053,0.7453764442844673,0.7565756662720091,0.3038495320454683,0.5025974104293599,0.9108676941122702,0.44717489975916946,0.6112546163131617,0.18184511987612262,0.4717266788780554
108299,0.0,0.4010690175735614,0.5974623942327615,0.8625446579520522,1.18491210881689,1.23491210881689,1.2,0.9229142824920001,0.6466171892116285,0.2689806639429369,0.46642701867003444,0.5317091709113264,0.20627859716464603,0.9005836066779457,0.25898388263518185,0.5034433572814878,0.6231872775113554,0.2567989838491245,0.9079974287860033,0.4,0.48958415525105503,1.2,0.994417484674225,0.5936925903673733,0.05,0.49367391913538045,0.8640006091599299,0.5778014299313486,0.9237717511959307,0.3837492325173915,0.5868533530181437,0.812485822156195,0.3643964392975224,0.584392393222456,0.19030163188048344,0.5187173564402142
987831,0.0,0.19995200355322632,0.34470125911325883,0.4874541259627207,0.7832167488834549,1.0610575183579802,0.5842075441274363,0.16434909454548563,0.9860585211702737,0.3765326752560056,0.5557711143904757,0.3769238838352829,0.1,0.6425269633729933,0.10673693735293789,0.43061568473337747,1.2,2.0,0.9582052189583165,0.18030734032282555,0.5819460984060223,0.3,0.1,0.5980020997983089,0.1057262772705619,0.47776238273703325,1.2,0.949407017224841,0.7530479720983804,0.4,0.5130417729127967,1.2,1.38222638891472,0.7824386926512388,0.3716371843727139,0.4724368618788131
462491,0.0,0.2528764232756426,0.48106990138700945,0.7007947184093674,0.9642552645581728,1.2681868817251176,1.2,1.9396706098307002,0.7389628422592123,0.38682610721326377,0.5254530590315187,1.2,1.115636684310224,0.5288033022888016,0.07646097070030816,0.45900146842152795,1.0694893348539134,0.5622832851460104,0.5983512985848047,0.16094514887251565,0.5306041576214963,1.2,1.6461160192594275,0.6068143552713365,0.15291133698022935,0.470506178250986,0.7799289803140569,0.5380063527694336,1.0,0.1221084999566984,0.5684304442915693,1.2,1.3510113509285058,0.904540205117378,0.2787175343117655,0.5333886098274081
677212,0.0,0.30857060934093505,0.3711064506779601,0.6860330141157369,0.8454589024194451,1.0398215619925666,1.2,1.4060080274655784,0.6359133739536484,0.4,0.5168832167532376,1.2,1.8556082157301654,0.8568392826700845,0.3698962355573849,0.5754559158750595,1.2,2.0,0.9750269468279922,0.2233606636866891,0.526677755931645,0.6482105720571383,0.17627153989353755,0.24331076035081384,0.05,0.5742688227931203,1.2,1.0355835048544413,0.6725256334838479,0.4,0.4846661036969713,1.0993582985425208,0.7350385061702763,0.7348200614944304,0.32576623484459577,0.44715548381352854
152890,0.0,0.24877255373600593,0.40994884627779943,0.6559969038901845,0.8175090721870915,1.0130102107634409,1.2,1.4366865715440744,0.8628856280155994,0.07822679204658844,0.5455233539296175,0.3,0.1,0.20965497522158355,0.1330306313586992,0.4815020898993272,0.8934198405998199,0.245672909414846,0.3703372360185103,0.3954621108028389,0.49779264668872014,0.7717196064229048,0.36171072915681973,0.7468821630546224,0.1744880953863146,0.4940971797721527,0.801996882670434,0.3934227452969898,0.8054295511419798,0.4,0.5157253531251164,0.8260851404915202,0.42327208442459796,0.9705823404535903,0.4,0.5666292337320258
729559,0.0,0.26619378371054525,0.546444190694243,0.7417349845431721,0.7924101006857949,1.0022847237131507,1.2,2.0,0.9453217261410579,0.32401239823888917,0.49765507266641,1.1723624603758125,0.8528049015169481,0.8527560185374468,0.05,0.4900356064678653,0.5789943053217735,0.2711124573678426,0.8182502699374034,0.30991932799070343,0.5100510849316068,0.3,0.1,0.3183460907118606,0.23943813212855675,0.5467485066603904,0.9043278208878067,0.28369844547500944,0.4015684682635743,0.05,0.46486989021871783,0.8675477248884496,0.4322903279709024,0.892203974406387,0.2827448610416901,0.5327169415003258
435365,0.0,0.3101554332630634,0.5384926434863082,0.7503004368077408,0.9311582821213158,1.1317438404650888,1.2,0.7749801324691588,0.30979927993894063,0.3655156599176921,0.5223660745020989,1.2,0.8518952953441886,0.7282039591636423,0.32698649278071856,0.5586617313683524,0.5160886074332196,0.1,0.5102374048423396,0.05,0.4955539284162613,1.1426984480984765,0.903255086187086,0.8751573828350023,0.19365761159411954,0.46886320865907827,1.2,1.368521224310451,0.6158419838582592,0.2870827124482528,0.48931913748843775,0.3,0.1,0.5347944711670978,0.05,0.4559042710210168
976382,0.0,0.2411997405916287,0.5246433620356106,0.683279218732776,0.9991592538536784,1.2415667882456043,0.7138024769650066,0.3351767003007873,0.7669621539264531,0.20204206916020445,0.5645801476434783,1.2,2.0,0.922464492472169,0.14532568554252795,0.5622515918301535,1.2,1.3249449304308578,0.6550291421265599,0.4,0.45288301532173303,1.1220101794684596,1.0317598372621173,0.9926828481083168,0.3681235124796845,0.5639458060517512,0.6931596430613408,0.3476148967126059,1.0,0.07848231721317098,0.42878778227216124,1.1130337236955947,0.6656657803829987,0.6723403647554913,0.07298668591079933,0.5058942182998309
024154,0.0,0.3766989893073412,0.6100732398211739,0.8153385247372523,1.0421267943989814,1.2271634337468391,0.4216187972303976,0.1,0.9986063986525658,0.3463783365844467,0.5318292822890339,1.1067888286410668,0.30848610257402964,0.358667160621223,0.12907013069461082,0.5448939555247726,1.2,1.835884846841355,0.7547053819881554,0.05,0.5460226245704335,1.2,1.4904149153484125,0.876386341764432,0.29702611446671573,0.5543366103062897,0.34720909963499674,0.1,0.31522214441185714,0.18556172192637216,0.45550032289961623,1.2,1.8007332381200214,0.6344715500320901,0.2643108395937063,0.5081664998619585
692901,0.0,0.2009369662686241,0.5455303044307899,0.8623074352413077,1.0499267197226638,1.4758096795872082,1.2,0.7611978477933524,0.38355592532815325,0.24541081208419557,0.5983447002707711,0.707932103059501,0.3579215445459937,0.9516239414409859,0.4,0.5140295321880332,0.9931231509176409,0.4385089040405098,0.48664237490434037,0.05,0.5787833957327715,0.7468477432901102,0.5333789765683765,0.9961187971342087,0.14805624140197318,0.5655974139900548,0.3,0.1,0.7549107185180102,0.35687851461606324,0.5192027598444721,1.2,1.6301615654485693,0.9003582939856863,0.4,0.5819886063066848
082066,0.0,0.17424422828674316,0.45655379630690207,0.8684647335793295,1.1884619012428512,1.2450441668244046,0.33506290928835447,0.1,0.9396067651951346,0.16725814011363196,0.5603634872004697,0.7017420537498819,0.2972239675490185,0.5688125583316694,0.24592964650289484,0.5034387057195686,1.1827562637881344,0.47191579529181843,0.38266018004994007,0.17804559081638144,0.5401841610294748,0.5014569168693894,0.19716656759443335,0.8184167627467681,0.4,0.5497881403357633,1.2,1.0501145514271275,0.5666952603882008,0.4,0.5919685457674414,1.2,1.2302114886130053,0.6848613166000117,0.25728956051293733,0.5665459567305624
151733,0.0,0.22254886345303948,0.4199790668157742,0.7204350064541267,1.070746027404635,1.1308317379681994,1.2,0.8908717375737271,0.5914640666547419,0.4,0.46595011123789815,0.4226281252823336,0.1,0.5506483113482001,0.15371079133968368,0.5155954000060233,1.2,0.7130429611782394,0.4603591786051041,0.12170662413669955,0.4947104684911114,1.2,1.7369201662341793,0.7100576329873755,0.06889512079635332,0.4193741224527935,1.1870748818737185,1.111101161519985,1.0,0.3197594670888885,0.5439957510964962,1.1935038697581308,1.1144625744875327,0.9061289610784298,0.4,0.5586893492216172
884319,0.0,0.05535523974645884,0.2952936187764108,0.5993853499182119,0.8935510050554379,1.2373564457032575,0.9642569118607199,0.46085763722755413,0.6790128752732645,0.10436047938747164,0.5516894987586449,0.5807850252513158,0.23939312779800243,0.5924802211347084,0.36942859185632826,0.5376641143773168,1.2,2.0,0.7170798300381098,0.23983845614354662,0.4565719620107021,1.1499259623924274,0.9129576890700092,0.9065636538185466,0.24764988504624671,0.4767412670352498,1.2,0.9855911819762946,0.6914035733536246,0.08339199590925392,0.5326143450301871,0.6557102161101193,0.34742044648232795,0.9538756477289642,0.3009044952818067,0.5017338933796472
280017,0.0,0.22895514285719976,0.40532474018145115,0.48347123522607616,0.9009517973729015,1.194555886860364,1.2,0.7604183506674347,0.5188575341786421,0.07136319285826037,0.45161846696395286,0.6775048130216338,0.2564790364898956,0.6347011326723999,0.06441033006791866,0.5571990385518585,0.5781005072737728,0.14707414085715964,0.6220558214721008,0.22488455879512753,0.5940922442249406,0.3,0.1,1.0,0.341326049970268,0.5193605539873628,1.2,0.8950251898539676,0.639513609626182,0.2935892916520426,0.5414103067445335,1.2,1.6634476527732767,0.7786008340090258,0.1920804694530109,0.4906108332313883
629915,0.0,0.2176172231995163,0.526074932056918,0.5760749320569181,0.9425606656691102,1.1651815404670305,1.2,1.7166636814180403,0.9343631812591271,0.10548831447092324,0.5479742892190702,1.1162532105928702,0.8168243915083897,0.8095921399491132,0.3057254806937362,0.5055272474547772,0.8212560803294325,0.4814107425593025,1.0,0.4,0.5547330268271154,0.4994097426999258,0.26808660546453733,0.9853811241773757,0.33299707528460515,0.5173311894018281,1.2,0.6703967518739471,0.46127133868065084,0.31076044325977153,0.608852100591449,0.838103897883391,0.38901278721996113,0.6473195428488566,0.10592439744298483,0.4482493686989002
838193,0.0,0.32728835352356966,0.6104733623772431,0.9075423735499293,1.255364426835571,1.5090343316788688,0.37024690381183306,0.1,0.7150400522622004,0.099285286496,0.5210477389424063,1.1735239044906305,1.0361732067939715,0.9232306888730695,0.23679468876963777,0.5310256301341945,0.6120675134585332,0.20657161022163512,0.5709791076871886,0.22830705065305135,0.48171951624484677,1.2,1.0825841619429715,0.6967243902143709,0.35595413981601975,0.5411411307001657,0.7770433979228631,0.3524472808539554,0.8849903208254551,0.4,0.48594365583126675,1.1710506738754707,1.0989853272639925,1.0,0.3834289842042119,0.490462860860171
